Unnamed: 0,key,sentences,,,,,,,,human query+ features,only feature,only human query,without fintuning,,,,,chart,hardness,table_name,vegalite_spec
0,4,What's the breakdown of how many students are advised by each faculty rank?,,,,,,,,1,1,1,1,,,,,Pie,Medium,Faculty,"{""$schema"": ""https://vega.github.io/schema/vega-lite/v6.json"", ""description"": ""Vega-Lite chart for key 4"", ""data"": {""values"": [{""Rank"": ""AssocProf"", ""count_"": 2}, {""Rank"": ""AsstProf"", ""count_"": 18}, {""Rank"": ""Professor"", ""count_"": 14}]}, ""mark"": ""arc"", ""encoding"": {""theta"": {""field"": ""count_"", ""type"": ""quantitative""}, ""color"": {""field"": ""Rank"", ""type"": ""nominal""}}}"
1,5,How many students are advised by each faculty rank?,,,,,,,,1,1,1,1,,,,,Bar,Medium,Faculty,"{""$schema"": ""https://vega.github.io/schema/vega-lite/v6.json"", ""description"": ""Vega-Lite chart for key 5"", ""data"": {""values"": [{""Rank"": ""AssocProf"", ""count_"": 2}, {""Rank"": ""AsstProf"", ""count_"": 18}, {""Rank"": ""Professor"", ""count_"": 14}]}, ""mark"": ""bar"", ""encoding"": {""x"": {""field"": ""Rank"", ""type"": ""nominal""}, ""y"": {""field"": ""count_"", ""type"": ""quantitative""}}}"
3,9,What’s the count of faculty members for each rank?,,,,,,,,1,1,1,1,,,,,Bar,Easy,Faculty,"{""$schema"": ""https://vega.github.io/schema/vega-lite/v6.json"", ""description"": ""Vega-Lite chart for key 9"", ""data"": {""values"": [{""Rank"": ""AssocProf"", ""COUNT_Rank_"": 8}, {""Rank"": ""AsstProf"", ""COUNT_Rank_"": 15}, {""Rank"": ""Instructor"", ""COUNT_Rank_"": 8}, {""Rank"": ""Professor"", ""COUNT_Rank_"": 27}]}, ""mark"": ""bar"", ""encoding"": {""x"": {""field"": ""Rank"", ""type"": ""nominal""}, ""y"": {""field"": ""COUNT_Rank_"", ""type"": ""quantitative""}}}"
4,14,What’s the count of faculty members for each rank?,,,,,,,,1,1,1,1,,,,,Pie,Easy,Faculty,"{""$schema"": ""https://vega.github.io/schema/vega-lite/v6.json"", ""description"": ""Vega-Lite chart for key 14"", ""data"": {""values"": [{""Rank"": ""AssocProf"", ""COUNT_Rank_"": 8}, {""Rank"": ""AsstProf"", ""COUNT_Rank_"": 15}, {""Rank"": ""Instructor"", ""COUNT_Rank_"": 8}, {""Rank"": ""Professor"", ""COUNT_Rank_"": 27}]}, ""mark"": ""arc"", ""encoding"": {""theta"": {""field"": ""COUNT_Rank_"", ""type"": ""quantitative""}, ""color"": {""field"": ""Rank"", ""type"": ""nominal""}}}"
5,21,What's the gender breakdown among assistant professors?,,,,,,,,1,1,1,0,,,,,Pie,Medium,Faculty,"{""$schema"": ""https://vega.github.io/schema/vega-lite/v6.json"", ""description"": ""Vega-Lite chart for key 21"", ""data"": {""values"": [{""Sex"": ""F"", ""count_"": 3}, {""Sex"": ""M"", ""count_"": 12}]}, ""mark"": ""arc"", ""encoding"": {""theta"": {""field"": ""count_"", ""type"": ""quantitative""}, ""color"": {""field"": ""Sex"", ""type"": ""nominal""}}}"
6,32,"Which aircraft have won matches, and how many times each?",,,,,,,,1,1,1,1,,,,,Bar,Medium,aircraft,"{""$schema"": ""https://vega.github.io/schema/vega-lite/v6.json"", ""description"": ""Vega-Lite chart for key 32"", ""data"": {""values"": [{""Aircraft"": ""Robinson R-22"", ""COUNT_"": 2}, {""Aircraft"": ""Bell 206B3 JetRanger"", ""COUNT_"": 1}, {""Aircraft"": ""CH-47D Chinook"", ""COUNT_"": 1}, {""Aircraft"": ""Mil Mi-26"", ""COUNT_"": 2}, {""Aircraft"": ""CH-53E Super Stallion"", ""COUNT_"": 1}]}, ""mark"": ""bar"", ""encoding"": {""x"": {""field"": ""Aircraft"", ""type"": ""nominal""}, ""y"": {""field"": ""COUNT_"", ""type"": ""quantitative""}}}"
7,33,What’s the distribution of description counts across the aircraft?,,,,,,,,1,1,1,1,,,,,Pie,Easy,aircraft,"{""$schema"": ""https://vega.github.io/schema/vega-lite/v6.json"", ""description"": ""Vega-Lite chart for key 33"", ""data"": {""values"": [{""Description"": ""Heavy-lift helicopter"", ""COUNT_Description_"": 2}, {""Description"": ""Light utility helicopter"", ""COUNT_Description_"": 1}, {""Description"": ""Tandem rotor helicopter"", ""COUNT_Description_"": 1}, {""Description"": ""Turboshaft utility helicopter"", ""COUNT_Description_"": 1}]}, ""mark"": ""arc"", ""encoding"": {""theta"": {""field"": ""COUNT_Description_"", ""type"": ""quantitative""}, ""color"": {""field"": ""Description"", ""type"": ""nominal""}}}"
8,34,Could you show a chart that displays how many of each aircraft description there are?,,,,,,,,1,1,1,1,,,,,Bar,Easy,aircraft,"{""$schema"": ""https://vega.github.io/schema/vega-lite/v6.json"", ""description"": ""Vega-Lite chart for key 34"", ""data"": {""values"": [{""Description"": ""Heavy-lift helicopter"", ""COUNT_Description_"": 2}, {""Description"": ""Light utility helicopter"", ""COUNT_Description_"": 1}, {""Description"": ""Tandem rotor helicopter"", ""COUNT_Description_"": 1}, {""Description"": ""Turboshaft utility helicopter"", ""COUNT_Description_"": 1}]}, ""mark"": ""bar"", ""encoding"": {""x"": {""field"": ""Description"", ""type"": ""nominal""}, ""y"": {""field"": ""COUNT_Description_"", ""type"": ""quantitative""}}}"
9,35,What’s the count of award‑winning aircraft for each name?,,,,,,,,1,1,1,1,,,,,Pie,Medium,aircraft,"{""$schema"": ""https://vega.github.io/schema/vega-lite/v6.json"", ""description"": ""Vega-Lite chart for key 35"", ""data"": {""values"": [{""Aircraft"": ""Bell 206B3 JetRanger"", ""COUNT_Aircraft_"": 1}, {""Aircraft"": ""CH-47D Chinook"", ""COUNT_Aircraft_"": 1}, {""Aircraft"": ""CH-53E Super Stallion"", ""COUNT_Aircraft_"": 1}, {""Aircraft"": ""Mil Mi-26"", ""COUNT_Aircraft_"": 2}, {""Aircraft"": ""Robinson R-22"", ""COUNT_Aircraft_"": 2}]}, ""mark"": ""arc"", ""encoding"": {""theta"": {""field"": ""COUNT_Aircraft_"", ""type"": ""quantitative""}, ""color"": {""field"": ""Aircraft"", ""type"": ""nominal""}}}"
10,36,How many wins does each aircraft have?,,,,,,,,1,1,1,1,,,,,Bar,Medium,aircraft,"{""$schema"": ""https://vega.github.io/schema/vega-lite/v6.json"", ""description"": ""Vega-Lite chart for key 36"", ""data"": {""values"": [{""Aircraft"": ""Bell 206B3 JetRanger"", ""COUNT_Aircraft_"": 1}, {""Aircraft"": ""CH-47D Chinook"", ""COUNT_Aircraft_"": 1}, {""Aircraft"": ""CH-53E Super Stallion"", ""COUNT_Aircraft_"": 1}, {""Aircraft"": ""Mil Mi-26"", ""COUNT_Aircraft_"": 2}, {""Aircraft"": ""Robinson R-22"", ""COUNT_Aircraft_"": 2}]}, ""mark"": ""bar"", ""encoding"": {""x"": {""field"": ""Aircraft"", ""type"": ""nominal""}, ""y"": {""field"": ""COUNT_Aircraft_"", ""type"": ""quantitative""}}}"
11,37,What’s the breakdown of how many students have each type of allergy?,,,,,,,,1,1,1,1,,,,,Pie,Medium,Has_allergy,"{""$schema"": ""https://vega.github.io/schema/vega-lite/v6.json"", ""description"": ""Vega-Lite chart for key 37"", ""data"": {""values"": [{""AllergyType"": ""animal"", ""count_"": 8}, {""AllergyType"": ""environmental"", ""count_"": 23}, {""AllergyType"": ""food"", ""count_"": 28}]}, ""mark"": ""arc"", ""encoding"": {""theta"": {""field"": ""count_"", ""type"": ""quantitative""}, ""color"": {""field"": ""AllergyType"", ""type"": ""nominal""}}}"
12,46,What's the distribution of each allergy type?,,,,,,,,1,1,1,1,,,,,Pie,Easy,Allergy_type,"{""$schema"": ""https://vega.github.io/schema/vega-lite/v6.json"", ""description"": ""Vega-Lite chart for key 46"", ""data"": {""values"": [{""AllergyType"": ""animal"", ""COUNT_AllergyType_"": 4}, {""AllergyType"": ""environmental"", ""COUNT_AllergyType_"": 3}, {""AllergyType"": ""food"", ""COUNT_AllergyType_"": 7}]}, ""mark"": ""arc"", ""encoding"": {""theta"": {""field"": ""COUNT_AllergyType_"", ""type"": ""quantitative""}, ""color"": {""field"": ""AllergyType"", ""type"": ""nominal""}}}"
13,54,How many of each allergy type does the student named Lisa have?,,,,,,,,1,1,1,1,,,,,Pie,Hard,Allergy_type,"{""$schema"": ""https://vega.github.io/schema/vega-lite/v6.json"", ""description"": ""Vega-Lite chart for key 54"", ""data"": {""values"": [{""AllergyType"": ""animal"", ""COUNT_AllergyType_"": 2}, {""AllergyType"": ""environmental"", ""COUNT_AllergyType_"": 4}, {""AllergyType"": ""food"", ""COUNT_AllergyType_"": 4}]}, ""mark"": ""arc"", ""encoding"": {""theta"": {""field"": ""COUNT_AllergyType_"", ""type"": ""quantitative""}, ""color"": {""field"": ""AllergyType"", ""type"": ""nominal""}}}"
14,55,How many of each allergy type does the student named Lisa have?,,,,,,,,1,1,1,1,,,,,Bar,Hard,Allergy_type,"{""$schema"": ""https://vega.github.io/schema/vega-lite/v6.json"", ""description"": ""Vega-Lite chart for key 55"", ""data"": {""values"": [{""AllergyType"": ""animal"", ""COUNT_AllergyType_"": 2}, {""AllergyType"": ""environmental"", ""COUNT_AllergyType_"": 4}, {""AllergyType"": ""food"", ""COUNT_AllergyType_"": 4}]}, ""mark"": ""bar"", ""encoding"": {""x"": {""field"": ""AllergyType"", ""type"": ""nominal""}, ""y"": {""field"": ""COUNT_AllergyType_"", ""type"": ""quantitative""}}}"
16,63,What are the apartment type codes and how many apartments correspond to each?,,,,,,,,1,1,1,1,,,,,Pie,Medium,Apartments,"{""$schema"": ""https://vega.github.io/schema/vega-lite/v6.json"", ""description"": ""Vega-Lite chart for key 63"", ""data"": {""values"": [{""apt_type_code"": ""Studio"", ""COUNT_"": 4}, {""apt_type_code"": ""Duplex"", ""COUNT_"": 5}, {""apt_type_code"": ""Flat"", ""COUNT_"": 6}]}, ""mark"": ""arc"", ""encoding"": {""theta"": {""field"": ""COUNT_"", ""type"": ""quantitative""}, ""color"": {""field"": ""apt_type_code"", ""type"": ""nominal""}}}"
18,65,What’s the yearly count of apartment booking start dates for female guests?,,,,,,,,1,1,1,1,,,,,Bar,Hard,Apartment_Bookings,"{""$schema"": ""https://vega.github.io/schema/vega-lite/v6.json"", ""description"": ""Vega-Lite chart for key 65"", ""data"": {""values"": [{""booking_start_date"": ""2016"", ""COUNT_booking_start_date_"": 6}, {""booking_start_date"": ""2017"", ""COUNT_booking_start_date_"": 3}]}, ""mark"": ""bar"", ""encoding"": {""x"": {""field"": ""booking_start_date"", ""type"": ""nominal""}, ""y"": {""field"": ""COUNT_booking_start_date_"", ""type"": ""quantitative""}}}"
19,68,What’s the count of apartment bookings made by female guests that start on each day of the week?,,,,,,,,1,1,1,1,,,,,Bar,Hard,Apartment_Bookings,"{""$schema"": ""https://vega.github.io/schema/vega-lite/v6.json"", ""description"": ""Vega-Lite chart for key 68"", ""data"": {""values"": [{""booking_start_date"": ""Mon"", ""COUNT_booking_start_date_"": 2}, {""booking_start_date"": ""Tue"", ""COUNT_booking_start_date_"": 2}, {""booking_start_date"": ""Wed"", ""COUNT_booking_start_date_"": 1}, {""booking_start_date"": ""Thur"", ""COUNT_booking_start_date_"": 1}, {""booking_start_date"": ""Fri"", ""COUNT_booking_start_date_"": 1}, {""booking_start_date"": ""Sat"", ""COUNT_booking_start_date_"": 2}, {""booking_start_date"": ""Sun"", ""COUNT_booking_start_date_"": 0}]}, ""mark"": ""bar"", ""encoding"": {""x"": {""field"": ""booking_start_date"", ""type"": ""nominal""}, ""y"": {""field"": ""COUNT_booking_start_date_"", ""type"": ""quantitative""}}}"
20,69,How many booking start dates do apartments with more than two bedrooms have each year?,,,,,,,,1,1,1,1,,,,,Bar,Hard,Apartment_Bookings,"{""$schema"": ""https://vega.github.io/schema/vega-lite/v6.json"", ""description"": ""Vega-Lite chart for key 69"", ""data"": {""values"": [{""booking_start_date"": ""2016"", ""COUNT_booking_start_date_"": 9}, {""booking_start_date"": ""2017"", ""COUNT_booking_start_date_"": 6}]}, ""mark"": ""bar"", ""encoding"": {""x"": {""field"": ""booking_start_date"", ""type"": ""nominal""}, ""y"": {""field"": ""COUNT_booking_start_date_"", ""type"": ""quantitative""}}}"
21,72,How many booking start dates do apartments with more than two bedrooms have on each weekday?,,,,,,,,1,1,1,1,,,,,Bar,Hard,Apartment_Bookings,"{""$schema"": ""https://vega.github.io/schema/vega-lite/v6.json"", ""description"": ""Vega-Lite chart for key 72"", ""data"": {""values"": [{""booking_start_date"": ""Mon"", ""COUNT_booking_start_date_"": 4}, {""booking_start_date"": ""Tue"", ""COUNT_booking_start_date_"": 2}, {""booking_start_date"": ""Wed"", ""COUNT_booking_start_date_"": 1}, {""booking_start_date"": ""Thur"", ""COUNT_booking_start_date_"": 1}, {""booking_start_date"": ""Fri"", ""COUNT_booking_start_date_"": 2}, {""booking_start_date"": ""Sat"", ""COUNT_booking_start_date_"": 4}, {""booking_start_date"": ""Sun"", ""COUNT_booking_start_date_"": 1}]}, ""mark"": ""bar"", ""encoding"": {""x"": {""field"": ""booking_start_date"", ""type"": ""nominal""}, ""y"": {""field"": ""COUNT_booking_start_date_"", ""type"": ""quantitative""}}}"
22,74,What's the number of bookings for each booking‑status code?,,,,,,,,1,1,1,1,,,,,Bar,Easy,Apartment_Bookings,"{""$schema"": ""https://vega.github.io/schema/vega-lite/v6.json"", ""description"": ""Vega-Lite chart for key 74"", ""data"": {""values"": [{""booking_status_code"": ""Confirmed"", ""COUNT_"": 7}, {""booking_status_code"": ""Provisional"", ""COUNT_"": 8}]}, ""mark"": ""bar"", ""encoding"": {""x"": {""field"": ""booking_status_code"", ""type"": ""nominal""}, ""y"": {""field"": ""COUNT_"", ""type"": ""quantitative""}}}"
23,77,"What are the booking start dates for duplex apartments, grouped by weekday?",,,,,,,,1,1,1,1,,,,,Bar,Hard,Apartment_Bookings,"{""$schema"": ""https://vega.github.io/schema/vega-lite/v6.json"", ""description"": ""Vega-Lite chart for key 77"", ""data"": {""values"": [{""booking_start_date"": ""Mon"", ""COUNT_booking_start_date_"": 2}, {""booking_start_date"": ""Tue"", ""COUNT_booking_start_date_"": 1}, {""booking_start_date"": ""Wed"", ""COUNT_booking_start_date_"": 1}, {""booking_start_date"": ""Thur"", ""COUNT_booking_start_date_"": 1}, {""booking_start_date"": ""Fri"", ""COUNT_booking_start_date_"": 1}, {""booking_start_date"": ""Sat"", ""COUNT_booking_start_date_"": 1}, {""booking_start_date"": ""Sun"", ""COUNT_booking_start_date_"": 0}]}, ""mark"": ""bar"", ""encoding"": {""x"": {""field"": ""booking_start_date"", ""type"": ""nominal""}, ""y"": {""field"": ""COUNT_booking_start_date_"", ""type"": ""quantitative""}}}"
24,81,What’s the breakdown of facility codes for apartments with more than four bedrooms?,,,,,,,,1,1,1,1,,,,,Pie,Hard,Apartment_Facilities,"{""$schema"": ""https://vega.github.io/schema/vega-lite/v6.json"", ""description"": ""Vega-Lite chart for key 81"", ""data"": {""values"": [{""facility_code"": ""Cable TV"", ""COUNT_facility_code_"": 1}, {""facility_code"": ""Gym"", ""COUNT_facility_code_"": 2}]}, ""mark"": ""arc"", ""encoding"": {""theta"": {""field"": ""COUNT_facility_code_"", ""type"": ""quantitative""}, ""color"": {""field"": ""facility_code"", ""type"": ""nominal""}}}"
25,86,"How many apartment bookings happen on each weekday, and how are the booking start dates distributed across those weekdays?",,,,,,,,1,1,1,1,,,,,Bar,Easy,Apartment_Bookings,"{""$schema"": ""https://vega.github.io/schema/vega-lite/v6.json"", ""description"": ""Vega-Lite chart for key 86"", ""data"": {""values"": [{""booking_start_date"": ""Mon"", ""COUNT_booking_start_date_"": 4}, {""booking_start_date"": ""Tue"", ""COUNT_booking_start_date_"": 2}, {""booking_start_date"": ""Wed"", ""COUNT_booking_start_date_"": 1}, {""booking_start_date"": ""Thur"", ""COUNT_booking_start_date_"": 1}, {""booking_start_date"": ""Fri"", ""COUNT_booking_start_date_"": 2}, {""booking_start_date"": ""Sat"", ""COUNT_booking_start_date_"": 4}, {""booking_start_date"": ""Sun"", ""COUNT_booking_start_date_"": 1}]}, ""mark"": ""bar"", ""encoding"": {""x"": {""field"": ""booking_start_date"", ""type"": ""nominal""}, ""y"": {""field"": ""COUNT_booking_start_date_"", ""type"": ""quantitative""}}}"
26,93,What’s the count of guests for each gender code?,,,,,,,,1,1,1,1,,,,,Pie,Medium,Guests,"{""$schema"": ""https://vega.github.io/schema/vega-lite/v6.json"", ""description"": ""Vega-Lite chart for key 93"", ""data"": {""values"": [{""gender_code"": ""Female"", ""COUNT_"": 9}, {""gender_code"": ""Male"", ""COUNT_"": 3}, {""gender_code"": ""Unknown"", ""COUNT_"": 3}]}, ""mark"": ""arc"", ""encoding"": {""theta"": {""field"": ""COUNT_"", ""type"": ""quantitative""}, ""color"": {""field"": ""gender_code"", ""type"": ""nominal""}}}"
27,94,Could you display the guest counts for each gender code?,,,,,,,,1,1,1,1,,,,,Bar,Medium,Guests,"{""$schema"": ""https://vega.github.io/schema/vega-lite/v6.json"", ""description"": ""Vega-Lite chart for key 94"", ""data"": {""values"": [{""gender_code"": ""Female"", ""COUNT_"": 9}, {""gender_code"": ""Male"", ""COUNT_"": 3}, {""gender_code"": ""Unknown"", ""COUNT_"": 3}]}, ""mark"": ""bar"", ""encoding"": {""x"": {""field"": ""gender_code"", ""type"": ""nominal""}, ""y"": {""field"": ""COUNT_"", ""type"": ""quantitative""}}}"
28,95,What’s the minimum number of rooms for each apartment type?,,,,,,,,1,1,1,1,,,,,Pie,Easy,Apartments,"{""$schema"": ""https://vega.github.io/schema/vega-lite/v6.json"", ""description"": ""Vega-Lite chart for key 95"", ""data"": {""values"": [{""apt_type_code"": ""Duplex"", ""min_room_count_"": 3}, {""apt_type_code"": ""Flat"", ""min_room_count_"": 3}, {""apt_type_code"": ""Studio"", ""min_room_count_"": 6}]}, ""mark"": ""arc"", ""encoding"": {""theta"": {""field"": ""min_room_count_"", ""type"": ""quantitative""}, ""color"": {""field"": ""apt_type_code"", ""type"": ""nominal""}}}"
29,96,What’s the minimum room count for each apartment type?,,,,,,,,1,1,1,1,,,,,Bar,Easy,Apartments,"{""$schema"": ""https://vega.github.io/schema/vega-lite/v6.json"", ""description"": ""Vega-Lite chart for key 96"", ""data"": {""values"": [{""apt_type_code"": ""Duplex"", ""min_room_count_"": 3}, {""apt_type_code"": ""Flat"", ""min_room_count_"": 3}, {""apt_type_code"": ""Studio"", ""min_room_count_"": 6}]}, ""mark"": ""bar"", ""encoding"": {""x"": {""field"": ""apt_type_code"", ""type"": ""nominal""}, ""y"": {""field"": ""min_room_count_"", ""type"": ""quantitative""}}}"
30,98,What’s the count of apartment booking start dates for each year?,,,,,,,,1,1,1,1,,,,,Bar,Medium,Apartment_Bookings,"{""$schema"": ""https://vega.github.io/schema/vega-lite/v6.json"", ""description"": ""Vega-Lite chart for key 98"", ""data"": {""values"": [{""booking_start_date"": ""2016"", ""COUNT_booking_start_date_"": 9}, {""booking_start_date"": ""2017"", ""COUNT_booking_start_date_"": 6}]}, ""mark"": ""bar"", ""encoding"": {""x"": {""field"": ""booking_start_date"", ""type"": ""nominal""}, ""y"": {""field"": ""COUNT_booking_start_date_"", ""type"": ""quantitative""}}}"
32,120,What’s the count of faults for each fault description recorded in the logs?,,,,,,,,1,1,1,1,,,,,Bar,Medium,Fault_Log,"{""$schema"": ""https://vega.github.io/schema/vega-lite/v6.json"", ""description"": ""Vega-Lite chart for key 120"", ""data"": {""values"": [{""fault_description"": ""failed parts"", ""COUNT_fault_description_"": 6}, {""fault_description"": ""system error"", ""COUNT_fault_description_"": 9}]}, ""mark"": ""bar"", ""encoding"": {""x"": {""field"": ""fault_description"", ""type"": ""nominal""}, ""y"": {""field"": ""COUNT_fault_description_"", ""type"": ""quantitative""}}}"
33,131,What's the distribution of engineers across different skill descriptions?,,,,,,,,1,1,1,1,,,,,Pie,Medium,Maintenance_Engineers,"{""$schema"": ""https://vega.github.io/schema/vega-lite/v6.json"", ""description"": ""Vega-Lite chart for key 131"", ""data"": {""values"": [{""skill_description"": ""Electrical"", ""COUNT_skill_description_"": 9}, {""skill_description"": ""Mechanical"", ""COUNT_skill_description_"": 6}, {""skill_description"": ""TV, Video"", ""COUNT_skill_description_"": 5}]}, ""mark"": ""arc"", ""encoding"": {""theta"": {""field"": ""COUNT_skill_description_"", ""type"": ""quantitative""}, ""color"": {""field"": ""skill_description"", ""type"": ""nominal""}}}"
34,138,"How many assets can each part be used in, and what’s the count for each part?",,,,,,,,1,1,1,1,,,,,Pie,Medium,Parts,"{""$schema"": ""https://vega.github.io/schema/vega-lite/v6.json"", ""description"": ""Vega-Lite chart for key 138"", ""data"": {""values"": [{""part_name"": ""middle"", ""count_"": 5}, {""part_name"": ""package"", ""count_"": 6}, {""part_name"": ""top"", ""count_"": 4}]}, ""mark"": ""arc"", ""encoding"": {""theta"": {""field"": ""count_"", ""type"": ""quantitative""}, ""color"": {""field"": ""part_name"", ""type"": ""nominal""}}}"
35,146,"Could you show a chart of fault counts by short name, grouped by the skill description required to fix each one?",,,,,,,,1,1,1,1,,,,,Stacked Bar,Hard,assets_maintenance,"{""$schema"": ""https://vega.github.io/schema/vega-lite/v6.json"", ""description"": ""Vega-Lite chart for key 146"", ""data"": {""values"": [{""classify"": ""Electrical"", ""fault_short_name"": ""MW"", ""COUNT_fault_short_name_"": 0}, {""classify"": ""Electrical"", ""fault_short_name"": ""PW"", ""COUNT_fault_short_name_"": 3}, {""classify"": ""Electrical"", ""fault_short_name"": ""TW"", ""COUNT_fault_short_name_"": 0}, {""classify"": ""Mechanical"", ""fault_short_name"": ""MW"", ""COUNT_fault_short_name_"": 1}, {""classify"": ""Mechanical"", ""fault_short_name"": ""PW"", ""COUNT_fault_short_name_"": 2}, {""classify"": ""Mechanical"", ""fault_short_name"": ""TW"", ""COUNT_fault_short_name_"": 2}, {""classify"": ""TV, Video"", ""fault_short_name"": ""MW"", ""COUNT_fault_short_name_"": 4}, {""classify"": ""TV, Video"", ""fault_short_name"": ""PW"", ""COUNT_fault_short_name_"": 2}, {""classify"": ""TV, Video"", ""fault_short_name"": ""TW"", ""COUNT_fault_short_name_"": 1}]}, ""mark"": ""bar"", ""encoding"": {""x"": {""field"": ""fault_short_name"", ""type"": ""nominal""}, ""y"": {""field"": ""COUNT_fault_short_name_"", ""type"": ""quantitative""}, ""color"": {""field"": ""classify"", ""type"": ""nominal""}}}"
36,150,What’s the count of faults for each skill description needed to fix them?,,,,,,,,1,1,1,1,,,,,Pie,Medium,Part_Faults,"{""$schema"": ""https://vega.github.io/schema/vega-lite/v6.json"", ""description"": ""Vega-Lite chart for key 150"", ""data"": {""values"": [{""skill_description"": ""Electrical"", ""COUNT_skill_description_"": 3}, {""skill_description"": ""Mechanical"", ""COUNT_skill_description_"": 5}, {""skill_description"": ""TV, Video"", ""COUNT_skill_description_"": 7}]}, ""mark"": ""arc"", ""encoding"": {""theta"": {""field"": ""COUNT_skill_description_"", ""type"": ""quantitative""}, ""color"": {""field"": ""skill_description"", ""type"": ""nominal""}}}"
37,158,How often did the Boston Red Stockings win postseason games on each day of the week?,,,,,,,,1,1,1,1,,,,,Bar,Hard,postseason,"{""$schema"": ""https://vega.github.io/schema/vega-lite/v6.json"", ""description"": ""Vega-Lite chart for key 158"", ""data"": {""values"": [{""year"": ""Mon"", ""COUNT_year_"": 2}, {""year"": ""Tue"", ""COUNT_year_"": 3}, {""year"": ""Wed"", ""COUNT_year_"": 3}, {""year"": ""Thur"", ""COUNT_year_"": 2}, {""year"": ""Fri"", ""COUNT_year_"": 2}, {""year"": ""Sat"", ""COUNT_year_"": 1}, {""year"": ""Sun"", ""COUNT_year_"": 0}]}, ""mark"": ""bar"", ""encoding"": {""x"": {""field"": ""year"", ""type"": ""nominal""}, ""y"": {""field"": ""COUNT_year_"", ""type"": ""quantitative""}}}"
40,175,What do the death and injury outcomes look like for ships with a tonnage of t?,,,,,,,,1,1,1,0,,,,,Scatter,Medium,death,"{""$schema"": ""https://vega.github.io/schema/vega-lite/v6.json"", ""description"": ""Vega-Lite chart for key 175"", ""data"": {""values"": [{""killed"": 8, ""injured"": 0}, {""killed"": 3, ""injured"": 0}, {""killed"": 25, ""injured"": 0}, {""killed"": 2, ""injured"": 0}, {""killed"": 0, ""injured"": 0}, {""killed"": 4, ""injured"": 5}, {""killed"": 0, ""injured"": 0}, {""killed"": 29, ""injured"": 0}, {""killed"": 0, ""injured"": 0}, {""killed"": 0, ""injured"": 0}, {""killed"": 14, ""injured"": 0}]}, ""mark"": ""point"", ""encoding"": {""x"": {""field"": ""killed"", ""type"": ""quantitative""}, ""y"": {""field"": ""injured"", ""type"": ""quantitative""}}}"
41,186,What’s the count of teachers for each last name?,,,,,,,,1,1,1,1,,,,,Bar,Medium,Teachers,"{""$schema"": ""https://vega.github.io/schema/vega-lite/v6.json"", ""description"": ""Vega-Lite chart for key 186"", ""data"": {""values"": [{""last_name"": ""Becker"", ""COUNT_last_name_"": 1}, {""last_name"": ""Bergnaum"", ""COUNT_last_name_"": 1}, {""last_name"": ""Brakus"", ""COUNT_last_name_"": 1}, {""last_name"": ""Goldner"", ""COUNT_last_name_"": 1}, {""last_name"": ""Hansen"", ""COUNT_last_name_"": 1}, {""last_name"": ""Heller"", ""COUNT_last_name_"": 1}, {""last_name"": ""Kuhic"", ""COUNT_last_name_"": 2}, {""last_name"": ""Lang"", ""COUNT_last_name_"": 1}, {""last_name"": ""Medhurst"", ""COUNT_last_name_"": 1}, {""last_name"": ""Moore"", ""COUNT_last_name_"": 1}, {""last_name"": ""Price"", ""COUNT_last_name_"": 1}, {""last_name"": ""Schultz"", ""COUNT_last_name_"": 1}, {""last_name"": ""Schuster"", ""COUNT_last_name_"": 1}, {""last_name"": ""Ward"", ""COUNT_last_name_"": 1}]}, ""mark"": ""bar"", ""encoding"": {""x"": {""field"": ""last_name"", ""type"": ""nominal""}, ""y"": {""field"": ""COUNT_last_name_"", ""type"": ""quantitative""}}}"
46,201,"How does the total monthly rental vary by year, broken down by each “other_details” category?",,,,,,,,1,1,1,1,,,,,Stacked Bar,Extra Hard,behavior_monitoring,"{""$schema"": ""https://vega.github.io/schema/vega-lite/v6.json"", ""description"": ""Vega-Lite chart for key 201"", ""data"": {""values"": [{""classify"": ""apartment"", ""date_address_from"": ""2017"", ""SUM_monthly_rental_"": 5019.3333}, {""classify"": ""apartment"", ""date_address_from"": ""2018"", ""SUM_monthly_rental_"": 2330.6787}, {""classify"": ""house"", ""date_address_from"": ""2017"", ""SUM_monthly_rental_"": 8296.2672}, {""classify"": ""house"", ""date_address_from"": ""2018"", ""SUM_monthly_rental_"": 3177.7418}]}, ""mark"": ""bar"", ""encoding"": {""x"": {""field"": ""date_address_from"", ""type"": ""nominal""}, ""y"": {""field"": ""SUM_monthly_rental_"", ""type"": ""quantitative""}, ""color"": {""field"": ""classify"", ""type"": ""nominal""}}}"
48,205,Could you show a chart of the monthly distribution and count of date_address_to?,,,,,,,,1,1,1,1,,,,,Bar,Medium,Student_Addresses,"{""$schema"": ""https://vega.github.io/schema/vega-lite/v6.json"", ""description"": ""Vega-Lite chart for key 205"", ""data"": {""values"": [{""date_address_to"": ""Feb"", ""COUNT_date_address_to_"": 2}, {""date_address_to"": ""Mar"", ""COUNT_date_address_to_"": 18}]}, ""mark"": ""bar"", ""encoding"": {""x"": {""field"": ""date_address_to"", ""type"": ""nominal""}, ""y"": {""field"": ""COUNT_date_address_to_"", ""type"": ""quantitative""}}}"
51,219,"What’s the distribution of other_details and the average monthly rental, grouped by other_details?",,,,,,,,1,1,1,1,,,,,Bar,Medium,Student_Addresses,"{""$schema"": ""https://vega.github.io/schema/vega-lite/v6.json"", ""description"": ""Vega-Lite chart for key 219"", ""data"": {""values"": [{""other_details"": ""apartment"", ""AVG_monthly_rental_"": 1050.0017142857143}, {""other_details"": ""house"", ""AVG_monthly_rental_"": 882.6160769230771}]}, ""mark"": ""bar"", ""encoding"": {""x"": {""field"": ""other_details"", ""type"": ""nominal""}, ""y"": {""field"": ""AVG_monthly_rental_"", ""type"": ""quantitative""}}}"
52,224,"How does the total monthly rental vary by weekday, broken down by the other_details attribute?",,,,,,,,1,1,1,1,,,,,Stacked Bar,Extra Hard,behavior_monitoring,"{""$schema"": ""https://vega.github.io/schema/vega-lite/v6.json"", ""description"": ""Vega-Lite chart for key 224"", ""data"": {""values"": [{""classify"": ""apartment"", ""date_address_from"": ""Mon"", ""SUM_monthly_rental_"": 1032.8717}, {""classify"": ""apartment"", ""date_address_from"": ""Tue"", ""SUM_monthly_rental_"": 1297.3186}, {""classify"": ""apartment"", ""date_address_from"": ""Wed"", ""SUM_monthly_rental_"": 1036.8462}, {""classify"": ""apartment"", ""date_address_from"": ""Thur"", ""SUM_monthly_rental_"": 644.9306}, {""classify"": ""apartment"", ""date_address_from"": ""Fri"", ""SUM_monthly_rental_"": 1297.807}, {""classify"": ""apartment"", ""date_address_from"": ""Sat"", ""SUM_monthly_rental_"": 1032.9782}, {""classify"": ""apartment"", ""date_address_from"": ""Sun"", ""SUM_monthly_rental_"": 1007.2597}, {""classify"": ""house"", ""date_address_from"": ""Mon"", ""SUM_monthly_rental_"": 2559.8116}, {""classify"": ""house"", ""date_address_from"": ""Tue"", ""SUM_monthly_rental_"": 865.2615}, {""classify"": ""house"", ""date_address_from"": ""Wed"", ""SUM_monthly_rental_"": 0}, {""classify"": ""house"", ""date_address_from"": ""Thur"", ""SUM_monthly_rental_"": 756.6745}, {""classify"": ""house"", ""date_address_from"": ""Fri"", ""SUM_monthly_rental_"": 2864.7297}, {""classify"": ""house"", ""date_address_from"": ""Sat"", ""SUM_monthly_rental_"": 1867.9597}, {""classify"": ""house"", ""date_address_from"": ""Sun"", ""SUM_monthly_rental_"": 2559.572}]}, ""mark"": ""bar"", ""encoding"": {""x"": {""field"": ""date_address_from"", ""type"": ""nominal""}, ""y"": {""field"": ""SUM_monthly_rental_"", ""type"": ""quantitative""}, ""color"": {""field"": ""classify"", ""type"": ""nominal""}}}"
53,225,"Could you show a chart of the average monthly rental for each weekday, grouped by other_details?",,,,,,,,1,1,1,1,,,,,Stacked Bar,Extra Hard,behavior_monitoring,"{""$schema"": ""https://vega.github.io/schema/vega-lite/v6.json"", ""description"": ""Vega-Lite chart for key 225"", ""data"": {""values"": [{""classify"": ""apartment"", ""date_address_from"": ""Mon"", ""AVG_monthly_rental_"": 1032.8717}, {""classify"": ""apartment"", ""date_address_from"": ""Tue"", ""AVG_monthly_rental_"": 1297.3186}, {""classify"": ""apartment"", ""date_address_from"": ""Wed"", ""AVG_monthly_rental_"": 1036.8462}, {""classify"": ""apartment"", ""date_address_from"": ""Thur"", ""AVG_monthly_rental_"": 644.9306}, {""classify"": ""apartment"", ""date_address_from"": ""Fri"", ""AVG_monthly_rental_"": 1297.807}, {""classify"": ""apartment"", ""date_address_from"": ""Sat"", ""AVG_monthly_rental_"": 1032.9782}, {""classify"": ""apartment"", ""date_address_from"": ""Sun"", ""AVG_monthly_rental_"": 1007.2597}, {""classify"": ""house"", ""date_address_from"": ""Mon"", ""AVG_monthly_rental_"": 853.27055}, {""classify"": ""house"", ""date_address_from"": ""Tue"", ""AVG_monthly_rental_"": 865.2615}, {""classify"": ""house"", ""date_address_from"": ""Wed"", ""AVG_monthly_rental_"": 0}, {""classify"": ""house"", ""date_address_from"": ""Thur"", ""AVG_monthly_rental_"": 756.6745}, {""classify"": ""house"", ""date_address_from"": ""Fri"", ""AVG_monthly_rental_"": 954.9099}, {""classify"": ""house"", ""date_address_from"": ""Sat"", ""AVG_monthly_rental_"": 933.97985}, {""classify"": ""house"", ""date_address_from"": ""Sun"", ""AVG_monthly_rental_"": 853.19065}]}, ""mark"": ""bar"", ""encoding"": {""x"": {""field"": ""date_address_from"", ""type"": ""nominal""}, ""y"": {""field"": ""AVG_monthly_rental_"", ""type"": ""quantitative""}, ""color"": {""field"": ""classify"", ""type"": ""nominal""}}}"
54,231,"What’s the average monthly rental for each date_address_to, grouped by month?",,,,,,,,1,1,1,1,,,,,Bar,Medium,Student_Addresses,"{""$schema"": ""https://vega.github.io/schema/vega-lite/v6.json"", ""description"": ""Vega-Lite chart for key 231"", ""data"": {""values"": [{""date_address_to"": ""Feb"", ""AVG_monthly_rental_"": 1022.4249}, {""date_address_to"": ""Mar"", ""AVG_monthly_rental_"": 932.1761767}]}, ""mark"": ""bar"", ""encoding"": {""x"": {""field"": ""date_address_to"", ""type"": ""nominal""}, ""y"": {""field"": ""AVG_monthly_rental_"", ""type"": ""quantitative""}}}"
55,233,What’s the yearly count of date_address_from?,,,,,,,,1,1,1,1,,,,,Bar,Medium,Student_Addresses,"{""$schema"": ""https://vega.github.io/schema/vega-lite/v6.json"", ""description"": ""Vega-Lite chart for key 233"", ""data"": {""values"": [{""date_address_from"": ""2017"", ""COUNT_date_address_from_"": 14}, {""date_address_from"": ""2018"", ""COUNT_date_address_from_"": 6}]}, ""mark"": ""bar"", ""encoding"": {""x"": {""field"": ""date_address_from"", ""type"": ""nominal""}, ""y"": {""field"": ""COUNT_date_address_from_"", ""type"": ""quantitative""}}}"
56,238,How does the total monthly rental vary by weekday for each date_address_to bin?,,,,,,,,1,1,1,1,,,,,Bar,Medium,Student_Addresses,"{""$schema"": ""https://vega.github.io/schema/vega-lite/v6.json"", ""description"": ""Vega-Lite chart for key 238"", ""data"": {""values"": [{""date_address_to"": ""Mon"", ""SUM_monthly_rental_"": 3010.084}, {""date_address_to"": ""Tue"", ""SUM_monthly_rental_"": 2835.213}, {""date_address_to"": ""Wed"", ""SUM_monthly_rental_"": 2909.3674}, {""date_address_to"": ""Thur"", ""SUM_monthly_rental_"": 2927.1419}, {""date_address_to"": ""Fri"", ""SUM_monthly_rental_"": 2007}, {""date_address_to"": ""Sat"", ""SUM_monthly_rental_"": 0}, {""date_address_to"": ""Sun"", ""SUM_monthly_rental_"": 5135.0193}]}, ""mark"": ""bar"", ""encoding"": {""x"": {""field"": ""date_address_to"", ""type"": ""nominal""}, ""y"": {""field"": ""SUM_monthly_rental_"", ""type"": ""quantitative""}}}"
58,247,"What’s the average monthly rental for each date_address_from, grouped by year?",,,,,,,,1,1,1,1,,,,,Bar,Medium,Student_Addresses,"{""$schema"": ""https://vega.github.io/schema/vega-lite/v6.json"", ""description"": ""Vega-Lite chart for key 247"", ""data"": {""values"": [{""date_address_from"": ""2017"", ""AVG_monthly_rental_"": 951.1143214}, {""date_address_from"": ""2018"", ""AVG_monthly_rental_"": 918.0700833}]}, ""mark"": ""bar"", ""encoding"": {""x"": {""field"": ""date_address_from"", ""type"": ""nominal""}, ""y"": {""field"": ""AVG_monthly_rental_"", ""type"": ""quantitative""}}}"
61,264,What’s the distribution of date_address_from and the total monthly_rental for each weekday?,,,,,,,,1,1,1,1,,,,,Bar,Medium,Student_Addresses,"{""$schema"": ""https://vega.github.io/schema/vega-lite/v6.json"", ""description"": ""Vega-Lite chart for key 264"", ""data"": {""values"": [{""date_address_from"": ""Mon"", ""SUM_monthly_rental_"": 3592.6833}, {""date_address_from"": ""Tue"", ""SUM_monthly_rental_"": 2162.5801}, {""date_address_from"": ""Wed"", ""SUM_monthly_rental_"": 1036.8462}, {""date_address_from"": ""Thur"", ""SUM_monthly_rental_"": 1401.6051}, {""date_address_from"": ""Fri"", ""SUM_monthly_rental_"": 4162.5367}, {""date_address_from"": ""Sat"", ""SUM_monthly_rental_"": 2900.9379}, {""date_address_from"": ""Sun"", ""SUM_monthly_rental_"": 3566.8317}]}, ""mark"": ""bar"", ""encoding"": {""x"": {""field"": ""date_address_from"", ""type"": ""nominal""}, ""y"": {""field"": ""SUM_monthly_rental_"", ""type"": ""quantitative""}}}"
62,265,"Could you compare the average monthly rent across different weekdays, grouped by the date_address_from bins?",,,,,,,,1,1,1,1,,,,,Bar,Medium,Student_Addresses,"{""$schema"": ""https://vega.github.io/schema/vega-lite/v6.json"", ""description"": ""Vega-Lite chart for key 265"", ""data"": {""values"": [{""date_address_from"": ""Mon"", ""AVG_monthly_rental_"": 898.170825}, {""date_address_from"": ""Tue"", ""AVG_monthly_rental_"": 1081.29005}, {""date_address_from"": ""Wed"", ""AVG_monthly_rental_"": 1036.8462}, {""date_address_from"": ""Thur"", ""AVG_monthly_rental_"": 700.80255}, {""date_address_from"": ""Fri"", ""AVG_monthly_rental_"": 1040.634175}, {""date_address_from"": ""Sat"", ""AVG_monthly_rental_"": 966.9793}, {""date_address_from"": ""Sun"", ""AVG_monthly_rental_"": 891.707925}]}, ""mark"": ""bar"", ""encoding"": {""x"": {""field"": ""date_address_from"", ""type"": ""nominal""}, ""y"": {""field"": ""AVG_monthly_rental_"", ""type"": ""quantitative""}}}"
63,267,What’s the trend of monthly rent over the dates?,,,,,,,,1,1,1,1,,,,,Line,Easy,Student_Addresses,"{""$schema"": ""https://vega.github.io/schema/vega-lite/v6.json"", ""description"": ""Vega-Lite chart for key 267"", ""data"": {""values"": [{""date_address_from"": ""2018-03-23"", ""monthly_rental"": 1297.807}, {""date_address_from"": ""2017-10-31"", ""monthly_rental"": 1297.3186}, {""date_address_from"": ""2017-07-21"", ""monthly_rental"": 1287.5604}, {""date_address_from"": ""2017-09-10"", ""monthly_rental"": 1132.742}, {""date_address_from"": ""2017-06-19"", ""monthly_rental"": 1113.0996}, {""date_address_from"": ""2018-01-13"", ""monthly_rental"": 1067.8383}, {""date_address_from"": ""2017-03-29"", ""monthly_rental"": 1036.8462}, {""date_address_from"": ""2017-09-23"", ""monthly_rental"": 1032.9782}, {""date_address_from"": ""2018-03-05"", ""monthly_rental"": 1032.8717}, {""date_address_from"": ""2017-11-12"", ""monthly_rental"": 1007.2597}, {""date_address_from"": ""2017-04-28"", ""monthly_rental"": 894.0958}, {""date_address_from"": ""2017-04-18"", ""monthly_rental"": 865.2615}, {""date_address_from"": ""2017-10-16"", ""monthly_rental"": 826.4319}, {""date_address_from"": ""2017-08-12"", ""monthly_rental"": 800.1214}, {""date_address_from"": ""2017-06-22"", ""monthly_rental"": 756.6745}, {""date_address_from"": ""2018-02-18"", ""monthly_rental"": 747.5312}, {""date_address_from"": ""2018-01-12"", ""monthly_rental"": 683.0735}, {""date_address_from"": ""2018-02-04"", ""monthly_rental"": 679.2988}, {""date_address_from"": ""2017-08-17"", ""monthly_rental"": 644.9306}, {""date_address_from"": ""2017-10-09"", ""monthly_rental"": 620.2801}]}, ""mark"": ""line"", ""encoding"": {""x"": {""field"": ""date_address_from"", ""type"": ""nominal""}, ""y"": {""field"": ""monthly_rental"", ""type"": ""quantitative""}}}"
66,286,"Which three days had the highest maximum wind speeds, and what were their dates and average humidity?",,,,,,,,1,1,1,1,,,,,Bar,Medium,weather,"{""$schema"": ""https://vega.github.io/schema/vega-lite/v6.json"", ""description"": ""Vega-Lite chart for key 286"", ""data"": {""values"": [{""date"": ""7/30/2015"", ""mean_humidity"": 75}, {""date"": ""5/1/2014"", ""mean_humidity"": 43}, {""date"": ""5/12/2015"", ""mean_humidity"": 52}]}, ""mark"": ""bar"", ""encoding"": {""x"": {""field"": ""date"", ""type"": ""nominal""}, ""y"": {""field"": ""mean_humidity"", ""type"": ""quantitative""}}}"
69,293,"Which three days had the highest maximum wind speeds, and what’s the total of their average temperatures when grouped by day of the week?",,,,,,,,1,1,1,1,,,,,Bar,Hard,weather,"{""$schema"": ""https://vega.github.io/schema/vega-lite/v6.json"", ""description"": ""Vega-Lite chart for key 293"", ""data"": {""values"": [{""date"": ""Tue"", ""SUM_mean_temperature_f_"": 58}, {""date"": ""Thur"", ""SUM_mean_temperature_f_"": 143}]}, ""mark"": ""bar"", ""encoding"": {""x"": {""field"": ""date"", ""type"": ""nominal""}, ""y"": {""field"": ""SUM_mean_temperature_f_"", ""type"": ""quantitative""}}}"
70,295,"Which three days had the highest maximum wind speeds, and what’s the total mean humidity for each day of the week?",,,,,,,,1,1,1,1,,,,,Bar,Hard,weather,"{""$schema"": ""https://vega.github.io/schema/vega-lite/v6.json"", ""description"": ""Vega-Lite chart for key 295"", ""data"": {""values"": [{""date"": ""Tue"", ""SUM_mean_humidity_"": 52}, {""date"": ""Thur"", ""SUM_mean_humidity_"": 118}]}, ""mark"": ""bar"", ""encoding"": {""x"": {""field"": ""date"", ""type"": ""nominal""}, ""y"": {""field"": ""SUM_mean_humidity_"", ""type"": ""quantitative""}}}"
71,296,"Which three days had the highest maximum wind speeds, and what’s the average mean humidity for each day‑of‑the‑week they fall on?",,,,,,,,1,1,1,1,,,,,Bar,Hard,weather,"{""$schema"": ""https://vega.github.io/schema/vega-lite/v6.json"", ""description"": ""Vega-Lite chart for key 296"", ""data"": {""values"": [{""date"": ""Mon"", ""AVG_mean_humidity_"": 52}, {""date"": ""Thur"", ""AVG_mean_humidity_"": 59}]}, ""mark"": ""bar"", ""encoding"": {""x"": {""field"": ""date"", ""type"": ""nominal""}, ""y"": {""field"": ""AVG_mean_humidity_"", ""type"": ""quantitative""}}}"
72,297,How many days each year reached a maximum temperature of 80 °F or higher?,,,,,,,,1,1,1,1,,,,,Bar,Medium,weather,"{""$schema"": ""https://vega.github.io/schema/vega-lite/v6.json"", ""description"": ""Vega-Lite chart for key 297"", ""data"": {""values"": [{""date"": ""2013"", ""COUNT_date_"": 26}, {""date"": ""2014"", ""COUNT_date_"": 95}, {""date"": ""2015"", ""COUNT_date_"": 61}]}, ""mark"": ""bar"", ""encoding"": {""x"": {""field"": ""date"", ""type"": ""nominal""}, ""y"": {""field"": ""COUNT_date_"", ""type"": ""quantitative""}}}"
73,306,What's the highest station latitude for each city?,,,,,,,,1,1,1,1,,,,,Pie,Easy,station,"{""$schema"": ""https://vega.github.io/schema/vega-lite/v6.json"", ""description"": ""Vega-Lite chart for key 306"", ""data"": {""values"": [{""city"": ""Mountain View"", ""max_lat_"": 37.40694000000001}, {""city"": ""Palo Alto"", ""max_lat_"": 37.448598}, {""city"": ""Redwood City"", ""max_lat_"": 37.491269}, {""city"": ""San Francisco"", ""max_lat_"": 37.80477}, {""city"": ""San Jose"", ""max_lat_"": 37.352601}]}, ""mark"": ""arc"", ""encoding"": {""theta"": {""field"": ""max_lat_"", ""type"": ""quantitative""}, ""color"": {""field"": ""city"", ""type"": ""nominal""}}}"
76,316,How many days each year recorded a maximum temperature above 85 °F?,,,,,,,,1,1,1,1,,,,,Line,Medium,weather,"{""$schema"": ""https://vega.github.io/schema/vega-lite/v6.json"", ""description"": ""Vega-Lite chart for key 316"", ""data"": {""values"": [{""date"": 2013, ""COUNT_date_"": 6}, {""date"": 2014, ""COUNT_date_"": 33}, {""date"": 2015, ""COUNT_date_"": 26}]}, ""mark"": ""line"", ""encoding"": {""x"": {""field"": ""date"", ""type"": ""quantitative""}, ""y"": {""field"": ""COUNT_date_"", ""type"": ""quantitative""}}}"
78,335,"How many days had a minimum dew point lower than any day in zip code 94107, broken down by weekday?",,,,,,,,1,1,1,1,,,,,Bar,Medium,weather,"{""$schema"": ""https://vega.github.io/schema/vega-lite/v6.json"", ""description"": ""Vega-Lite chart for key 335"", ""data"": {""values"": [{""date"": ""Mon"", ""COUNT_date_"": 0}, {""date"": ""Tue"", ""COUNT_date_"": 0}, {""date"": ""Wed"", ""COUNT_date_"": 1}, {""date"": ""Thur"", ""COUNT_date_"": 0}, {""date"": ""Fri"", ""COUNT_date_"": 2}, {""date"": ""Sat"", ""COUNT_date_"": 0}, {""date"": ""Sun"", ""COUNT_date_"": 0}]}, ""mark"": ""bar"", ""encoding"": {""x"": {""field"": ""date"", ""type"": ""nominal""}, ""y"": {""field"": ""COUNT_date_"", ""type"": ""quantitative""}}}"
79,338,What’s the total number of stations in the city?,,,,,,,,1,1,1,1,,,,,Pie,Easy,station,"{""$schema"": ""https://vega.github.io/schema/vega-lite/v6.json"", ""description"": ""Vega-Lite chart for key 338"", ""data"": {""values"": [{""city"": ""Mountain View"", ""COUNT_"": 7}, {""city"": ""Palo Alto"", ""COUNT_"": 5}, {""city"": ""Redwood City"", ""COUNT_"": 7}, {""city"": ""San Francisco"", ""COUNT_"": 35}, {""city"": ""San Jose"", ""COUNT_"": 16}]}, ""mark"": ""arc"", ""encoding"": {""theta"": {""field"": ""COUNT_"", ""type"": ""quantitative""}, ""color"": {""field"": ""city"", ""type"": ""nominal""}}}"
80,340,How many days each year did the mean sea‑level pressure fall between 30.3 and 31?,,,,,,,,1,1,1,1,,,,,Bar,Medium,weather,"{""$schema"": ""https://vega.github.io/schema/vega-lite/v6.json"", ""description"": ""Vega-Lite chart for key 340"", ""data"": {""values"": [{""date"": ""2013"", ""COUNT_date_"": 7}, {""date"": ""2014"", ""COUNT_date_"": 9}, {""date"": ""2015"", ""COUNT_date_"": 6}]}, ""mark"": ""bar"", ""encoding"": {""x"": {""field"": ""date"", ""type"": ""nominal""}, ""y"": {""field"": ""COUNT_date_"", ""type"": ""quantitative""}}}"
81,342,How many days each year does the mean sea‑level pressure exceed 30.3 inches in zip code 94107?,,,,,,,,1,1,1,1,,,,,Line,Medium,weather,"{""$schema"": ""https://vega.github.io/schema/vega-lite/v6.json"", ""description"": ""Vega-Lite chart for key 342"", ""data"": {""values"": [{""date"": 2013, ""COUNT_date_"": 3}, {""date"": 2014, ""COUNT_date_"": 6}, {""date"": 2015, ""COUNT_date_"": 4}]}, ""mark"": ""line"", ""encoding"": {""x"": {""field"": ""date"", ""type"": ""quantitative""}, ""y"": {""field"": ""COUNT_date_"", ""type"": ""quantitative""}}}"
83,367,Who are the book authors and how many books each has?,,,,,,,,1,1,1,1,,,,,Bar,Medium,book,"{""$schema"": ""https://vega.github.io/schema/vega-lite/v6.json"", ""description"": ""Vega-Lite chart for key 367"", ""data"": {""values"": [{""Writer"": ""Christopher Hinz"", ""COUNT_Writer_"": 2}, {""Writer"": ""Christopher Moeller"", ""COUNT_Writer_"": 1}, {""Writer"": ""Dave Gibbons"", ""COUNT_Writer_"": 1}, {""Writer"": ""Elaine Lee"", ""COUNT_Writer_"": 1}, {""Writer"": ""Garth Ennis"", ""COUNT_Writer_"": 2}, {""Writer"": ""Howard Chaykin"", ""COUNT_Writer_"": 1}, {""Writer"": ""Michael Moorcock"", ""COUNT_Writer_"": 1}, {""Writer"": ""Timothy Truman"", ""COUNT_Writer_"": 1}]}, ""mark"": ""bar"", ""encoding"": {""x"": {""field"": ""Writer"", ""type"": ""nominal""}, ""y"": {""field"": ""COUNT_Writer_"", ""type"": ""quantitative""}}}"
84,368,What’s the number of accelerators for each browser?,,,,,,,,1,1,1,1,,,,,Bar,Hard,accelerator_compatible_browser,"{""$schema"": ""https://vega.github.io/schema/vega-lite/v6.json"", ""description"": ""Vega-Lite chart for key 368"", ""data"": {""values"": [{""name"": ""Firefox"", ""COUNT_name_"": 2}, {""name"": ""Internet Explorer"", ""COUNT_name_"": 3}, {""name"": ""Opera"", ""COUNT_name_"": 2}, {""name"": ""Safari"", ""COUNT_name_"": 2}]}, ""mark"": ""bar"", ""encoding"": {""x"": {""field"": ""name"", ""type"": ""nominal""}, ""y"": {""field"": ""COUNT_name_"", ""type"": ""quantitative""}}}"
85,370,What's the share of browsers for each accelerator?,,,,,,,,1,1,1,1,,,,,Pie,Medium,accelerator_compatible_browser,"{""$schema"": ""https://vega.github.io/schema/vega-lite/v6.json"", ""description"": ""Vega-Lite chart for key 370"", ""data"": {""values"": [{""name"": ""CACHEbox"", ""COUNT_name_"": 2}, {""name"": ""CProxy"", ""COUNT_name_"": 2}, {""name"": ""Fasterfox"", ""COUNT_name_"": 3}, {""name"": ""Nitro"", ""COUNT_name_"": 1}, {""name"": ""fasTun"", ""COUNT_name_"": 1}]}, ""mark"": ""arc"", ""encoding"": {""theta"": {""field"": ""COUNT_name_"", ""type"": ""quantitative""}, ""color"": {""field"": ""name"", ""type"": ""nominal""}}}"
86,376,What’s the comparison of the amounts across the different sex groups?,,,,,,,,1,1,1,1,,,,,Bar,Easy,people,"{""$schema"": ""https://vega.github.io/schema/vega-lite/v6.json"", ""description"": ""Vega-Lite chart for key 376"", ""data"": {""values"": [{""Sex"": ""F"", ""COUNT_Sex_"": 2}, {""Sex"": ""M"", ""COUNT_Sex_"": 7}]}, ""mark"": ""bar"", ""encoding"": {""x"": {""field"": ""Sex"", ""type"": ""nominal""}, ""y"": {""field"": ""COUNT_Sex_"", ""type"": ""quantitative""}}}"
90,402,How many people of each sex have a weight above 85?,,,,,,,,1,1,1,1,,,,,Pie,Medium,people,"{""$schema"": ""https://vega.github.io/schema/vega-lite/v6.json"", ""description"": ""Vega-Lite chart for key 402"", ""data"": {""values"": [{""Sex"": ""F"", ""count_"": 2}, {""Sex"": ""M"", ""count_"": 4}]}, ""mark"": ""arc"", ""encoding"": {""theta"": {""field"": ""count_"", ""type"": ""quantitative""}, ""color"": {""field"": ""Sex"", ""type"": ""nominal""}}}"
91,403,What's the number of males and females who weigh more than 85?,,,,,,,,1,1,1,1,,,,,Bar,Medium,people,"{""$schema"": ""https://vega.github.io/schema/vega-lite/v6.json"", ""description"": ""Vega-Lite chart for key 403"", ""data"": {""values"": [{""Sex"": ""F"", ""count_"": 2}, {""Sex"": ""M"", ""count_"": 4}]}, ""mark"": ""bar"", ""encoding"": {""x"": {""field"": ""Sex"", ""type"": ""nominal""}, ""y"": {""field"": ""count_"", ""type"": ""quantitative""}}}"
92,405,What's the average weight for each gender?,,,,,,,,1,1,1,1,,,,,Bar,Easy,people,"{""$schema"": ""https://vega.github.io/schema/vega-lite/v6.json"", ""description"": ""Vega-Lite chart for key 405"", ""data"": {""values"": [{""Sex"": ""F"", ""avg_weight_"": 92}, {""Sex"": ""M"", ""avg_weight_"": 86.7142857142857}]}, ""mark"": ""bar"", ""encoding"": {""x"": {""field"": ""Sex"", ""type"": ""nominal""}, ""y"": {""field"": ""avg_weight_"", ""type"": ""quantitative""}}}"
94,416,What's the average weight change for each year?,,,,,,,,1,1,1,1,,,,,Line,Medium,CARS_DATA,"{""$schema"": ""https://vega.github.io/schema/vega-lite/v6.json"", ""description"": ""Vega-Lite chart for key 416"", ""data"": {""values"": [{""Year"": ""1970"", ""avg_Weight_"": 3441}, {""Year"": ""1971"", ""avg_Weight_"": 2960}, {""Year"": ""1972"", ""avg_Weight_"": 3237}, {""Year"": ""1973"", ""avg_Weight_"": 3419}, {""Year"": ""1974"", ""avg_Weight_"": 2877}, {""Year"": ""1975"", ""avg_Weight_"": 3176}, {""Year"": ""1976"", ""avg_Weight_"": 3078}, {""Year"": ""1977"", ""avg_Weight_"": 2997}, {""Year"": ""1978"", ""avg_Weight_"": 2861}, {""Year"": ""1979"", ""avg_Weight_"": 3055}, {""Year"": ""1980"", ""avg_Weight_"": 2436}, {""Year"": ""1981"", ""avg_Weight_"": 2532}, {""Year"": ""1982"", ""avg_Weight_"": 2453}]}, ""mark"": ""line"", ""encoding"": {""x"": {""field"": ""Year"", ""type"": ""nominal""}, ""y"": {""field"": ""avg_Weight_"", ""type"": ""quantitative""}}}"
95,419,How many countries are there in each continent?,,,,,,,,1,1,1,1,,,,,Pie,Medium,CONTINENTS,"{""$schema"": ""https://vega.github.io/schema/vega-lite/v6.json"", ""description"": ""Vega-Lite chart for key 419"", ""data"": {""values"": [{""Continent"": ""america"", ""count_"": 3}, {""Continent"": ""europe"", ""count_"": 6}, {""Continent"": ""asia"", ""count_"": 2}, {""Continent"": ""africa"", ""count_"": 2}, {""Continent"": ""australia"", ""count_"": 2}]}, ""mark"": ""arc"", ""encoding"": {""theta"": {""field"": ""count_"", ""type"": ""quantitative""}, ""color"": {""field"": ""Continent"", ""type"": ""nominal""}}}"
97,433,What’s the number of car makers on each continent?,,,,,,,,1,1,1,1,,,,,Pie,Medium,CONTINENTS,"{""$schema"": ""https://vega.github.io/schema/vega-lite/v6.json"", ""description"": ""Vega-Lite chart for key 433"", ""data"": {""values"": [{""Continent"": ""america"", ""count_"": 4}, {""Continent"": ""asia"", ""count_"": 7}, {""Continent"": ""europe"", ""count_"": 11}]}, ""mark"": ""arc"", ""encoding"": {""theta"": {""field"": ""count_"", ""type"": ""quantitative""}, ""color"": {""field"": ""Continent"", ""type"": ""nominal""}}}"
99,441,"How many invoices does customer Astrid Gruber have, grouped by weekday?",,,,,,,,1,1,1,1,,,,,Bar,Hard,CUSTOMER,"{""$schema"": ""https://vega.github.io/schema/vega-lite/v6.json"", ""description"": ""Vega-Lite chart for key 441"", ""data"": {""values"": [{""InvoiceDate"": ""Mon"", ""COUNT_InvoiceDate_"": 2}, {""InvoiceDate"": ""Tue"", ""COUNT_InvoiceDate_"": 2}, {""InvoiceDate"": ""Wed"", ""COUNT_InvoiceDate_"": 1}, {""InvoiceDate"": ""Thur"", ""COUNT_InvoiceDate_"": 0}, {""InvoiceDate"": ""Fri"", ""COUNT_InvoiceDate_"": 1}, {""InvoiceDate"": ""Sat"", ""COUNT_InvoiceDate_"": 1}, {""InvoiceDate"": ""Sun"", ""COUNT_InvoiceDate_"": 0}]}, ""mark"": ""bar"", ""encoding"": {""x"": {""field"": ""InvoiceDate"", ""type"": ""nominal""}, ""y"": {""field"": ""COUNT_InvoiceDate_"", ""type"": ""quantitative""}}}"
102,457,What’s the count of films for each cinema?,,,,,,,,1,1,1,1,,,,,Pie,Medium,schedule,"{""$schema"": ""https://vega.github.io/schema/vega-lite/v6.json"", ""description"": ""Vega-Lite chart for key 457"", ""data"": {""values"": [{""Name"": ""Carrowleagh"", ""COUNT_Name_"": 1}, {""Name"": ""Codling"", ""COUNT_Name_"": 3}, {""Name"": ""Gortahile"", ""COUNT_Name_"": 1}, {""Name"": ""Mount Callan"", ""COUNT_Name_"": 1}, {""Name"": ""Oriel"", ""COUNT_Name_"": 1}]}, ""mark"": ""arc"", ""encoding"": {""theta"": {""field"": ""COUNT_Name_"", ""type"": ""quantitative""}, ""color"": {""field"": ""Name"", ""type"": ""nominal""}}}"
103,461,What's the total price summed up for each cinema?,,,,,,,,1,1,1,1,,,,,Pie,Medium,schedule,"{""$schema"": ""https://vega.github.io/schema/vega-lite/v6.json"", ""description"": ""Vega-Lite chart for key 461"", ""data"": {""values"": [{""Name"": ""Carrowleagh"", ""SUM_Price_"": 9.99}, {""Name"": ""Codling"", ""SUM_Price_"": 34.97}, {""Name"": ""Gortahile"", ""SUM_Price_"": 12.99}, {""Name"": ""Mount Callan"", ""SUM_Price_"": 9.99}, {""Name"": ""Oriel"", ""SUM_Price_"": 15.99}]}, ""mark"": ""arc"", ""encoding"": {""theta"": {""field"": ""SUM_Price_"", ""type"": ""quantitative""}, ""color"": {""field"": ""Name"", ""type"": ""nominal""}}}"
104,462,What’s the total price for each film?,,,,,,,,1,1,1,1,,,,,Pie,Medium,schedule,"{""$schema"": ""https://vega.github.io/schema/vega-lite/v6.json"", ""description"": ""Vega-Lite chart for key 462"", ""data"": {""values"": [{""Title"": ""The Case of the Bermuda Triangle"", ""SUM_Price_"": 9.99}, {""Title"": ""The Case of the Mystery Weekend"", ""SUM_Price_"": 38.97}, {""Title"": ""The Case of the Piggy Banker"", ""SUM_Price_"": 12.99}, {""Title"": ""The Case of the Smart Dummy"", ""SUM_Price_"": 12.99}, {""Title"": ""The Case: Off the Record"", ""SUM_Price_"": 8.99}]}, ""mark"": ""arc"", ""encoding"": {""theta"": {""field"": ""SUM_Price_"", ""type"": ""quantitative""}, ""color"": {""field"": ""Title"", ""type"": ""nominal""}}}"
105,463,What’s the daily count of films in the schedule?,,,,,,,,1,1,1,1,,,,,Bar,Medium,schedule,"{""$schema"": ""https://vega.github.io/schema/vega-lite/v6.json"", ""description"": ""Vega-Lite chart for key 463"", ""data"": {""values"": [{""Date"": ""11 July"", ""COUNT_Date_"": 1}, {""Date"": ""19 May"", ""COUNT_Date_"": 1}, {""Date"": ""2 Aug"", ""COUNT_Date_"": 1}, {""Date"": ""20 May"", ""COUNT_Date_"": 1}, {""Date"": ""21 Jun"", ""COUNT_Date_"": 1}, {""Date"": ""21 May"", ""COUNT_Date_"": 2}]}, ""mark"": ""bar"", ""encoding"": {""x"": {""field"": ""Date"", ""type"": ""nominal""}, ""y"": {""field"": ""COUNT_Date_"", ""type"": ""quantitative""}}}"
106,464,What’s the count of cinemas for each location?,,,,,,,,1,1,1,1,,,,,Bar,Easy,cinema,"{""$schema"": ""https://vega.github.io/schema/vega-lite/v6.json"", ""description"": ""Vega-Lite chart for key 464"", ""data"": {""values"": [{""Location"": ""County Clare"", ""count_"": 3}, {""Location"": ""County Cork"", ""count_"": 1}, {""Location"": ""County Dublin"", ""count_"": 1}, {""Location"": ""County Laois"", ""count_"": 1}, {""Location"": ""County Louth"", ""count_"": 1}, {""Location"": ""County Tipperary"", ""count_"": 2}, {""Location"": ""County Wicklow"", ""count_"": 1}]}, ""mark"": ""bar"", ""encoding"": {""x"": {""field"": ""Location"", ""type"": ""nominal""}, ""y"": {""field"": ""count_"", ""type"": ""quantitative""}}}"
108,471,What's the average capacity of cinemas that opened in each year?,,,,,,,,1,1,1,1,,,,,Line,Easy,cinema,"{""$schema"": ""https://vega.github.io/schema/vega-lite/v6.json"", ""description"": ""Vega-Lite chart for key 471"", ""data"": {""values"": [{""Openning_year"": ""2009"", ""AVG_Capacity_"": 305}, {""Openning_year"": ""2010"", ""AVG_Capacity_"": 544.3333333333334}, {""Openning_year"": ""2011"", ""AVG_Capacity_"": 445.3333333333333}, {""Openning_year"": ""2012"", ""AVG_Capacity_"": 368}, {""Openning_year"": ""2013"", ""AVG_Capacity_"": 330}, {""Openning_year"": ""2015"", ""AVG_Capacity_"": 364}]}, ""mark"": ""line"", ""encoding"": {""x"": {""field"": ""Openning_year"", ""type"": ""nominal""}, ""y"": {""field"": ""AVG_Capacity_"", ""type"": ""quantitative""}}}"
109,478,What's the total number of showtimes per day for each cinema?,,,,,,,,1,1,1,1,,,,,Pie,Medium,schedule,"{""$schema"": ""https://vega.github.io/schema/vega-lite/v6.json"", ""description"": ""Vega-Lite chart for key 478"", ""data"": {""values"": [{""Name"": ""Codling"", ""sum_T1_show_times_per_day_"": 10}, {""Name"": ""Carrowleagh"", ""sum_T1_show_times_per_day_"": 5}, {""Name"": ""Gortahile"", ""sum_T1_show_times_per_day_"": 4}, {""Name"": ""Mount Callan"", ""sum_T1_show_times_per_day_"": 5}, {""Name"": ""Oriel"", ""sum_T1_show_times_per_day_"": 5}]}, ""mark"": ""arc"", ""encoding"": {""theta"": {""field"": ""sum_T1_show_times_per_day_"", ""type"": ""quantitative""}, ""color"": {""field"": ""Name"", ""type"": ""nominal""}}}"
110,479,What's the total number of showtimes per day for each cinema?,,,,,,,,1,1,1,1,,,,,Bar,Medium,schedule,"{""$schema"": ""https://vega.github.io/schema/vega-lite/v6.json"", ""description"": ""Vega-Lite chart for key 479"", ""data"": {""values"": [{""Name"": ""Codling"", ""sum_T1_show_times_per_day_"": 10}, {""Name"": ""Carrowleagh"", ""sum_T1_show_times_per_day_"": 5}, {""Name"": ""Gortahile"", ""sum_T1_show_times_per_day_"": 4}, {""Name"": ""Mount Callan"", ""sum_T1_show_times_per_day_"": 5}, {""Name"": ""Oriel"", ""sum_T1_show_times_per_day_"": 5}]}, ""mark"": ""bar"", ""encoding"": {""x"": {""field"": ""Name"", ""type"": ""nominal""}, ""y"": {""field"": ""sum_T1_show_times_per_day_"", ""type"": ""quantitative""}}}"
111,481,Which venues hosted the matches and how many matches took place at each?,,,,,,,,1,1,1,1,,,,,Bar,Medium,MATCH,"{""$schema"": ""https://vega.github.io/schema/vega-lite/v6.json"", ""description"": ""Vega-Lite chart for key 481"", ""data"": {""values"": [{""Venue"": ""Estadio Cuscatlán , San Salvador , El Salvador"", ""COUNT_Venue_"": 5}, {""Venue"": ""Estadio Rigoberto López , Managua , Nicaragua"", ""COUNT_Venue_"": 1}]}, ""mark"": ""bar"", ""encoding"": {""x"": {""field"": ""Venue"", ""type"": ""nominal""}, ""y"": {""field"": ""COUNT_Venue_"", ""type"": ""quantitative""}}}"
113,488,What’s the number of climbers for each mountain?,,,,,,,,1,1,1,1,,,,,Bar,Medium,climber,"{""$schema"": ""https://vega.github.io/schema/vega-lite/v6.json"", ""description"": ""Vega-Lite chart for key 488"", ""data"": {""values"": [{""Name"": ""Duwoni / Mt Speke (Vittorio Emanuele Pk)"", ""COUNT_Name_"": 2}, {""Name"": ""Kibo (Uhuru Pk)"", ""COUNT_Name_"": 2}, {""Name"": ""Mawenzi (Hans Meyer Pk)"", ""COUNT_Name_"": 1}, {""Name"": ""Mount Kenya (Batian)"", ""COUNT_Name_"": 3}, {""Name"": ""Mount Kenya (Lenana)"", ""COUNT_Name_"": 2}]}, ""mark"": ""bar"", ""encoding"": {""x"": {""field"": ""Name"", ""type"": ""nominal""}, ""y"": {""field"": ""COUNT_Name_"", ""type"": ""quantitative""}}}"
114,491,What are the addresses and staff counts for shops that don’t have a happy hour?,,,,,,,,1,1,1,1,,,,,Pie,Easy,shop,"{""$schema"": ""https://vega.github.io/schema/vega-lite/v6.json"", ""description"": ""Vega-Lite chart for key 491"", ""data"": {""values"": [{""Address"": ""909 Walnut Street"", ""Num_of_staff"": 27}, {""Address"": ""1201 Walnut Street"", ""Num_of_staff"": 34}, {""Address"": ""2345 McGee Street"", ""Num_of_staff"": 425}, {""Address"": ""909 Main Street"", ""Num_of_staff"": 28}, {""Address"": ""1100 Main Street"", ""Num_of_staff"": 23}]}, ""mark"": ""arc"", ""encoding"": {""theta"": {""field"": ""Num_of_staff"", ""type"": ""quantitative""}, ""color"": {""field"": ""Address"", ""type"": ""nominal""}}}"
115,492,"Which shops don’t have a happy hour, and what are their addresses and staff numbers?",,,,,,,,1,1,1,1,,,,,Bar,Easy,shop,"{""$schema"": ""https://vega.github.io/schema/vega-lite/v6.json"", ""description"": ""Vega-Lite chart for key 492"", ""data"": {""values"": [{""Address"": ""909 Walnut Street"", ""Num_of_staff"": 27}, {""Address"": ""1201 Walnut Street"", ""Num_of_staff"": 34}, {""Address"": ""2345 McGee Street"", ""Num_of_staff"": 425}, {""Address"": ""909 Main Street"", ""Num_of_staff"": 28}, {""Address"": ""1100 Main Street"", ""Num_of_staff"": 23}]}, ""mark"": ""bar"", ""encoding"": {""x"": {""field"": ""Address"", ""type"": ""nominal""}, ""y"": {""field"": ""Num_of_staff"", ""type"": ""quantitative""}}}"
116,494,What's the breakdown of members by their addresses?,,,,,,,,1,1,1,1,,,,,Pie,Easy,member,"{""$schema"": ""https://vega.github.io/schema/vega-lite/v6.json"", ""description"": ""Vega-Lite chart for key 494"", ""data"": {""values"": [{""Address"": ""Bridgeport"", ""count_"": 1}, {""Address"": ""Cheshire"", ""count_"": 2}, {""Address"": ""Hartford"", ""count_"": 3}, {""Address"": ""Waterbury"", ""count_"": 4}]}, ""mark"": ""arc"", ""encoding"": {""theta"": {""field"": ""count_"", ""type"": ""quantitative""}, ""color"": {""field"": ""Address"", ""type"": ""nominal""}}}"
117,505,What's the average purchase time at each coffee‑shop address?,,,,,,,,1,1,1,1,,,,,Bar,Medium,member,"{""$schema"": ""https://vega.github.io/schema/vega-lite/v6.json"", ""description"": ""Vega-Lite chart for key 505"", ""data"": {""values"": [{""Address"": ""Bridgeport"", ""AVG_Time_of_purchase_"": 26}, {""Address"": ""Cheshire"", ""AVG_Time_of_purchase_"": 35}, {""Address"": ""Hartford"", ""AVG_Time_of_purchase_"": 21.666666666666668}, {""Address"": ""Waterbury"", ""AVG_Time_of_purchase_"": 27.5}]}, ""mark"": ""bar"", ""encoding"": {""x"": {""field"": ""Address"", ""type"": ""nominal""}, ""y"": {""field"": ""AVG_Time_of_purchase_"", ""type"": ""quantitative""}}}"
118,513,What’s the total number of credits for all classes offered by each department?,,,,,,,,1,1,1,1,,,,,Bar,Medium,course,"{""$schema"": ""https://vega.github.io/schema/vega-lite/v6.json"", ""description"": ""Vega-Lite chart for key 513"", ""data"": {""values"": [{""DEPT_CODE"": ""ACCT"", ""sum_T1_crs_credit_"": 15}, {""DEPT_CODE"": ""CIS"", ""sum_T1_crs_credit_"": 27}]}, ""mark"": ""bar"", ""encoding"": {""x"": {""field"": ""DEPT_CODE"", ""type"": ""nominal""}, ""y"": {""field"": ""sum_T1_crs_credit_"", ""type"": ""quantitative""}}}"
119,516,Could you give me the first names of all professor employees and tell me how many there are?,,,,,,,,1,1,1,1,,,,,Bar,Hard,employee,"{""$schema"": ""https://vega.github.io/schema/vega-lite/v6.json"", ""description"": ""Vega-Lite chart for key 516"", ""data"": {""values"": [{""EMP_FNAME"": ""Anne"", ""COUNT_EMP_FNAME_"": 1}, {""EMP_FNAME"": ""Annelise"", ""COUNT_EMP_FNAME_"": 1}, {""EMP_FNAME"": ""Arnelle"", ""COUNT_EMP_FNAME_"": 1}, {""EMP_FNAME"": ""Carlos"", ""COUNT_EMP_FNAME_"": 1}, {""EMP_FNAME"": ""Doreen"", ""COUNT_EMP_FNAME_"": 1}, {""EMP_FNAME"": ""George"", ""COUNT_EMP_FNAME_"": 1}, {""EMP_FNAME"": ""Gerald"", ""COUNT_EMP_FNAME_"": 1}, {""EMP_FNAME"": ""Herman"", ""COUNT_EMP_FNAME_"": 1}, {""EMP_FNAME"": ""Hermine"", ""COUNT_EMP_FNAME_"": 1}, {""EMP_FNAME"": ""Ismael"", ""COUNT_EMP_FNAME_"": 1}, {""EMP_FNAME"": ""James"", ""COUNT_EMP_FNAME_"": 1}, {""EMP_FNAME"": ""Melanie"", ""COUNT_EMP_FNAME_"": 1}, {""EMP_FNAME"": ""Peter"", ""COUNT_EMP_FNAME_"": 1}, {""EMP_FNAME"": ""Preston"", ""COUNT_EMP_FNAME_"": 1}, {""EMP_FNAME"": ""Ralph"", ""COUNT_EMP_FNAME_"": 1}, {""EMP_FNAME"": ""Robert"", ""COUNT_EMP_FNAME_"": 2}, {""EMP_FNAME"": ""Ronald"", ""COUNT_EMP_FNAME_"": 2}, {""EMP_FNAME"": ""Ross"", ""COUNT_EMP_FNAME_"": 1}, {""EMP_FNAME"": ""Van"", ""COUNT_EMP_FNAME_"": 1}, {""EMP_FNAME"": ""Willa"", ""COUNT_EMP_FNAME_"": 1}]}, ""mark"": ""bar"", ""encoding"": {""x"": {""field"": ""EMP_FNAME"", ""type"": ""nominal""}, ""y"": {""field"": ""COUNT_EMP_FNAME_"", ""type"": ""quantitative""}}}"
120,517,"How many students have a GPA below the overall average, broken down by first name?",,,,,,,,1,1,1,1,,,,,Pie,Medium,student,"{""$schema"": ""https://vega.github.io/schema/vega-lite/v6.json"", ""description"": ""Vega-Lite chart for key 517"", ""data"": {""values"": [{""STU_FNAME"": ""John"", ""COUNT_STU_FNAME_"": 2}, {""STU_FNAME"": ""Juliette"", ""COUNT_STU_FNAME_"": 1}, {""STU_FNAME"": ""William"", ""COUNT_STU_FNAME_"": 1}]}, ""mark"": ""arc"", ""encoding"": {""theta"": {""field"": ""COUNT_STU_FNAME_"", ""type"": ""quantitative""}, ""color"": {""field"": ""STU_FNAME"", ""type"": ""nominal""}}}"
121,526,"Which three departments have the highest student enrollment, and how many students are in each?",,,,,,,,1,1,1,1,,,,,Bar,Extra Hard,student,"{""$schema"": ""https://vega.github.io/schema/vega-lite/v6.json"", ""description"": ""Vega-Lite chart for key 526"", ""data"": {""values"": [{""DEPT_NAME"": ""Accounting"", ""count_"": 3}, {""DEPT_NAME"": ""Computer Info. Systems"", ""count_"": 2}, {""DEPT_NAME"": ""Biology"", ""count_"": 1}]}, ""mark"": ""bar"", ""encoding"": {""x"": {""field"": ""DEPT_NAME"", ""type"": ""nominal""}, ""y"": {""field"": ""count_"", ""type"": ""quantitative""}}}"
122,527,"Which three departments have the highest student enrollment, and what are their addresses and student counts?",,,,,,,,1,1,1,1,,,,,Pie,Extra Hard,student,"{""$schema"": ""https://vega.github.io/schema/vega-lite/v6.json"", ""description"": ""Vega-Lite chart for key 527"", ""data"": {""values"": [{""DEPT_ADDRESS"": ""KLR 211, Box 52"", ""count_"": 3}, {""DEPT_ADDRESS"": ""KLR 333, Box 56"", ""count_"": 2}, {""DEPT_ADDRESS"": ""AAK 230, Box 415"", ""count_"": 1}]}, ""mark"": ""arc"", ""encoding"": {""theta"": {""field"": ""count_"", ""type"": ""quantitative""}, ""color"": {""field"": ""DEPT_ADDRESS"", ""type"": ""nominal""}}}"
123,536,How do the maximum and average GPAs of students compare across departments?,,,,,,,,1,1,0,0,,,,,Scatter,Easy,student,"{""$schema"": ""https://vega.github.io/schema/vega-lite/v6.json"", ""description"": ""Vega-Lite chart for key 536"", ""data"": {""values"": [{""max_stu_gpa_"": 3.15, ""avg_stu_gpa_"": 2.776666666666667}, {""max_stu_gpa_"": 2.84, ""avg_stu_gpa_"": 2.84}, {""max_stu_gpa_"": 3.27, ""avg_stu_gpa_"": 3.18}, {""max_stu_gpa_"": 3.87, ""avg_stu_gpa_"": 3.87}, {""max_stu_gpa_"": 2.11, ""avg_stu_gpa_"": 2.11}]}, ""mark"": ""point"", ""encoding"": {""x"": {""field"": ""max_stu_gpa_"", ""type"": ""quantitative""}, ""y"": {""field"": ""avg_stu_gpa_"", ""type"": ""quantitative""}}}"
125,540,What’s the relationship between each department’s minimum and maximum GPA?,,,,,,,,0,0,0,0,,,,,Grouping Scatter,Easy,college_1,"{""$schema"": ""https://vega.github.io/schema/vega-lite/v6.json"", ""description"": ""Vega-Lite chart for key 540"", ""data"": {""values"": [{""classify"": ""ACCT"", ""max_stu_gpa_"": 3.15, ""min_stu_gpa_"": 2.26}, {""classify"": ""BIOL"", ""max_stu_gpa_"": 3.15, ""min_stu_gpa_"": 2.84}, {""classify"": ""CIS"", ""max_stu_gpa_"": 3.15, ""min_stu_gpa_"": 3.09}, {""classify"": ""EDU"", ""max_stu_gpa_"": 3.15, ""min_stu_gpa_"": 3.87}, {""classify"": ""ENGL"", ""max_stu_gpa_"": 3.15, ""min_stu_gpa_"": 2.11}]}, ""mark"": ""point"", ""encoding"": {""x"": {""field"": ""max_stu_gpa_"", ""type"": ""quantitative""}, ""y"": {""field"": ""min_stu_gpa_"", ""type"": ""quantitative""}, ""color"": {""field"": ""classify"", ""type"": ""nominal""}}}"
127,542,How many different locations does each school have?,,,,,,,,1,1,1,1,,,,,Pie,Medium,department,"{""$schema"": ""https://vega.github.io/schema/vega-lite/v6.json"", ""description"": ""Vega-Lite chart for key 542"", ""data"": {""values"": [{""SCHOOL_CODE"": ""A&SCI"", ""count_DISTINCT_dept_address_"": 7}, {""SCHOOL_CODE"": ""BUS"", ""count_DISTINCT_dept_address_"": 4}]}, ""mark"": ""arc"", ""encoding"": {""theta"": {""field"": ""count_DISTINCT_dept_address_"", ""type"": ""quantitative""}, ""color"": {""field"": ""SCHOOL_CODE"", ""type"": ""nominal""}}}"
129,561,How many courses does each instructor (by first name) teach?,,,,,,,,1,1,1,1,,,,,Bar,Medium,CLASS,"{""$schema"": ""https://vega.github.io/schema/vega-lite/v6.json"", ""description"": ""Vega-Lite chart for key 561"", ""data"": {""values"": [{""EMP_FNAME"": ""Arnelle"", ""COUNT_EMP_FNAME_"": 2}, {""EMP_FNAME"": ""Carlos"", ""COUNT_EMP_FNAME_"": 2}, {""EMP_FNAME"": ""Gerald"", ""COUNT_EMP_FNAME_"": 3}, {""EMP_FNAME"": ""Ismael"", ""COUNT_EMP_FNAME_"": 2}, {""EMP_FNAME"": ""Peter"", ""COUNT_EMP_FNAME_"": 3}, {""EMP_FNAME"": ""Robert"", ""COUNT_EMP_FNAME_"": 1}]}, ""mark"": ""bar"", ""encoding"": {""x"": {""field"": ""EMP_FNAME"", ""type"": ""nominal""}, ""y"": {""field"": ""COUNT_EMP_FNAME_"", ""type"": ""quantitative""}}}"
130,567,"Who are the five students with the highest GPAs, and what are their GPA values?",,,,,,,,1,1,1,1,,,,,Bar,Medium,student,"{""$schema"": ""https://vega.github.io/schema/vega-lite/v6.json"", ""description"": ""Vega-Lite chart for key 567"", ""data"": {""values"": [{""STU_FNAME"": ""Gerald"", ""STU_GPA"": 3.87}, {""STU_FNAME"": ""Anne"", ""STU_GPA"": 3.27}, {""STU_FNAME"": ""Raphael"", ""STU_GPA"": 3.15}, {""STU_FNAME"": ""Walter"", ""STU_GPA"": 3.09}, {""STU_FNAME"": ""John"", ""STU_GPA"": 2.92}]}, ""mark"": ""bar"", ""encoding"": {""x"": {""field"": ""STU_FNAME"", ""type"": ""nominal""}, ""y"": {""field"": ""STU_GPA"", ""type"": ""quantitative""}}}"
131,574,How many professors are there in each school?,,,,,,,,1,1,1,1,,,,,Bar,Medium,department,"{""$schema"": ""https://vega.github.io/schema/vega-lite/v6.json"", ""description"": ""Vega-Lite chart for key 574"", ""data"": {""values"": [{""SCHOOL_CODE"": ""A&SCI"", ""count_"": 12}, {""SCHOOL_CODE"": ""BUS"", ""count_"": 10}]}, ""mark"": ""bar"", ""encoding"": {""x"": {""field"": ""SCHOOL_CODE"", ""type"": ""nominal""}, ""y"": {""field"": ""count_"", ""type"": ""quantitative""}}}"
132,577,"How many students received an A or C in any course, grouped by their last name?",,,,,,,,1,1,1,1,,,,,Pie,Extra Hard,student,"{""$schema"": ""https://vega.github.io/schema/vega-lite/v6.json"", ""description"": ""Vega-Lite chart for key 577"", ""data"": {""values"": [{""STU_LNAME"": ""Bowser"", ""COUNT_STU_LNAME_"": 3}, {""STU_LNAME"": ""Smithson"", ""COUNT_STU_LNAME_"": 1}]}, ""mark"": ""arc"", ""encoding"": {""theta"": {""field"": ""COUNT_STU_LNAME_"", ""type"": ""quantitative""}, ""color"": {""field"": ""STU_LNAME"", ""type"": ""nominal""}}}"
134,591,"How many courses does the Psychology department offer each year, broken down by semester?",,,,,,,,1,1,1,0,,,,,Grouping Line,Extra Hard,college_2,"{""$schema"": ""https://vega.github.io/schema/vega-lite/v6.json"", ""description"": ""Vega-Lite chart for key 591"", ""data"": {""values"": [{""classify"": ""Fall"", ""year"": ""2003"", ""COUNT_year_"": 1}, {""classify"": ""Fall"", ""year"": ""2004"", ""COUNT_year_"": 1}, {""classify"": ""Fall"", ""year"": ""2005"", ""COUNT_year_"": 1}, {""classify"": ""Fall"", ""year"": ""2006"", ""COUNT_year_"": 0}, {""classify"": ""Fall"", ""year"": ""2007"", ""COUNT_year_"": 0}, {""classify"": ""Fall"", ""year"": ""2008"", ""COUNT_year_"": 0}, {""classify"": ""Fall"", ""year"": ""2009"", ""COUNT_year_"": 0}, {""classify"": ""Spring"", ""year"": ""2003"", ""COUNT_year_"": 1}, {""classify"": ""Spring"", ""year"": ""2004"", ""COUNT_year_"": 0}, {""classify"": ""Spring"", ""year"": ""2005"", ""COUNT_year_"": 1}, {""classify"": ""Spring"", ""year"": ""2006"", ""COUNT_year_"": 2}, {""classify"": ""Spring"", ""year"": ""2007"", ""COUNT_year_"": 2}, {""classify"": ""Spring"", ""year"": ""2008"", ""COUNT_year_"": 2}, {""classify"": ""Spring"", ""year"": ""2009"", ""COUNT_year_"": 1}]}, ""mark"": ""line"", ""encoding"": {""x"": {""field"": ""year"", ""type"": ""nominal""}, ""y"": {""field"": ""COUNT_year_"", ""type"": ""quantitative""}, ""color"": {""field"": ""classify"", ""type"": ""nominal""}}}"
135,593,How many courses does the Psychology department offer in each semester?,,,,,,,,1,1,1,1,,,,,Bar,Extra Hard,course,"{""$schema"": ""https://vega.github.io/schema/vega-lite/v6.json"", ""description"": ""Vega-Lite chart for key 593"", ""data"": {""values"": [{""semester"": ""Fall"", ""COUNT_semester_"": 3}, {""semester"": ""Spring"", ""COUNT_semester_"": 9}]}, ""mark"": ""bar"", ""encoding"": {""x"": {""field"": ""semester"", ""type"": ""nominal""}, ""y"": {""field"": ""COUNT_semester_"", ""type"": ""quantitative""}}}"
139,616,What's the total salary for each department?,,,,,,,,1,1,1,1,,,,,Bar,Medium,instructor,"{""$schema"": ""https://vega.github.io/schema/vega-lite/v6.json"", ""description"": ""Vega-Lite chart for key 616"", ""data"": {""values"": [{""dept_name"": ""Accounting"", ""SUM_salary_"": 194865}, {""dept_name"": ""Astronomy"", ""SUM_salary_"": 79070}, {""dept_name"": ""Athletics"", ""SUM_salary_"": 385488}, {""dept_name"": ""Biology"", ""SUM_salary_"": 122574}, {""dept_name"": ""Comp. Sci."", ""SUM_salary_"": 196266}, {""dept_name"": ""Cybernetics"", ""SUM_salary_"": 385383}, {""dept_name"": ""Elec. Eng."", ""SUM_salary_"": 296649}, {""dept_name"": ""English"", ""SUM_salary_"": 288354}, {""dept_name"": ""Finance"", ""SUM_salary_"": 105311}, {""dept_name"": ""Geology"", ""SUM_salary_"": 99382}, {""dept_name"": ""Languages"", ""SUM_salary_"": 172264}, {""dept_name"": ""Marketing"", ""SUM_salary_"": 336388}, {""dept_name"": ""Mech. Eng."", ""SUM_salary_"": 159625}, {""dept_name"": ""Physics"", ""SUM_salary_"": 229152}, {""dept_name"": ""Pol. Sci."", ""SUM_salary_"": 300158}, {""dept_name"": ""Psychology"", ""SUM_salary_"": 122285}, {""dept_name"": ""Statistics"", ""SUM_salary_"": 406770}]}, ""mark"": ""bar"", ""encoding"": {""x"": {""field"": ""dept_name"", ""type"": ""nominal""}, ""y"": {""field"": ""SUM_salary_"", ""type"": ""quantitative""}}}"
140,617,What's the average salary for each department?,,,,,,,,1,1,1,1,,,,,Bar,Medium,instructor,"{""$schema"": ""https://vega.github.io/schema/vega-lite/v6.json"", ""description"": ""Vega-Lite chart for key 617"", ""data"": {""values"": [{""dept_name"": ""Accounting"", ""AVG_salary_"": 48716.25}, {""dept_name"": ""Astronomy"", ""AVG_salary_"": 79070}, {""dept_name"": ""Athletics"", ""AVG_salary_"": 77097.6}, {""dept_name"": ""Biology"", ""AVG_salary_"": 61287}, {""dept_name"": ""Comp. Sci."", ""AVG_salary_"": 98133}, {""dept_name"": ""Cybernetics"", ""AVG_salary_"": 96345.75}, {""dept_name"": ""Elec. Eng."", ""AVG_salary_"": 74162.25}, {""dept_name"": ""English"", ""AVG_salary_"": 72088.5}, {""dept_name"": ""Finance"", ""AVG_salary_"": 105311}, {""dept_name"": ""Geology"", ""AVG_salary_"": 99382}, {""dept_name"": ""Languages"", ""AVG_salary_"": 57421.333333333336}, {""dept_name"": ""Marketing"", ""AVG_salary_"": 84097}, {""dept_name"": ""Mech. Eng."", ""AVG_salary_"": 79812.5}, {""dept_name"": ""Physics"", ""AVG_salary_"": 114576}, {""dept_name"": ""Pol. Sci."", ""AVG_salary_"": 100052.66666666667}, {""dept_name"": ""Psychology"", ""AVG_salary_"": 61142.5}, {""dept_name"": ""Statistics"", ""AVG_salary_"": 67795}]}, ""mark"": ""bar"", ""encoding"": {""x"": {""field"": ""dept_name"", ""type"": ""nominal""}, ""y"": {""field"": ""AVG_salary_"", ""type"": ""quantitative""}}}"
143,659,"What are the last names of female students, and how many of each appear?",,,,,,,,1,1,1,1,,,,,Bar,Hard,STUDENT,"{""$schema"": ""https://vega.github.io/schema/vega-lite/v6.json"", ""description"": ""Vega-Lite chart for key 659"", ""data"": {""values"": [{""LName"": ""Apap"", ""COUNT_LName_"": 1}, {""LName"": ""Cheng"", ""COUNT_LName_"": 1}, {""LName"": ""Jones"", ""COUNT_LName_"": 1}, {""LName"": ""Kim"", ""COUNT_LName_"": 1}, {""LName"": ""Lee"", ""COUNT_LName_"": 1}, {""LName"": ""Nelson"", ""COUNT_LName_"": 1}, {""LName"": ""Prater"", ""COUNT_LName_"": 1}, {""LName"": ""Schmidt"", ""COUNT_LName_"": 1}, {""LName"": ""Smith"", ""COUNT_LName_"": 2}]}, ""mark"": ""bar"", ""encoding"": {""x"": {""field"": ""LName"", ""type"": ""nominal""}, ""y"": {""field"": ""COUNT_LName_"", ""type"": ""quantitative""}}}"
144,664,What’s the total Credits for each Day?,,,,,,,,1,1,1,1,,,,,Bar,Medium,COURSE,"{""$schema"": ""https://vega.github.io/schema/vega-lite/v6.json"", ""description"": ""Vega-Lite chart for key 664"", ""data"": {""values"": [{""Days"": ""Th"", ""SUM_Credits_"": 17}, {""Days"": ""W"", ""SUM_Credits_"": 11}, {""Days"": ""MT"", ""SUM_Credits_"": 9}, {""Days"": ""M"", ""SUM_Credits_"": 18}, {""Days"": ""MTW"", ""SUM_Credits_"": 121}, {""Days"": ""MW"", ""SUM_Credits_"": 15}, {""Days"": ""T"", ""SUM_Credits_"": 9}, {""Days"": ""TTh"", ""SUM_Credits_"": 3}, {""Days"": ""TW"", ""SUM_Credits_"": 3}, {""Days"": ""ThF"", ""SUM_Credits_"": 22}, {""Days"": ""Tu"", ""SUM_Credits_"": 3}]}, ""mark"": ""bar"", ""encoding"": {""x"": {""field"": ""Days"", ""type"": ""nominal""}, ""y"": {""field"": ""SUM_Credits_"", ""type"": ""quantitative""}}}"
147,676,What’s the count of each course that has at least five enrollments?,,,,,,,,1,1,1,1,,,,,Bar,Hard,COURSE,"{""$schema"": ""https://vega.github.io/schema/vega-lite/v6.json"", ""description"": ""Vega-Lite chart for key 676"", ""data"": {""values"": [{""CName"": ""ALGORITHMS I"", ""COUNT_CName_"": 1}, {""CName"": ""APPLIED STATISTICS AND DATA ANALYSIS"", ""COUNT_CName_"": 1}, {""CName"": ""CIRCUITS"", ""COUNT_CName_"": 1}, {""CName"": ""COMBINATORIAL ANALYSIS"", ""COUNT_CName_"": 1}, {""CName"": ""COMPUTER SYSTEM FUNDAMENTALS"", ""COUNT_CName_"": 1}, {""CName"": ""COMPUTER VISION"", ""COUNT_CName_"": 1}, {""CName"": ""DATA STRUCTURES in JAVA"", ""COUNT_CName_"": 1}, {""CName"": ""DATABASE SYSTEMS"", ""COUNT_CName_"": 2}, {""CName"": ""DISTRIBUTED SYSTEMS"", ""COUNT_CName_"": 2}, {""CName"": ""EXPLORING THE INTERNET"", ""COUNT_CName_"": 1}, {""CName"": ""INTRO TO NATURAL LANGUAGE PROCESSING"", ""COUNT_CName_"": 1}, {""CName"": ""INTRO TO PROGRAMMING IN JAVA"", ""COUNT_CName_"": 1}, {""CName"": ""INTRODUCTION TO PROBABILITY"", ""COUNT_CName_"": 1}, {""CName"": ""MULTIMEDIA COMPUTING"", ""COUNT_CName_"": 1}, {""CName"": ""QUANTITATIVE MEDICAL COMPUTING"", ""COUNT_CName_"": 1}, {""CName"": ""SUPERCOMPUTING"", ""COUNT_CName_"": 1}]}, ""mark"": ""bar"", ""encoding"": {""x"": {""field"": ""CName"", ""type"": ""nominal""}, ""y"": {""field"": ""COUNT_CName_"", ""type"": ""quantitative""}}}"
148,688,What are the names and assets of each company?,,,,,,,,1,1,1,0,,,,,Bar,Easy,Companies,"{""$schema"": ""https://vega.github.io/schema/vega-lite/v6.json"", ""description"": ""Vega-Lite chart for key 688"", ""data"": {""values"": [{""name"": ""AT&T Inc."", ""Assets_billion"": 268.5}, {""name"": ""BNP Paribas"", ""Assets_billion"": 2680.7}, {""name"": ""Berkshire Hathaway"", ""Assets_billion"": 372.2}, {""name"": ""Chevron"", ""Assets_billion"": 184.8}, {""name"": ""China Construction Bank"", ""Assets_billion"": 1408}, {""name"": ""Citigroup"", ""Assets_billion"": 1913.9}, {""name"": ""ExxonMobil"", ""Assets_billion"": 302.5}, {""name"": ""Gazprom"", ""Assets_billion"": 275.9}, {""name"": ""General Electric"", ""Assets_billion"": 751.2}, {""name"": ""HSBC"", ""Assets_billion"": 2467.9}, {""name"": ""Industrial and Commercial Bank of China"", ""Assets_billion"": 1723.5}, {""name"": ""JPMorgan Chase"", ""Assets_billion"": 2117.6}, {""name"": ""PetroChina"", ""Assets_billion"": 251.3}, {""name"": ""Petrobras"", ""Assets_billion"": 313.2}, {""name"": ""Royal Dutch Shell"", ""Assets_billion"": 317.2}, {""name"": ""Santander Group"", ""Assets_billion"": 1570.6}, {""name"": ""Total"", ""Assets_billion"": 192.8}, {""name"": ""Walmart"", ""Assets_billion"": 180.7}, {""name"": ""Wells Fargo"", ""Assets_billion"": 1258.1}]}, ""mark"": ""bar"", ""encoding"": {""x"": {""field"": ""name"", ""type"": ""nominal""}, ""y"": {""field"": ""Assets_billion"", ""type"": ""quantitative""}}}"
150,693,How many singers are there in each country?,,,,,,,,1,1,1,1,,,,,Bar,Easy,singer,"{""$schema"": ""https://vega.github.io/schema/vega-lite/v6.json"", ""description"": ""Vega-Lite chart for key 693"", ""data"": {""values"": [{""Country"": ""France"", ""COUNT_Country_"": 4}, {""Country"": ""Netherlands"", ""COUNT_Country_"": 1}, {""Country"": ""United States"", ""COUNT_Country_"": 1}]}, ""mark"": ""bar"", ""encoding"": {""x"": {""field"": ""Country"", ""type"": ""nominal""}, ""y"": {""field"": ""COUNT_Country_"", ""type"": ""quantitative""}}}"
151,697,What are the singers’ ages?,,,,,,,,1,1,1,1,,,,,Bar,Easy,singer,"{""$schema"": ""https://vega.github.io/schema/vega-lite/v6.json"", ""description"": ""Vega-Lite chart for key 697"", ""data"": {""values"": [{""Name"": ""Joe Sharp"", ""Age"": 52}, {""Name"": ""John Nizinik"", ""Age"": 43}, {""Name"": ""Rose White"", ""Age"": 41}, {""Name"": ""Timbaland"", ""Age"": 32}, {""Name"": ""Justin Brown"", ""Age"": 29}, {""Name"": ""Tribal King"", ""Age"": 25}]}, ""mark"": ""bar"", ""encoding"": {""x"": {""field"": ""Name"", ""type"": ""nominal""}, ""y"": {""field"": ""Age"", ""type"": ""quantitative""}}}"
152,699,What’s the number of concerts for each singer?,,,,,,,,1,1,1,1,,,,,Pie,Medium,singer_in_concert,"{""$schema"": ""https://vega.github.io/schema/vega-lite/v6.json"", ""description"": ""Vega-Lite chart for key 699"", ""data"": {""values"": [{""Name"": ""Timbaland"", ""count_"": 2}, {""Name"": ""Justin Brown"", ""count_"": 3}, {""Name"": ""Rose White"", ""count_"": 1}, {""Name"": ""John Nizinik"", ""count_"": 2}, {""Name"": ""Tribal King"", ""count_"": 2}]}, ""mark"": ""arc"", ""encoding"": {""theta"": {""field"": ""count_"", ""type"": ""quantitative""}, ""color"": {""field"": ""Name"", ""type"": ""nominal""}}}"
154,708,How many counties are served by each police force?,,,,,,,,1,1,1,1,,,,,Pie,Easy,county_public_safety,"{""$schema"": ""https://vega.github.io/schema/vega-lite/v6.json"", ""description"": ""Vega-Lite chart for key 708"", ""data"": {""values"": [{""Police_force"": ""Abbotsford Police Department"", ""COUNT_"": 1}, {""Police_force"": ""Central Saanich Police"", ""COUNT_"": 1}, {""Police_force"": ""RCMP"", ""COUNT_"": 4}]}, ""mark"": ""arc"", ""encoding"": {""theta"": {""field"": ""COUNT_"", ""type"": ""quantitative""}, ""color"": {""field"": ""Police_force"", ""type"": ""nominal""}}}"
157,718,How many courses is each teacher scheduled to teach?,,,,,,,,1,1,1,1,,,,,Pie,Medium,course_arrange,"{""$schema"": ""https://vega.github.io/schema/vega-lite/v6.json"", ""description"": ""Vega-Lite chart for key 718"", ""data"": {""values"": [{""Name"": ""Anne Walker"", ""COUNT_Name_"": 2}, {""Name"": ""Gustaaf Deloor"", ""COUNT_Name_"": 1}, {""Name"": ""Kearsley Brown"", ""COUNT_Name_"": 1}, {""Name"": ""Lucy Wong"", ""COUNT_Name_"": 1}, {""Name"": ""Vicente Carretero"", ""COUNT_Name_"": 1}]}, ""mark"": ""arc"", ""encoding"": {""theta"": {""field"": ""COUNT_Name_"", ""type"": ""quantitative""}, ""color"": {""field"": ""Name"", ""type"": ""nominal""}}}"
158,722,What’s the headcount for each role?,,,,,,,,1,1,1,1,,,,,Pie,Medium,ROLES,"{""$schema"": ""https://vega.github.io/schema/vega-lite/v6.json"", ""description"": ""Vega-Lite chart for key 722"", ""data"": {""values"": [{""role_description"": ""Editor"", ""count_"": 2}, {""role_description"": ""Manager"", ""count_"": 1}, {""role_description"": ""Proof Manager"", ""count_"": 1}, {""role_description"": ""Photo"", ""count_"": 2}]}, ""mark"": ""arc"", ""encoding"": {""theta"": {""field"": ""count_"", ""type"": ""quantitative""}, ""color"": {""field"": ""role_description"", ""type"": ""nominal""}}}"
159,743,What are the template type codes and how many documents use each one?,,,,,,,,1,1,1,1,,,,,Pie,Medium,Templates,"{""$schema"": ""https://vega.github.io/schema/vega-lite/v6.json"", ""description"": ""Vega-Lite chart for key 743"", ""data"": {""values"": [{""Template_Type_Code"": ""AD"", ""count_"": 3}, {""Template_Type_Code"": ""BK"", ""count_"": 5}, {""Template_Type_Code"": ""PP"", ""count_"": 4}, {""Template_Type_Code"": ""PPT"", ""count_"": 3}]}, ""mark"": ""arc"", ""encoding"": {""theta"": {""field"": ""count_"", ""type"": ""quantitative""}, ""color"": {""field"": ""Template_Type_Code"", ""type"": ""nominal""}}}"
160,744,What are the template type codes and how many documents use each one?,,,,,,,,1,1,1,1,,,,,Bar,Medium,Templates,"{""$schema"": ""https://vega.github.io/schema/vega-lite/v6.json"", ""description"": ""Vega-Lite chart for key 744"", ""data"": {""values"": [{""Template_Type_Code"": ""AD"", ""count_"": 3}, {""Template_Type_Code"": ""BK"", ""count_"": 5}, {""Template_Type_Code"": ""PP"", ""count_"": 4}, {""Template_Type_Code"": ""PPT"", ""count_"": 3}]}, ""mark"": ""bar"", ""encoding"": {""x"": {""field"": ""Template_Type_Code"", ""type"": ""nominal""}, ""y"": {""field"": ""count_"", ""type"": ""quantitative""}}}"
161,747,Could you list the paragraphs in the “Customer reviews” document and show their counts?,,,,,,,,1,1,1,1,,,,,Pie,Hard,Paragraphs,"{""$schema"": ""https://vega.github.io/schema/vega-lite/v6.json"", ""description"": ""Vega-Lite chart for key 747"", ""data"": {""values"": [{""Paragraph_Text"": ""Korea"", ""COUNT_Paragraph_Text_"": 2}, {""Paragraph_Text"": ""Ukraine"", ""COUNT_Paragraph_Text_"": 1}]}, ""mark"": ""arc"", ""encoding"": {""theta"": {""field"": ""COUNT_Paragraph_Text_"", ""type"": ""quantitative""}, ""color"": {""field"": ""Paragraph_Text"", ""type"": ""nominal""}}}"
162,770,What’s the count of documents for each starting date?,,,,,,,,1,1,1,0,,,,,Line,Easy,Document_locations,"{""$schema"": ""https://vega.github.io/schema/vega-lite/v6.json"", ""description"": ""Vega-Lite chart for key 770"", ""data"": {""values"": [{""Date_in_Location_From"": ""1972-03-31"", ""COUNT_Date_in_Location_From_"": 3}, {""Date_in_Location_From"": ""1985-05-13"", ""COUNT_Date_in_Location_From_"": 1}, {""Date_in_Location_From"": ""1986-10-14"", ""COUNT_Date_in_Location_From_"": 2}, {""Date_in_Location_From"": ""1997-03-10"", ""COUNT_Date_in_Location_From_"": 1}, {""Date_in_Location_From"": ""2008-06-08"", ""COUNT_Date_in_Location_From_"": 1}, {""Date_in_Location_From"": ""2009-08-18"", ""COUNT_Date_in_Location_From_"": 1}, {""Date_in_Location_From"": ""2010-11-26"", ""COUNT_Date_in_Location_From_"": 1}, {""Date_in_Location_From"": ""2017-01-06"", ""COUNT_Date_in_Location_From_"": 5}]}, ""mark"": ""line"", ""encoding"": {""x"": {""field"": ""Date_in_Location_From"", ""type"": ""nominal""}, ""y"": {""field"": ""COUNT_Date_in_Location_From_"", ""type"": ""quantitative""}}}"
164,781,What’s the count of employees for each role?,,,,,,,,1,1,1,1,,,,,Pie,Easy,Employees,"{""$schema"": ""https://vega.github.io/schema/vega-lite/v6.json"", ""description"": ""Vega-Lite chart for key 781"", ""data"": {""values"": [{""Role_Code"": ""ED"", ""count_"": 7}, {""Role_Code"": ""HR"", ""count_"": 1}, {""Role_Code"": ""MG"", ""count_"": 1}, {""Role_Code"": ""PR"", ""count_"": 5}, {""Role_Code"": ""PT"", ""count_"": 1}]}, ""mark"": ""arc"", ""encoding"": {""theta"": {""field"": ""count_"", ""type"": ""quantitative""}, ""color"": {""field"": ""Role_Code"", ""type"": ""nominal""}}}"
165,789,Could you plot the calendar dates versus their day numbers?,,,,,,,,1,1,1,0,,,,,Line,Easy,Ref_calendar,"{""$schema"": ""https://vega.github.io/schema/vega-lite/v6.json"", ""description"": ""Vega-Lite chart for key 789"", ""data"": {""values"": [{""Calendar_Date"": ""1972-03-31"", ""Day_Number"": 5}, {""Calendar_Date"": ""1976-06-15"", ""Day_Number"": 7}, {""Calendar_Date"": ""1985-05-13"", ""Day_Number"": 7}, {""Calendar_Date"": ""1986-10-14"", ""Day_Number"": 1}, {""Calendar_Date"": ""1987-11-05"", ""Day_Number"": 3}, {""Calendar_Date"": ""1988-02-01"", ""Day_Number"": 8}, {""Calendar_Date"": ""1994-11-15"", ""Day_Number"": 9}, {""Calendar_Date"": ""1995-01-01"", ""Day_Number"": 1}, {""Calendar_Date"": ""1997-03-10"", ""Day_Number"": 7}, {""Calendar_Date"": ""2007-05-28"", ""Day_Number"": 2}, {""Calendar_Date"": ""2008-06-08"", ""Day_Number"": 3}, {""Calendar_Date"": ""2009-08-18"", ""Day_Number"": 8}, {""Calendar_Date"": ""2010-11-26"", ""Day_Number"": 7}, {""Calendar_Date"": ""2012-07-03"", ""Day_Number"": 7}, {""Calendar_Date"": ""2017-01-06"", ""Day_Number"": 8}]}, ""mark"": ""line"", ""encoding"": {""x"": {""field"": ""Calendar_Date"", ""type"": ""nominal""}, ""y"": {""field"": ""Day_Number"", ""type"": ""quantitative""}}}"
166,790,What are the location codes and how many documents are in each?,,,,,,,,1,1,1,1,,,,,Pie,Easy,Document_locations,"{""$schema"": ""https://vega.github.io/schema/vega-lite/v6.json"", ""description"": ""Vega-Lite chart for key 790"", ""data"": {""values"": [{""Location_Code"": ""b"", ""count_"": 3}, {""Location_Code"": ""c"", ""count_"": 2}, {""Location_Code"": ""e"", ""count_"": 4}, {""Location_Code"": ""n"", ""count_"": 1}, {""Location_Code"": ""x"", ""count_"": 5}]}, ""mark"": ""arc"", ""encoding"": {""theta"": {""field"": ""count_"", ""type"": ""quantitative""}, ""color"": {""field"": ""Location_Code"", ""type"": ""nominal""}}}"
168,802,What’s the distribution of document counts across the different budget‑type codes?,,,,,,,,1,1,1,1,,,,,Pie,Easy,Documents_with_expenses,"{""$schema"": ""https://vega.github.io/schema/vega-lite/v6.json"", ""description"": ""Vega-Lite chart for key 802"", ""data"": {""values"": [{""Budget_Type_Code"": ""GV"", ""count_"": 6}, {""Budget_Type_Code"": ""ORG"", ""count_"": 2}, {""Budget_Type_Code"": ""SF"", ""count_"": 2}]}, ""mark"": ""arc"", ""encoding"": {""theta"": {""field"": ""count_"", ""type"": ""quantitative""}, ""color"": {""field"": ""Budget_Type_Code"", ""type"": ""nominal""}}}"
169,803,How many documents are there for each budget type?,,,,,,,,1,1,1,1,,,,,Bar,Easy,Documents_with_expenses,"{""$schema"": ""https://vega.github.io/schema/vega-lite/v6.json"", ""description"": ""Vega-Lite chart for key 803"", ""data"": {""values"": [{""Budget_Type_Code"": ""GV"", ""count_"": 6}, {""Budget_Type_Code"": ""ORG"", ""count_"": 2}, {""Budget_Type_Code"": ""SF"", ""count_"": 2}]}, ""mark"": ""bar"", ""encoding"": {""x"": {""field"": ""Budget_Type_Code"", ""type"": ""nominal""}, ""y"": {""field"": ""count_"", ""type"": ""quantitative""}}}"
171,812,What’s the count of accounts for each statement detail?,,,,,,,,1,1,1,1,,,,,Bar,Medium,Accounts,"{""$schema"": ""https://vega.github.io/schema/vega-lite/v6.json"", ""description"": ""Vega-Lite chart for key 812"", ""data"": {""values"": [{""Statement_Details"": ""Open Project"", ""COUNT_Statement_Details_"": 9}, {""Statement_Details"": ""Private Project"", ""COUNT_Statement_Details_"": 6}]}, ""mark"": ""bar"", ""encoding"": {""x"": {""field"": ""Statement_Details"", ""type"": ""nominal""}, ""y"": {""field"": ""COUNT_Statement_Details_"", ""type"": ""quantitative""}}}"
172,815,What’s the total sum of account details for each statement category?,,,,,,,,1,1,1,1,,,,,Pie,Medium,Accounts,"{""$schema"": ""https://vega.github.io/schema/vega-lite/v6.json"", ""description"": ""Vega-Lite chart for key 815"", ""data"": {""values"": [{""Statement_Details"": ""Open Project"", ""SUM_Account_Details_"": 20316}, {""Statement_Details"": ""Private Project"", ""SUM_Account_Details_"": 21335}]}, ""mark"": ""arc"", ""encoding"": {""theta"": {""field"": ""SUM_Account_Details_"", ""type"": ""quantitative""}, ""color"": {""field"": ""Statement_Details"", ""type"": ""nominal""}}}"
173,817,What's the average account detail for each statement category?,,,,,,,,1,1,1,1,,,,,Bar,Medium,Accounts,"{""$schema"": ""https://vega.github.io/schema/vega-lite/v6.json"", ""description"": ""Vega-Lite chart for key 817"", ""data"": {""values"": [{""Statement_Details"": ""Open Project"", ""AVG_Account_Details_"": 2257.3333333333335}, {""Statement_Details"": ""Private Project"", ""AVG_Account_Details_"": 3555.8333333333335}]}, ""mark"": ""bar"", ""encoding"": {""x"": {""field"": ""Statement_Details"", ""type"": ""nominal""}, ""y"": {""field"": ""AVG_Account_Details_"", ""type"": ""quantitative""}}}"
174,832,What’s the count of documents for each budget‑type code?,,,,,,,,1,1,1,1,,,,,Bar,Medium,Documents_with_expenses,"{""$schema"": ""https://vega.github.io/schema/vega-lite/v6.json"", ""description"": ""Vega-Lite chart for key 832"", ""data"": {""values"": [{""Budget_Type_Code"": ""GV"", ""COUNT_Budget_Type_Code_"": 6}, {""Budget_Type_Code"": ""ORG"", ""COUNT_Budget_Type_Code_"": 2}, {""Budget_Type_Code"": ""SF"", ""COUNT_Budget_Type_Code_"": 2}]}, ""mark"": ""bar"", ""encoding"": {""x"": {""field"": ""Budget_Type_Code"", ""type"": ""nominal""}, ""y"": {""field"": ""COUNT_Budget_Type_Code_"", ""type"": ""quantitative""}}}"
175,834,What’s the breakdown of document counts by budget‑type code?,,,,,,,,1,1,1,1,,,,,Pie,Medium,Documents_with_expenses,"{""$schema"": ""https://vega.github.io/schema/vega-lite/v6.json"", ""description"": ""Vega-Lite chart for key 834"", ""data"": {""values"": [{""Budget_Type_Code"": ""GV"", ""COUNT_Budget_Type_Code_"": 6}, {""Budget_Type_Code"": ""ORG"", ""COUNT_Budget_Type_Code_"": 2}, {""Budget_Type_Code"": ""SF"", ""COUNT_Budget_Type_Code_"": 2}]}, ""mark"": ""arc"", ""encoding"": {""theta"": {""field"": ""COUNT_Budget_Type_Code_"", ""type"": ""quantitative""}, ""color"": {""field"": ""Budget_Type_Code"", ""type"": ""nominal""}}}"
176,838,What's the distribution of document counts across the different budget‑type descriptions?,,,,,,,,1,1,1,1,,,,,Pie,Medium,Documents_with_expenses,"{""$schema"": ""https://vega.github.io/schema/vega-lite/v6.json"", ""description"": ""Vega-Lite chart for key 838"", ""data"": {""values"": [{""Budget_Type_Description"": ""Government"", ""COUNT_Budget_Type_Description_"": 6}, {""Budget_Type_Description"": ""Organisation"", ""COUNT_Budget_Type_Description_"": 2}, {""Budget_Type_Description"": ""Self founded"", ""COUNT_Budget_Type_Description_"": 2}]}, ""mark"": ""arc"", ""encoding"": {""theta"": {""field"": ""COUNT_Budget_Type_Description_"", ""type"": ""quantitative""}, ""color"": {""field"": ""Budget_Type_Description"", ""type"": ""nominal""}}}"
177,856,"Which workshop groups have bookings with the “stop” status, and how many are there?",,,,,,,,1,1,1,1,,,,,Pie,Hard,Bookings,"{""$schema"": ""https://vega.github.io/schema/vega-lite/v6.json"", ""description"": ""Vega-Lite chart for key 856"", ""data"": {""values"": [{""Store_Name"": ""Bednar Film"", ""COUNT_Store_Name_"": 1}, {""Store_Name"": ""Kling Workshop"", ""COUNT_Store_Name_"": 1}, {""Store_Name"": ""Queen Art"", ""COUNT_Store_Name_"": 1}, {""Store_Name"": ""Warino Photo"", ""COUNT_Store_Name_"": 2}]}, ""mark"": ""arc"", ""encoding"": {""theta"": {""field"": ""COUNT_Store_Name_"", ""type"": ""quantitative""}, ""color"": {""field"": ""Store_Name"", ""type"": ""nominal""}}}"
178,858,What’s the average price for each product?,,,,,,,,1,1,1,1,,,,,Pie,Easy,PRODUCTS,"{""$schema"": ""https://vega.github.io/schema/vega-lite/v6.json"", ""description"": ""Vega-Lite chart for key 858"", ""data"": {""values"": [{""Product_Name"": ""dinning"", ""avg_Product_Price_"": 238704.33333333328}, {""Product_Name"": ""film"", ""avg_Product_Price_"": 11385515.333333336}, {""Product_Name"": ""photo"", ""avg_Product_Price_"": 5102691.666666667}]}, ""mark"": ""arc"", ""encoding"": {""theta"": {""field"": ""avg_Product_Price_"", ""type"": ""quantitative""}, ""color"": {""field"": ""Product_Name"", ""type"": ""nominal""}}}"
179,868,"What are the dates of orders priced over $1,000, and how many occurred on each date?",,,,,,,,0,1,1,0,,,,,Line,Hard,Customer_Orders,"{""$schema"": ""https://vega.github.io/schema/vega-lite/v6.json"", ""description"": ""Vega-Lite chart for key 868"", ""data"": {""values"": [{""Order_Date"": ""1981-06-20"", ""COUNT_Order_Date_"": 2}, {""Order_Date"": ""1985-05-29"", ""COUNT_Order_Date_"": 1}, {""Order_Date"": ""1988-11-13"", ""COUNT_Order_Date_"": 1}, {""Order_Date"": ""1994-08-03"", ""COUNT_Order_Date_"": 1}, {""Order_Date"": ""1998-03-10"", ""COUNT_Order_Date_"": 1}, {""Order_Date"": ""1999-11-20"", ""COUNT_Order_Date_"": 2}, {""Order_Date"": ""2000-07-03"", ""COUNT_Order_Date_"": 1}, {""Order_Date"": ""2008-04-02"", ""COUNT_Order_Date_"": 1}, {""Order_Date"": ""2011-01-05"", ""COUNT_Order_Date_"": 3}, {""Order_Date"": ""2014-07-10"", ""COUNT_Order_Date_"": 1}]}, ""mark"": ""line"", ""encoding"": {""x"": {""field"": ""Order_Date"", ""type"": ""nominal""}, ""y"": {""field"": ""COUNT_Order_Date_"", ""type"": ""quantitative""}}}"
180,874,What's the count of services for each service‑type description?,,,,,,,,1,1,1,1,,,,,Pie,Medium,Ref_Service_Types,"{""$schema"": ""https://vega.github.io/schema/vega-lite/v6.json"", ""description"": ""Vega-Lite chart for key 874"", ""data"": {""values"": [{""Service_Type_Description"": ""provide photo service"", ""COUNT_"": 5}, {""Service_Type_Description"": ""provide dinning service"", ""COUNT_"": 5}, {""Service_Type_Description"": ""provide filming service"", ""COUNT_"": 3}, {""Service_Type_Description"": ""provide adv promoting service"", ""COUNT_"": 2}]}, ""mark"": ""arc"", ""encoding"": {""theta"": {""field"": ""COUNT_"", ""type"": ""quantitative""}, ""color"": {""field"": ""Service_Type_Description"", ""type"": ""nominal""}}}"
181,875,What's the number of services for each service‑type description?,,,,,,,,1,1,1,1,,,,,Bar,Medium,Ref_Service_Types,"{""$schema"": ""https://vega.github.io/schema/vega-lite/v6.json"", ""description"": ""Vega-Lite chart for key 875"", ""data"": {""values"": [{""Service_Type_Description"": ""provide photo service"", ""COUNT_"": 5}, {""Service_Type_Description"": ""provide dinning service"", ""COUNT_"": 5}, {""Service_Type_Description"": ""provide filming service"", ""COUNT_"": 3}, {""Service_Type_Description"": ""provide adv promoting service"", ""COUNT_"": 2}]}, ""mark"": ""bar"", ""encoding"": {""x"": {""field"": ""Service_Type_Description"", ""type"": ""nominal""}, ""y"": {""field"": ""COUNT_"", ""type"": ""quantitative""}}}"
182,880,What’s the count of actual delivery dates for orders with a quantity of 1?,,,,,,,,1,1,1,0,,,,,Line,Hard,Customer_Orders,"{""$schema"": ""https://vega.github.io/schema/vega-lite/v6.json"", ""description"": ""Vega-Lite chart for key 880"", ""data"": {""values"": [{""Actual_Delivery_Date"": ""1990-11-14"", ""COUNT_Actual_Delivery_Date_"": 1}, {""Actual_Delivery_Date"": ""1992-07-21"", ""COUNT_Actual_Delivery_Date_"": 1}, {""Actual_Delivery_Date"": ""1993-09-16"", ""COUNT_Actual_Delivery_Date_"": 2}, {""Actual_Delivery_Date"": ""1998-08-22"", ""COUNT_Actual_Delivery_Date_"": 1}, {""Actual_Delivery_Date"": ""2004-03-27"", ""COUNT_Actual_Delivery_Date_"": 2}, {""Actual_Delivery_Date"": ""2011-04-13"", ""COUNT_Actual_Delivery_Date_"": 1}, {""Actual_Delivery_Date"": ""2015-06-20"", ""COUNT_Actual_Delivery_Date_"": 1}]}, ""mark"": ""line"", ""encoding"": {""x"": {""field"": ""Actual_Delivery_Date"", ""type"": ""nominal""}, ""y"": {""field"": ""COUNT_Actual_Delivery_Date_"", ""type"": ""quantitative""}}}"
184,887,"What are the different ways to get to attractions, and how many attractions can be reached by each method?",,,,,,,,1,1,1,1,,,,,Pie,Easy,Tourist_Attractions,"{""$schema"": ""https://vega.github.io/schema/vega-lite/v6.json"", ""description"": ""Vega-Lite chart for key 887"", ""data"": {""values"": [{""How_to_Get_There"": ""bus"", ""COUNT_"": 6}, {""How_to_Get_There"": ""shuttle"", ""COUNT_"": 4}, {""How_to_Get_There"": ""walk"", ""COUNT_"": 5}]}, ""mark"": ""arc"", ""encoding"": {""theta"": {""field"": ""COUNT_"", ""type"": ""quantitative""}, ""color"": {""field"": ""How_to_Get_There"", ""type"": ""nominal""}}}"
186,908,What’s the average product price for each category?,,,,,,,,1,1,1,1,,,,,Pie,Easy,products,"{""$schema"": ""https://vega.github.io/schema/vega-lite/v6.json"", ""description"": ""Vega-Lite chart for key 908"", ""data"": {""values"": [{""product_category_code"": ""Book"", ""avg_product_price_"": 35}, {""product_category_code"": ""Food"", ""avg_product_price_"": 2.88}, {""product_category_code"": ""Hardware"", ""avg_product_price_"": 66.67}]}, ""mark"": ""arc"", ""encoding"": {""theta"": {""field"": ""avg_product_price_"", ""type"": ""quantitative""}, ""color"": {""field"": ""product_category_code"", ""type"": ""nominal""}}}"
187,910,"Which products are there, and how many complaints has each one received?",,,,,,,,1,1,1,1,,,,,Pie,Medium,products,"{""$schema"": ""https://vega.github.io/schema/vega-lite/v6.json"", ""description"": ""Vega-Lite chart for key 910"", ""data"": {""values"": [{""product_name"": ""Chocolate"", ""count_"": 6}, {""product_name"": ""Keyboard"", ""count_"": 1}, {""product_name"": ""Mouse"", ""count_"": 1}, {""product_name"": ""The Great Gatsby"", ""count_"": 4}]}, ""mark"": ""arc"", ""encoding"": {""theta"": {""field"": ""count_"", ""type"": ""quantitative""}, ""color"": {""field"": ""product_name"", ""type"": ""nominal""}}}"
188,912,What’s the number of customers living in each state?,,,,,,,,1,1,1,1,,,,,Bar,Medium,customer_addresses,"{""$schema"": ""https://vega.github.io/schema/vega-lite/v6.json"", ""description"": ""Vega-Lite chart for key 912"", ""data"": {""values"": [{""state_province_county"": ""California"", ""count_"": 2}, {""state_province_county"": ""Colorado"", ""count_"": 2}, {""state_province_county"": ""Idaho"", ""count_"": 1}, {""state_province_county"": ""Illinois"", ""count_"": 1}, {""state_province_county"": ""Maine"", ""count_"": 1}, {""state_province_county"": ""Michigan"", ""count_"": 2}, {""state_province_county"": ""Nebraska"", ""count_"": 1}, {""state_province_county"": ""Tennessee"", ""count_"": 4}, {""state_province_county"": ""Wyoming"", ""count_"": 1}]}, ""mark"": ""bar"", ""encoding"": {""x"": {""field"": ""state_province_county"", ""type"": ""nominal""}, ""y"": {""field"": ""count_"", ""type"": ""quantitative""}}}"
189,914,How many delivered orders does each customer have?,,,,,,,,1,1,1,1,,,,,Bar,Hard,customers,"{""$schema"": ""https://vega.github.io/schema/vega-lite/v6.json"", ""description"": ""Vega-Lite chart for key 914"", ""data"": {""values"": [{""customer_name"": ""Clifford Pagac"", ""COUNT_customer_name_"": 1}, {""customer_name"": ""Kitty Padberg III"", ""COUNT_customer_name_"": 2}, {""customer_name"": ""Prof. Alexzander Hamill"", ""COUNT_customer_name_"": 1}, {""customer_name"": ""Prof. Reyes Berge II"", ""COUNT_customer_name_"": 1}]}, ""mark"": ""bar"", ""encoding"": {""x"": {""field"": ""customer_name"", ""type"": ""nominal""}, ""y"": {""field"": ""COUNT_customer_name_"", ""type"": ""quantitative""}}}"
192,961,What are the total quantities ordered for each product?,,,,,,,,1,1,1,1,,,,,Bar,Medium,Order_items,"{""$schema"": ""https://vega.github.io/schema/vega-lite/v6.json"", ""description"": ""Vega-Lite chart for key 961"", ""data"": {""values"": [{""product_name"": ""Arts"", ""sum_T1_product_quantity_"": 5}, {""product_name"": ""Beer Menus"", ""sum_T1_product_quantity_"": 2}, {""product_name"": ""Chocolate"", ""sum_T1_product_quantity_"": 1}, {""product_name"": ""Fans"", ""sum_T1_product_quantity_"": 9}, {""product_name"": ""Hard Drive"", ""sum_T1_product_quantity_"": 10}, {""product_name"": ""Harry Potter 2"", ""sum_T1_product_quantity_"": 8}, {""product_name"": ""Harry Potter 3"", ""sum_T1_product_quantity_"": 15}, {""product_name"": ""Harry Potter 4"", ""sum_T1_product_quantity_"": 3}, {""product_name"": ""Learning English"", ""sum_T1_product_quantity_"": 5}, {""product_name"": ""TV"", ""sum_T1_product_quantity_"": 7}]}, ""mark"": ""bar"", ""encoding"": {""x"": {""field"": ""product_name"", ""type"": ""nominal""}, ""y"": {""field"": ""sum_T1_product_quantity_"", ""type"": ""quantitative""}}}"
193,971,What’s the breakdown of transaction types by their total amounts?,,,,,,,,1,1,1,1,,,,,Pie,Easy,Financial_transactions,"{""$schema"": ""https://vega.github.io/schema/vega-lite/v6.json"", ""description"": ""Vega-Lite chart for key 971"", ""data"": {""values"": [{""transaction_type"": ""Payment"", ""sum_transaction_amount_"": 8743.15}, {""transaction_type"": ""Refund"", ""sum_transaction_amount_"": 11192.69}]}, ""mark"": ""arc"", ""encoding"": {""theta"": {""field"": ""sum_transaction_amount_"", ""type"": ""quantitative""}, ""color"": {""field"": ""transaction_type"", ""type"": ""nominal""}}}"
194,975,How many accounts did the customer named Meaghan open each day?,,,,,,,,1,1,1,1,,,,,Bar,Hard,Accounts,"{""$schema"": ""https://vega.github.io/schema/vega-lite/v6.json"", ""description"": ""Vega-Lite chart for key 975"", ""data"": {""values"": [{""date_account_opened"": ""Mon"", ""COUNT_date_account_opened_"": 1}, {""date_account_opened"": ""Tue"", ""COUNT_date_account_opened_"": 0}, {""date_account_opened"": ""Wed"", ""COUNT_date_account_opened_"": 0}, {""date_account_opened"": ""Thur"", ""COUNT_date_account_opened_"": 0}, {""date_account_opened"": ""Fri"", ""COUNT_date_account_opened_"": 2}, {""date_account_opened"": ""Sat"", ""COUNT_date_account_opened_"": 1}, {""date_account_opened"": ""Sun"", ""COUNT_date_account_opened_"": 0}]}, ""mark"": ""bar"", ""encoding"": {""x"": {""field"": ""date_account_opened"", ""type"": ""nominal""}, ""y"": {""field"": ""COUNT_date_account_opened_"", ""type"": ""quantitative""}}}"
195,990,How many accounts does each customer have?,,,,,,,,1,1,1,1,,,,,Bar,Medium,Accounts,"{""$schema"": ""https://vega.github.io/schema/vega-lite/v6.json"", ""description"": ""Vega-Lite chart for key 990"", ""data"": {""values"": [{""customer_last_name"": ""Schaefer"", ""count_"": 1}, {""customer_last_name"": ""Leuschke"", ""count_"": 1}, {""customer_last_name"": ""Keeling"", ""count_"": 4}, {""customer_last_name"": ""Ruecker"", ""count_"": 1}, {""customer_last_name"": ""Muller"", ""count_"": 1}, {""customer_last_name"": ""Auer"", ""count_"": 4}, {""customer_last_name"": ""Boyle"", ""count_"": 3}]}, ""mark"": ""bar"", ""encoding"": {""x"": {""field"": ""customer_last_name"", ""type"": ""nominal""}, ""y"": {""field"": ""count_"", ""type"": ""quantitative""}}}"
196,994,What’s the daily count of customer address changes?,,,,,,,,1,1,1,1,,,,,Bar,Medium,customer_address_history,"{""$schema"": ""https://vega.github.io/schema/vega-lite/v6.json"", ""description"": ""Vega-Lite chart for key 994"", ""data"": {""values"": [{""date_from"": ""Mon"", ""COUNT_date_from_"": 5}, {""date_from"": ""Tue"", ""COUNT_date_from_"": 0}, {""date_from"": ""Wed"", ""COUNT_date_from_"": 2}, {""date_from"": ""Thur"", ""COUNT_date_from_"": 3}, {""date_from"": ""Fri"", ""COUNT_date_from_"": 6}, {""date_from"": ""Sat"", ""COUNT_date_from_"": 1}, {""date_from"": ""Sun"", ""COUNT_date_from_"": 3}]}, ""mark"": ""bar"", ""encoding"": {""x"": {""field"": ""date_from"", ""type"": ""nominal""}, ""y"": {""field"": ""COUNT_date_from_"", ""type"": ""quantitative""}}}"
197,998,How many customer address changes happen each day?,,,,,,,,1,1,1,0,,,,,Line,Medium,customer_address_history,"{""$schema"": ""https://vega.github.io/schema/vega-lite/v6.json"", ""description"": ""Vega-Lite chart for key 998"", ""data"": {""values"": [{""date_to"": ""2018-02-25"", ""COUNT_date_to_"": 1}, {""date_to"": ""2018-02-27"", ""COUNT_date_to_"": 1}, {""date_to"": ""2018-03-07"", ""COUNT_date_to_"": 3}, {""date_to"": ""2018-03-08"", ""COUNT_date_to_"": 1}, {""date_to"": ""2018-03-09"", ""COUNT_date_to_"": 2}, {""date_to"": ""2018-03-10"", ""COUNT_date_to_"": 1}, {""date_to"": ""2018-03-11"", ""COUNT_date_to_"": 3}, {""date_to"": ""2018-03-13"", ""COUNT_date_to_"": 1}, {""date_to"": ""2018-03-14"", ""COUNT_date_to_"": 1}, {""date_to"": ""2018-03-16"", ""COUNT_date_to_"": 1}, {""date_to"": ""2018-03-18"", ""COUNT_date_to_"": 1}, {""date_to"": ""2018-03-19"", ""COUNT_date_to_"": 1}, {""date_to"": ""2018-03-20"", ""COUNT_date_to_"": 1}, {""date_to"": ""2018-03-22"", ""COUNT_date_to_"": 1}, {""date_to"": ""2018-03-24"", ""COUNT_date_to_"": 1}]}, ""mark"": ""line"", ""encoding"": {""x"": {""field"": ""date_to"", ""type"": ""nominal""}, ""y"": {""field"": ""COUNT_date_to_"", ""type"": ""quantitative""}}}"
198,999,What’s the proportion of each product by its name?,,,,,,,,1,1,1,1,,,,,Pie,Easy,products,"{""$schema"": ""https://vega.github.io/schema/vega-lite/v6.json"", ""description"": ""Vega-Lite chart for key 999"", ""data"": {""values"": [{""product_name"": ""Apple"", ""COUNT_product_name_"": 5}, {""product_name"": ""Sony"", ""COUNT_product_name_"": 3}, {""product_name"": ""gucci"", ""COUNT_product_name_"": 3}, {""product_name"": ""jcrew"", ""COUNT_product_name_"": 4}]}, ""mark"": ""arc"", ""encoding"": {""theta"": {""field"": ""COUNT_product_name_"", ""type"": ""quantitative""}, ""color"": {""field"": ""product_name"", ""type"": ""nominal""}}}"
199,1001,What's the total order quantity for each product?,,,,,,,,1,1,1,1,,,,,Bar,Medium,products,"{""$schema"": ""https://vega.github.io/schema/vega-lite/v6.json"", ""description"": ""Vega-Lite chart for key 1001"", ""data"": {""values"": [{""product_name"": ""Apple"", ""SUM_T2_order_quantity_"": 23}, {""product_name"": ""gucci"", ""SUM_T2_order_quantity_"": 21}, {""product_name"": ""jcrew"", ""SUM_T2_order_quantity_"": 40}]}, ""mark"": ""bar"", ""encoding"": {""x"": {""field"": ""product_name"", ""type"": ""nominal""}, ""y"": {""field"": ""SUM_T2_order_quantity_"", ""type"": ""quantitative""}}}"
200,1003,What’s the total order quantity for each product?,,,,,,,,1,1,1,1,,,,,Pie,Medium,products,"{""$schema"": ""https://vega.github.io/schema/vega-lite/v6.json"", ""description"": ""Vega-Lite chart for key 1003"", ""data"": {""values"": [{""product_name"": ""Apple"", ""SUM_T2_order_quantity_"": 23}, {""product_name"": ""gucci"", ""SUM_T2_order_quantity_"": 21}, {""product_name"": ""jcrew"", ""SUM_T2_order_quantity_"": 40}]}, ""mark"": ""arc"", ""encoding"": {""theta"": {""field"": ""SUM_T2_order_quantity_"", ""type"": ""quantitative""}, ""color"": {""field"": ""product_name"", ""type"": ""nominal""}}}"
201,1007,How many products of each type are priced above 1000 or below 500?,,,,,,,,1,1,1,1,,,,,Pie,Hard,products,"{""$schema"": ""https://vega.github.io/schema/vega-lite/v6.json"", ""description"": ""Vega-Lite chart for key 1007"", ""data"": {""values"": [{""product_type_code"": ""Clothes"", ""COUNT_product_type_code_"": 5}, {""product_type_code"": ""Hardware"", ""COUNT_product_type_code_"": 8}]}, ""mark"": ""arc"", ""encoding"": {""theta"": {""field"": ""COUNT_product_type_code_"", ""type"": ""quantitative""}, ""color"": {""field"": ""product_type_code"", ""type"": ""nominal""}}}"
203,1012,What are the different premise types and how many premises fall into each?,,,,,,,,1,1,1,1,,,,,Bar,Easy,premises,"{""$schema"": ""https://vega.github.io/schema/vega-lite/v6.json"", ""description"": ""Vega-Lite chart for key 1012"", ""data"": {""values"": [{""premises_type"": ""Office"", ""count_"": 7}, {""premises_type"": ""Residence"", ""count_"": 4}, {""premises_type"": ""Warehouse"", ""count_"": 4}]}, ""mark"": ""bar"", ""encoding"": {""x"": {""field"": ""premises_type"", ""type"": ""nominal""}, ""y"": {""field"": ""count_"", ""type"": ""quantitative""}}}"
205,1018,What's the distribution of customer addresses across different premises types?,,,,,,,,1,1,1,1,,,,,Pie,Medium,customer_addresses,"{""$schema"": ""https://vega.github.io/schema/vega-lite/v6.json"", ""description"": ""Vega-Lite chart for key 1018"", ""data"": {""values"": [{""premises_type"": ""Office"", ""COUNT_premises_type_"": 6}, {""premises_type"": ""Residence"", ""COUNT_premises_type_"": 3}, {""premises_type"": ""Warehouse"", ""COUNT_premises_type_"": 6}]}, ""mark"": ""arc"", ""encoding"": {""theta"": {""field"": ""COUNT_premises_type_"", ""type"": ""quantitative""}, ""color"": {""field"": ""premises_type"", ""type"": ""nominal""}}}"
206,1021,What are the outcome codes for mailshots and how many mailshots fall under each code?,,,,,,,,1,1,1,1,,,,,Pie,Easy,mailshot_customers,"{""$schema"": ""https://vega.github.io/schema/vega-lite/v6.json"", ""description"": ""Vega-Lite chart for key 1021"", ""data"": {""values"": [{""outcome_code"": ""No Response"", ""count_"": 5}, {""outcome_code"": ""Order"", ""count_"": 10}]}, ""mark"": ""arc"", ""encoding"": {""theta"": {""field"": ""count_"", ""type"": ""quantitative""}, ""color"": {""field"": ""outcome_code"", ""type"": ""nominal""}}}"
207,1024,What’s the count of premises for each premise type?,,,,,,,,1,1,1,1,,,,,Bar,Medium,premises,"{""$schema"": ""https://vega.github.io/schema/vega-lite/v6.json"", ""description"": ""Vega-Lite chart for key 1024"", ""data"": {""values"": [{""premises_type"": ""Office"", ""COUNT_premises_type_"": 7}, {""premises_type"": ""Residence"", ""COUNT_premises_type_"": 4}, {""premises_type"": ""Warehouse"", ""COUNT_premises_type_"": 4}]}, ""mark"": ""bar"", ""encoding"": {""x"": {""field"": ""premises_type"", ""type"": ""nominal""}, ""y"": {""field"": ""COUNT_premises_type_"", ""type"": ""quantitative""}}}"
209,1059,What are the card‑type codes and how many transactions does each have?,,,,,,,,1,1,1,1,,,,,Pie,Medium,Financial_transactions,"{""$schema"": ""https://vega.github.io/schema/vega-lite/v6.json"", ""description"": ""Vega-Lite chart for key 1059"", ""data"": {""values"": [{""card_type_code"": ""Credit"", ""count_"": 7}, {""card_type_code"": ""Debit"", ""count_"": 8}]}, ""mark"": ""arc"", ""encoding"": {""theta"": {""field"": ""count_"", ""type"": ""quantitative""}, ""color"": {""field"": ""card_type_code"", ""type"": ""nominal""}}}"
211,1071,"Which debate venues have the smallest to largest audiences, and how many are there?",,,,,,,,1,1,1,1,,,,,Bar,Medium,debate,"{""$schema"": ""https://vega.github.io/schema/vega-lite/v6.json"", ""description"": ""Vega-Lite chart for key 1071"", ""data"": {""values"": [{""Venue"": ""Abu Dhabi , UAE"", ""COUNT_Venue_"": 1}, {""Venue"": ""Doha , Qatar"", ""COUNT_Venue_"": 1}, {""Venue"": ""Dubai , UAE"", ""COUNT_Venue_"": 1}, {""Venue"": ""Manama , Bahrain"", ""COUNT_Venue_"": 3}]}, ""mark"": ""bar"", ""encoding"": {""x"": {""field"": ""Venue"", ""type"": ""nominal""}, ""y"": {""field"": ""COUNT_Venue_"", ""type"": ""quantitative""}}}"
212,1072,How many debates did the negative side hold at each venue?,,,,,,,,1,1,1,1,,,,,Bar,Hard,debate_people,"{""$schema"": ""https://vega.github.io/schema/vega-lite/v6.json"", ""description"": ""Vega-Lite chart for key 1072"", ""data"": {""values"": [{""Venue"": ""Abu Dhabi , UAE"", ""COUNT_Venue_"": 1}, {""Venue"": ""Dubai , UAE"", ""COUNT_Venue_"": 1}, {""Venue"": ""Manama , Bahrain"", ""COUNT_Venue_"": 3}]}, ""mark"": ""bar"", ""encoding"": {""x"": {""field"": ""Venue"", ""type"": ""nominal""}, ""y"": {""field"": ""COUNT_Venue_"", ""type"": ""quantitative""}}}"
214,1074,How many debates did each person have on the negative side?,,,,,,,,1,1,1,1,,,,,Bar,Hard,debate_people,"{""$schema"": ""https://vega.github.io/schema/vega-lite/v6.json"", ""description"": ""Vega-Lite chart for key 1074"", ""data"": {""values"": [{""Name"": ""Charles Van Wyck"", ""COUNT_Name_"": 1}, {""Name"": ""George Briggs"", ""COUNT_Name_"": 1}, {""Name"": ""Horace F. Clark"", ""COUNT_Name_"": 2}, {""Name"": ""John Cochrane"", ""COUNT_Name_"": 1}]}, ""mark"": ""bar"", ""encoding"": {""x"": {""field"": ""Name"", ""type"": ""nominal""}, ""y"": {""field"": ""COUNT_Name_"", ""type"": ""quantitative""}}}"
215,1079,How many debates has each person taken on the affirmative side?,,,,,,,,1,1,1,1,,,,,Pie,Medium,debate_people,"{""$schema"": ""https://vega.github.io/schema/vega-lite/v6.json"", ""description"": ""Vega-Lite chart for key 1079"", ""data"": {""values"": [{""Name"": ""James Humphrey"", ""COUNT_Name_"": 1}, {""Name"": ""Luther C. Carter"", ""COUNT_Name_"": 1}, {""Name"": ""Thomas J. Barr"", ""COUNT_Name_"": 1}, {""Name"": ""William B. Maclay"", ""COUNT_Name_"": 2}]}, ""mark"": ""arc"", ""encoding"": {""theta"": {""field"": ""COUNT_Name_"", ""type"": ""quantitative""}, ""color"": {""field"": ""Name"", ""type"": ""nominal""}}}"
216,1081,What’s the breakdown of affirmative‑side debates by venue?,,,,,,,,1,1,1,1,,,,,Pie,Medium,debate_people,"{""$schema"": ""https://vega.github.io/schema/vega-lite/v6.json"", ""description"": ""Vega-Lite chart for key 1081"", ""data"": {""values"": [{""Venue"": ""Abu Dhabi , UAE"", ""COUNT_Venue_"": 1}, {""Venue"": ""Dubai , UAE"", ""COUNT_Venue_"": 1}, {""Venue"": ""Manama , Bahrain"", ""COUNT_Venue_"": 3}]}, ""mark"": ""arc"", ""encoding"": {""theta"": {""field"": ""COUNT_Venue_"", ""type"": ""quantitative""}, ""color"": {""field"": ""Venue"", ""type"": ""nominal""}}}"
217,1082,How often has each person served on the affirmative side of debates?,,,,,,,,1,1,1,1,,,,,Pie,Medium,debate_people,"{""$schema"": ""https://vega.github.io/schema/vega-lite/v6.json"", ""description"": ""Vega-Lite chart for key 1082"", ""data"": {""values"": [{""Name"": ""James Humphrey"", ""COUNT_"": 1}, {""Name"": ""Luther C. Carter"", ""COUNT_"": 1}, {""Name"": ""Thomas J. Barr"", ""COUNT_"": 1}, {""Name"": ""William B. Maclay"", ""COUNT_"": 2}]}, ""mark"": ""arc"", ""encoding"": {""theta"": {""field"": ""COUNT_"", ""type"": ""quantitative""}, ""color"": {""field"": ""Name"", ""type"": ""nominal""}}}"
218,1088,How many members have visited each college?,,,,,,,,1,1,1,1,,,,,Pie,Medium,college,"{""$schema"": ""https://vega.github.io/schema/vega-lite/v6.json"", ""description"": ""Vega-Lite chart for key 1088"", ""data"": {""values"": [{""Name"": ""B.C. School"", ""COUNT_Name_"": 1}, {""Name"": ""Calgary School"", ""COUNT_Name_"": 2}, {""Name"": ""Edmonton School"", ""COUNT_Name_"": 3}, {""Name"": ""Saskatchewan School"", ""COUNT_Name_"": 2}, {""Name"": ""Toronto School"", ""COUNT_Name_"": 2}]}, ""mark"": ""arc"", ""encoding"": {""theta"": {""field"": ""COUNT_Name_"", ""type"": ""quantitative""}, ""color"": {""field"": ""Name"", ""type"": ""nominal""}}}"
219,1090,What’s the breakdown of members by country?,,,,,,,,1,1,1,1,,,,,Pie,Easy,member,"{""$schema"": ""https://vega.github.io/schema/vega-lite/v6.json"", ""description"": ""Vega-Lite chart for key 1090"", ""data"": {""values"": [{""Country"": ""Canada"", ""COUNT_"": 4}, {""Country"": ""United States"", ""COUNT_"": 6}]}, ""mark"": ""arc"", ""encoding"": {""theta"": {""field"": ""COUNT_"", ""type"": ""quantitative""}, ""color"": {""field"": ""Country"", ""type"": ""nominal""}}}"
220,1104,What’s the employee count for each department whose head is temporarily acting?,,,,,,,,1,1,1,1,,,,,Pie,Hard,department,"{""$schema"": ""https://vega.github.io/schema/vega-lite/v6.json"", ""description"": ""Vega-Lite chart for key 1104"", ""data"": {""values"": [{""Name"": ""Homeland Security"", ""SUM_Num_Employees_"": 208000}, {""Name"": ""Treasury"", ""SUM_Num_Employees_"": 115897}]}, ""mark"": ""arc"", ""encoding"": {""theta"": {""field"": ""SUM_Num_Employees_"", ""type"": ""quantitative""}, ""color"": {""field"": ""Name"", ""type"": ""nominal""}}}"
221,1113,What are the ages of all department heads?,,,,,,,,1,1,1,1,,,,,Bar,Easy,head,"{""$schema"": ""https://vega.github.io/schema/vega-lite/v6.json"", ""description"": ""Vega-Lite chart for key 1113"", ""data"": {""values"": [{""name"": ""Pádraig Harrington"", ""age"": 43}, {""name"": ""Stewart Cink"", ""age"": 50}, {""name"": ""Dudley Hart"", ""age"": 52}, {""name"": ""Jeff Maggert"", ""age"": 53}, {""name"": ""Nick Faldo"", ""age"": 56}, {""name"": ""Tiger Woods"", ""age"": 67}, {""name"": ""Franklin Langham"", ""age"": 67}, {""name"": ""Sergio García"", ""age"": 68}, {""name"": ""K. J. Choi"", ""age"": 69}, {""name"": ""Billy Mayfair"", ""age"": 69}]}, ""mark"": ""bar"", ""encoding"": {""x"": {""field"": ""name"", ""type"": ""nominal""}, ""y"": {""field"": ""age"", ""type"": ""quantitative""}}}"
224,1133,How do minimum and maximum product prices relate?,,,,,,,,1,0,1,1,,,,,Grouping Scatter,Easy,department_store,"{""$schema"": ""https://vega.github.io/schema/vega-lite/v6.json"", ""description"": ""Vega-Lite chart for key 1133"", ""data"": {""values"": [{""classify"": ""Clothes"", ""max_product_price_"": 939.57, ""min_product_price_"": 408.82}, {""classify"": ""Hardware"", ""max_product_price_"": 939.57, ""min_product_price_"": 612.46}]}, ""mark"": ""point"", ""encoding"": {""x"": {""field"": ""max_product_price_"", ""type"": ""quantitative""}, ""y"": {""field"": ""min_product_price_"", ""type"": ""quantitative""}, ""color"": {""field"": ""classify"", ""type"": ""nominal""}}}"
225,1152,What’s the count of users for each role?,,,,,,,,1,1,1,1,,,,,Bar,Easy,users,"{""$schema"": ""https://vega.github.io/schema/vega-lite/v6.json"", ""description"": ""Vega-Lite chart for key 1152"", ""data"": {""values"": [{""role_code"": ""DBA"", ""count_"": 8}, {""role_code"": ""PROJ-MGR"", ""count_"": 7}]}, ""mark"": ""bar"", ""encoding"": {""x"": {""field"": ""role_code"", ""type"": ""nominal""}, ""y"": {""field"": ""count_"", ""type"": ""quantitative""}}}"
226,1153,What are the names of all documents and their access counts?,,,,,,,,1,1,1,1,,,,,Bar,Easy,documents,"{""$schema"": ""https://vega.github.io/schema/vega-lite/v6.json"", ""description"": ""Vega-Lite chart for key 1153"", ""data"": {""values"": [{""document_name"": ""David CV"", ""access_count"": 6345}, {""document_name"": ""Fall Sails"", ""access_count"": 7509}, {""document_name"": ""How to cook pasta"", ""access_count"": 2045}, {""document_name"": ""Humanity: a fact"", ""access_count"": 3479}, {""document_name"": ""Joe CV"", ""access_count"": 2294}, {""document_name"": ""John CV"", ""access_count"": 5924}, {""document_name"": ""Learning Database"", ""access_count"": 3769}, {""document_name"": ""Learning English"", ""access_count"": 1864}, {""document_name"": ""Learning Japanese"", ""access_count"": 2910}, {""document_name"": ""Life about Claude Monet"", ""access_count"": 1219}, {""document_name"": ""Relationships between History and Arts"", ""access_count"": 9948}, {""document_name"": ""Research about Art history"", ""access_count"": 8208}, {""document_name"": ""Spring Sails"", ""access_count"": 3289}, {""document_name"": ""Summer Sails"", ""access_count"": 6661}, {""document_name"": ""Winter Sails"", ""access_count"": 8623}]}, ""mark"": ""bar"", ""encoding"": {""x"": {""field"": ""document_name"", ""type"": ""nominal""}, ""y"": {""field"": ""access_count"", ""type"": ""quantitative""}}}"
228,1182,How many dogs departed each day?,,,,,,,,1,1,1,0,,,,,Bar,Easy,Dogs,"{""$schema"": ""https://vega.github.io/schema/vega-lite/v6.json"", ""description"": ""Vega-Lite chart for key 1182"", ""data"": {""values"": [{""date_departed"": ""2018-03-24"", ""COUNT_date_departed_"": 3}, {""date_departed"": ""2018-03-25"", ""COUNT_date_departed_"": 12}]}, ""mark"": ""bar"", ""encoding"": {""x"": {""field"": ""date_departed"", ""type"": ""nominal""}, ""y"": {""field"": ""COUNT_date_departed_"", ""type"": ""quantitative""}}}"
230,1188,How many dogs that completed the treatment were discharged each day?,,,,,,,,0,0,0,0,,,,,Bar,Medium,Dogs,"{""$schema"": ""https://vega.github.io/schema/vega-lite/v6.json"", ""description"": ""Vega-Lite chart for key 1188"", ""data"": {""values"": [{""date_departed"": ""2018-03-24"", ""COUNT_date_departed_"": 3}, {""date_departed"": ""2018-03-25"", ""COUNT_date_departed_"": 6}]}, ""mark"": ""bar"", ""encoding"": {""x"": {""field"": ""date_departed"", ""type"": ""nominal""}, ""y"": {""field"": ""COUNT_date_departed_"", ""type"": ""quantitative""}}}"
232,1198,What are the costs for each treatment along with their type descriptions?,,,,,,,,1,1,1,1,,,,,Pie,Medium,Treatments,"{""$schema"": ""https://vega.github.io/schema/vega-lite/v6.json"", ""description"": ""Vega-Lite chart for key 1198"", ""data"": {""values"": [{""treatment_type_description"": ""Physical examination"", ""SUM_cost_of_treatment_"": 2429}, {""treatment_type_description"": ""Take for a Walk"", ""SUM_cost_of_treatment_"": 2392}, {""treatment_type_description"": ""Vaccination"", ""SUM_cost_of_treatment_"": 2540}]}, ""mark"": ""arc"", ""encoding"": {""theta"": {""field"": ""SUM_cost_of_treatment_"", ""type"": ""quantitative""}, ""color"": {""field"": ""treatment_type_description"", ""type"": ""nominal""}}}"
233,1204,How many dogs does each owner have?,,,,,,,,1,1,1,1,,,,,Bar,Medium,Owners,"{""$schema"": ""https://vega.github.io/schema/vega-lite/v6.json"", ""description"": ""Vega-Lite chart for key 1204"", ""data"": {""values"": [{""last_name"": ""DuBuque"", ""COUNT_last_name_"": 1}, {""last_name"": ""Feil"", ""COUNT_last_name_"": 1}, {""last_name"": ""Fisher"", ""COUNT_last_name_"": 1}, {""last_name"": ""Funk"", ""COUNT_last_name_"": 3}, {""last_name"": ""Haley"", ""COUNT_last_name_"": 1}, {""last_name"": ""Mertz"", ""COUNT_last_name_"": 1}, {""last_name"": ""Nicolas"", ""COUNT_last_name_"": 1}, {""last_name"": ""Price"", ""COUNT_last_name_"": 1}, {""last_name"": ""Prohaska"", ""COUNT_last_name_"": 1}, {""last_name"": ""Rippin"", ""COUNT_last_name_"": 1}, {""last_name"": ""Schmitt"", ""COUNT_last_name_"": 1}, {""last_name"": ""Stoltenberg"", ""COUNT_last_name_"": 2}]}, ""mark"": ""bar"", ""encoding"": {""x"": {""field"": ""last_name"", ""type"": ""nominal""}, ""y"": {""field"": ""COUNT_last_name_"", ""type"": ""quantitative""}}}"
234,1211,What's the total dorm capacity broken down by gender?,,,,,,,,1,1,1,1,,,,,Bar,Easy,dorm,"{""$schema"": ""https://vega.github.io/schema/vega-lite/v6.json"", ""description"": ""Vega-Lite chart for key 1211"", ""data"": {""values"": [{""gender"": ""F"", ""sum_student_capacity_"": 128}, {""gender"": ""M"", ""sum_student_capacity_"": 116}, {""gender"": ""X"", ""sum_student_capacity_"": 1136}]}, ""mark"": ""bar"", ""encoding"": {""x"": {""field"": ""gender"", ""type"": ""nominal""}, ""y"": {""field"": ""sum_student_capacity_"", ""type"": ""quantitative""}}}"
235,1213,What’s the total dorm capacity for each gender?,,,,,,,,1,1,1,1,,,,,Pie,Easy,dorm,"{""$schema"": ""https://vega.github.io/schema/vega-lite/v6.json"", ""description"": ""Vega-Lite chart for key 1213"", ""data"": {""values"": [{""gender"": ""F"", ""sum_student_capacity_"": 128}, {""gender"": ""M"", ""sum_student_capacity_"": 116}, {""gender"": ""X"", ""sum_student_capacity_"": 1136}]}, ""mark"": ""arc"", ""encoding"": {""theta"": {""field"": ""sum_student_capacity_"", ""type"": ""quantitative""}, ""color"": {""field"": ""gender"", ""type"": ""nominal""}}}"
237,1216,"What are the first names of students living in Smith Hall, and how many of each?",,,,,,,,1,1,1,1,,,,,Pie,Hard,student,"{""$schema"": ""https://vega.github.io/schema/vega-lite/v6.json"", ""description"": ""Vega-Lite chart for key 1216"", ""data"": {""values"": [{""Fname"": ""Michael"", ""COUNT_Fname_"": 1}, {""Fname"": ""Sarah"", ""COUNT_Fname_"": 2}, {""Fname"": ""Shiela"", ""COUNT_Fname_"": 1}, {""Fname"": ""Stacy"", ""COUNT_Fname_"": 1}, {""Fname"": ""Tracy"", ""COUNT_Fname_"": 1}]}, ""mark"": ""arc"", ""encoding"": {""theta"": {""field"": ""COUNT_Fname_"", ""type"": ""quantitative""}, ""color"": {""field"": ""Fname"", ""type"": ""nominal""}}}"
238,1223,How many students older than 20 are there in each dorm?,,,,,,,,1,1,1,1,,,,,Pie,Hard,student,"{""$schema"": ""https://vega.github.io/schema/vega-lite/v6.json"", ""description"": ""Vega-Lite chart for key 1223"", ""data"": {""values"": [{""dorm_name"": ""Anonymous Donor Hall"", ""count_"": 1}, {""dorm_name"": ""Dorm-plex 2000"", ""count_"": 2}, {""dorm_name"": ""Fawlty Towers"", ""count_"": 2}, {""dorm_name"": ""Smith Hall"", ""count_"": 2}]}, ""mark"": ""arc"", ""encoding"": {""theta"": {""field"": ""count_"", ""type"": ""quantitative""}, ""color"": {""field"": ""dorm_name"", ""type"": ""nominal""}}}"
241,1233,What’s the average age of students in each city?,,,,,,,,1,1,1,1,,,,,Bar,Easy,student,"{""$schema"": ""https://vega.github.io/schema/vega-lite/v6.json"", ""description"": ""Vega-Lite chart for key 1233"", ""data"": {""values"": [{""city_code"": ""ATL"", ""avg_age_"": 20}, {""city_code"": ""BAL"", ""avg_age_"": 18.5}, {""city_code"": ""BOS"", ""avg_age_"": 18}, {""city_code"": ""CHI"", ""avg_age_"": 20}, {""city_code"": ""DAL"", ""avg_age_"": 18}, {""city_code"": ""DET"", ""avg_age_"": 17}, {""city_code"": ""HKG"", ""avg_age_"": 18}, {""city_code"": ""HOU"", ""avg_age_"": 17}, {""city_code"": ""LON"", ""avg_age_"": 27}, {""city_code"": ""LOS"", ""avg_age_"": 18}, {""city_code"": ""NAR"", ""avg_age_"": 18}, {""city_code"": ""NYC"", ""avg_age_"": 20.33333333333333}, {""city_code"": ""PEK"", ""avg_age_"": 17}, {""city_code"": ""PHL"", ""avg_age_"": 19.666666666666668}, {""city_code"": ""PIT"", ""avg_age_"": 19}, {""city_code"": ""ROC"", ""avg_age_"": 20}, {""city_code"": ""SFO"", ""avg_age_"": 21}, {""city_code"": ""WAS"", ""avg_age_"": 21.66666666666667}, {""city_code"": ""YYZ"", ""avg_age_"": 22.5}]}, ""mark"": ""bar"", ""encoding"": {""x"": {""field"": ""city_code"", ""type"": ""nominal""}, ""y"": {""field"": ""avg_age_"", ""type"": ""quantitative""}}}"
242,1234,What’s the count of students whose age exceeds the average for their gender?,,,,,,,,1,1,1,1,,,,,Pie,Medium,student,"{""$schema"": ""https://vega.github.io/schema/vega-lite/v6.json"", ""description"": ""Vega-Lite chart for key 1234"", ""data"": {""values"": [{""Sex"": ""F"", ""count_"": 5}, {""Sex"": ""M"", ""count_"": 10}]}, ""mark"": ""arc"", ""encoding"": {""theta"": {""field"": ""count_"", ""type"": ""quantitative""}, ""color"": {""field"": ""Sex"", ""type"": ""nominal""}}}"
245,1274,What are the test results and their counts?,,,,,,,,1,1,1,1,,,,,Pie,Medium,Student_Tests_Taken,"{""$schema"": ""https://vega.github.io/schema/vega-lite/v6.json"", ""description"": ""Vega-Lite chart for key 1274"", ""data"": {""values"": [{""test_result"": ""Pass"", ""COUNT_"": 8}, {""test_result"": ""Fail"", ""COUNT_"": 7}]}, ""mark"": ""arc"", ""encoding"": {""theta"": {""field"": ""COUNT_"", ""type"": ""quantitative""}, ""color"": {""field"": ""test_result"", ""type"": ""nominal""}}}"
246,1275,What are the test results and their counts?,,,,,,,,1,1,1,1,,,,,Bar,Medium,Student_Tests_Taken,"{""$schema"": ""https://vega.github.io/schema/vega-lite/v6.json"", ""description"": ""Vega-Lite chart for key 1275"", ""data"": {""values"": [{""test_result"": ""Pass"", ""COUNT_"": 8}, {""test_result"": ""Fail"", ""COUNT_"": 7}]}, ""mark"": ""bar"", ""encoding"": {""x"": {""field"": ""test_result"", ""type"": ""nominal""}, ""y"": {""field"": ""COUNT_"", ""type"": ""quantitative""}}}"
247,1277,What’s the count of courses for each subject?,,,,,,,,1,1,1,1,,,,,Pie,Medium,Courses,"{""$schema"": ""https://vega.github.io/schema/vega-lite/v6.json"", ""description"": ""Vega-Lite chart for key 1277"", ""data"": {""values"": [{""subject_name"": ""Arts"", ""COUNT_"": 4}, {""subject_name"": ""Language"", ""COUNT_"": 5}, {""subject_name"": ""Computer Science"", ""COUNT_"": 6}]}, ""mark"": ""arc"", ""encoding"": {""theta"": {""field"": ""COUNT_"", ""type"": ""quantitative""}, ""color"": {""field"": ""subject_name"", ""type"": ""nominal""}}}"
248,1285,"Which tests have “Pass” results, on which dates were they taken, and how many occurred on each date?",,,,,,,,0,1,1,0,,,,,Line,Medium,Student_Tests_Taken,"{""$schema"": ""https://vega.github.io/schema/vega-lite/v6.json"", ""description"": ""Vega-Lite chart for key 1285"", ""data"": {""values"": [{""date_test_taken"": ""2018-03-19"", ""COUNT_date_test_taken_"": 2}, {""date_test_taken"": ""2018-03-21"", ""COUNT_date_test_taken_"": 1}, {""date_test_taken"": ""2018-03-23"", ""COUNT_date_test_taken_"": 1}, {""date_test_taken"": ""2018-03-24"", ""COUNT_date_test_taken_"": 1}, {""date_test_taken"": ""2018-03-25"", ""COUNT_date_test_taken_"": 3}]}, ""mark"": ""line"", ""encoding"": {""x"": {""field"": ""date_test_taken"", ""type"": ""nominal""}, ""y"": {""field"": ""COUNT_date_test_taken_"", ""type"": ""quantitative""}}}"
249,1288,What’s the count of courses for each subject?,,,,,,,,1,1,1,1,,,,,Pie,Medium,Courses,"{""$schema"": ""https://vega.github.io/schema/vega-lite/v6.json"", ""description"": ""Vega-Lite chart for key 1288"", ""data"": {""values"": [{""subject_name"": ""Computer Science"", ""COUNT_"": 6}, {""subject_name"": ""Arts"", ""COUNT_"": 4}, {""subject_name"": ""Language"", ""COUNT_"": 5}]}, ""mark"": ""arc"", ""encoding"": {""theta"": {""field"": ""COUNT_"", ""type"": ""quantitative""}, ""color"": {""field"": ""subject_name"", ""type"": ""nominal""}}}"
250,1296,How many students completed in each month?,,,,,,,,1,1,1,1,,,,,Bar,Easy,Student_Course_Enrolment,"{""$schema"": ""https://vega.github.io/schema/vega-lite/v6.json"", ""description"": ""Vega-Lite chart for key 1296"", ""data"": {""values"": [{""date_of_completion"": ""Feb"", ""COUNT_date_of_completion_"": 4}, {""date_of_completion"": ""Mar"", ""COUNT_date_of_completion_"": 16}]}, ""mark"": ""bar"", ""encoding"": {""x"": {""field"": ""date_of_completion"", ""type"": ""nominal""}, ""y"": {""field"": ""COUNT_date_of_completion_"", ""type"": ""quantitative""}}}"
251,1297,What’s the count of students completing each day?,,,,,,,,1,1,1,1,,,,,Bar,Easy,Student_Course_Enrolment,"{""$schema"": ""https://vega.github.io/schema/vega-lite/v6.json"", ""description"": ""Vega-Lite chart for key 1297"", ""data"": {""values"": [{""date_of_completion"": ""Mon"", ""COUNT_date_of_completion_"": 3}, {""date_of_completion"": ""Tue"", ""COUNT_date_of_completion_"": 2}, {""date_of_completion"": ""Wed"", ""COUNT_date_of_completion_"": 4}, {""date_of_completion"": ""Thur"", ""COUNT_date_of_completion_"": 4}, {""date_of_completion"": ""Fri"", ""COUNT_date_of_completion_"": 3}, {""date_of_completion"": ""Sat"", ""COUNT_date_of_completion_"": 1}, {""date_of_completion"": ""Sun"", ""COUNT_date_of_completion_"": 3}]}, ""mark"": ""bar"", ""encoding"": {""x"": {""field"": ""date_of_completion"", ""type"": ""nominal""}, ""y"": {""field"": ""COUNT_date_of_completion_"", ""type"": ""quantitative""}}}"
252,1303,What are the names and populations of all counties?,,,,,,,,1,1,1,1,,,,,Pie,Easy,county,"{""$schema"": ""https://vega.github.io/schema/vega-lite/v6.json"", ""description"": ""Vega-Lite chart for key 1303"", ""data"": {""values"": [{""County_name"": ""Howard"", ""Population"": 21000}, {""County_name"": ""Baltimore County"", ""Population"": 90000}, {""County_name"": ""Colony"", ""Population"": 79000}, {""County_name"": ""Mansfield"", ""Population"": 87200}, {""County_name"": ""Manning"", ""Population"": 13300}]}, ""mark"": ""arc"", ""encoding"": {""theta"": {""field"": ""Population"", ""type"": ""quantitative""}, ""color"": {""field"": ""County_name"", ""type"": ""nominal""}}}"
253,1309,What’s the number of delegates for each party?,,,,,,,,1,1,1,1,,,,,Pie,Medium,election,"{""$schema"": ""https://vega.github.io/schema/vega-lite/v6.json"", ""description"": ""Vega-Lite chart for key 1309"", ""data"": {""values"": [{""Party"": ""Democratic"", ""SUM_COUNT_"": 4}, {""Party"": ""Independence"", ""SUM_COUNT_"": 1}, {""Party"": ""Liberal"", ""SUM_COUNT_"": 2}, {""Party"": ""Working Families"", ""SUM_COUNT_"": 1}]}, ""mark"": ""arc"", ""encoding"": {""theta"": {""field"": ""SUM_COUNT_"", ""type"": ""quantitative""}, ""color"": {""field"": ""Party"", ""type"": ""nominal""}}}"
254,1310,How many delegates does each party have?,,,,,,,,1,1,1,1,,,,,Pie,Medium,election,"{""$schema"": ""https://vega.github.io/schema/vega-lite/v6.json"", ""description"": ""Vega-Lite chart for key 1310"", ""data"": {""values"": [{""Party"": ""Democratic"", ""COUNT_Party_"": 4}, {""Party"": ""Independence"", ""COUNT_Party_"": 1}, {""Party"": ""Liberal"", ""COUNT_Party_"": 2}, {""Party"": ""Working Families"", ""COUNT_Party_"": 1}]}, ""mark"": ""arc"", ""encoding"": {""theta"": {""field"": ""COUNT_Party_"", ""type"": ""quantitative""}, ""color"": {""field"": ""Party"", ""type"": ""nominal""}}}"
255,1314,"What are the delegate counts for each county, and how does each county’s share look?",,,,,,,,1,1,1,1,,,,,Pie,Medium,county,"{""$schema"": ""https://vega.github.io/schema/vega-lite/v6.json"", ""description"": ""Vega-Lite chart for key 1314"", ""data"": {""values"": [{""County_name"": ""Howard"", ""COUNT_"": 3}, {""County_name"": ""Baltimore County"", ""COUNT_"": 2}, {""County_name"": ""Colony"", ""COUNT_"": 2}, {""County_name"": ""Mansfield"", ""COUNT_"": 1}]}, ""mark"": ""arc"", ""encoding"": {""theta"": {""field"": ""COUNT_"", ""type"": ""quantitative""}, ""color"": {""field"": ""County_name"", ""type"": ""nominal""}}}"
256,1316,"Which committees have Democratic delegates, and how many members does each have?",,,,,,,,1,1,1,1,,,,,Pie,Hard,election,"{""$schema"": ""https://vega.github.io/schema/vega-lite/v6.json"", ""description"": ""Vega-Lite chart for key 1316"", ""data"": {""values"": [{""Committee"": ""Appropriations"", ""COUNT_Committee_"": 2}, {""Committee"": ""Economic Matters"", ""COUNT_Committee_"": 1}, {""Committee"": ""Environmental Matters"", ""COUNT_Committee_"": 1}]}, ""mark"": ""arc"", ""encoding"": {""theta"": {""field"": ""COUNT_Committee_"", ""type"": ""quantitative""}, ""color"": {""field"": ""Committee"", ""type"": ""nominal""}}}"
257,1317,"Which committees include Democratic delegates, and how many does each have?",,,,,,,,1,1,1,1,,,,,Bar,Hard,election,"{""$schema"": ""https://vega.github.io/schema/vega-lite/v6.json"", ""description"": ""Vega-Lite chart for key 1317"", ""data"": {""values"": [{""Committee"": ""Appropriations"", ""COUNT_Committee_"": 2}, {""Committee"": ""Economic Matters"", ""COUNT_Committee_"": 1}, {""Committee"": ""Environmental Matters"", ""COUNT_Committee_"": 1}]}, ""mark"": ""bar"", ""encoding"": {""x"": {""field"": ""Committee"", ""type"": ""nominal""}, ""y"": {""field"": ""COUNT_Committee_"", ""type"": ""quantitative""}}}"
258,1318,"Which party governors are associated with delegates from district 1, and how many of each are there?",,,,,,,,1,1,1,1,,,,,Pie,Hard,election,"{""$schema"": ""https://vega.github.io/schema/vega-lite/v6.json"", ""description"": ""Vega-Lite chart for key 1318"", ""data"": {""values"": [{""Governor"": ""Peter Vallone"", ""COUNT_Governor_"": 2}, {""Governor"": ""Tom Golisano"", ""COUNT_Governor_"": 1}]}, ""mark"": ""arc"", ""encoding"": {""theta"": {""field"": ""COUNT_Governor_"", ""type"": ""quantitative""}, ""color"": {""field"": ""Governor"", ""type"": ""nominal""}}}"
259,1319,"Who are the party governors associated with district 1 delegates, and how many of each are there?",,,,,,,,1,1,1,1,,,,,Bar,Hard,election,"{""$schema"": ""https://vega.github.io/schema/vega-lite/v6.json"", ""description"": ""Vega-Lite chart for key 1319"", ""data"": {""values"": [{""Governor"": ""Peter Vallone"", ""COUNT_Governor_"": 2}, {""Governor"": ""Tom Golisano"", ""COUNT_Governor_"": 1}]}, ""mark"": ""bar"", ""encoding"": {""x"": {""field"": ""Governor"", ""type"": ""nominal""}, ""y"": {""field"": ""COUNT_Governor_"", ""type"": ""quantitative""}}}"
260,1325,What were the dates and vote percentages for each election?,,,,,,,,1,1,1,0,,,,,Pie,Easy,election,"{""$schema"": ""https://vega.github.io/schema/vega-lite/v6.json"", ""description"": ""Vega-Lite chart for key 1325"", ""data"": {""values"": [{""Date"": ""July 1942"", ""Vote_Percent"": 16.2}, {""Date"": ""October 1942"", ""Vote_Percent"": 18.5}, {""Date"": ""1946"", ""Vote_Percent"": 19.5}, {""Date"": ""1949"", ""Vote_Percent"": 19.5}, {""Date"": ""1953"", ""Vote_Percent"": 16}]}, ""mark"": ""arc"", ""encoding"": {""theta"": {""field"": ""Vote_Percent"", ""type"": ""quantitative""}, ""color"": {""field"": ""Date"", ""type"": ""nominal""}}}"
261,1326,What were the election dates and their corresponding vote percentages?,,,,,,,,1,1,1,0,,,,,Bar,Easy,election,"{""$schema"": ""https://vega.github.io/schema/vega-lite/v6.json"", ""description"": ""Vega-Lite chart for key 1326"", ""data"": {""values"": [{""Date"": ""July 1942"", ""Vote_Percent"": 16.2}, {""Date"": ""October 1942"", ""Vote_Percent"": 18.5}, {""Date"": ""1946"", ""Vote_Percent"": 19.5}, {""Date"": ""1949"", ""Vote_Percent"": 19.5}, {""Date"": ""1953"", ""Vote_Percent"": 16}]}, ""mark"": ""bar"", ""encoding"": {""x"": {""field"": ""Date"", ""type"": ""nominal""}, ""y"": {""field"": ""Vote_Percent"", ""type"": ""quantitative""}}}"
262,1354,What’s the proportion of full‑time versus non‑full‑time?,,,,,,,,1,1,1,1,,,,,Pie,Easy,hiring,"{""$schema"": ""https://vega.github.io/schema/vega-lite/v6.json"", ""description"": ""Vega-Lite chart for key 1354"", ""data"": {""values"": [{""Is_full_time"": ""F"", ""COUNT_Is_full_time_"": 2}, {""Is_full_time"": ""T"", ""COUNT_Is_full_time_"": 5}]}, ""mark"": ""arc"", ""encoding"": {""theta"": {""field"": ""COUNT_Is_full_time_"", ""type"": ""quantitative""}, ""color"": {""field"": ""Is_full_time"", ""type"": ""nominal""}}}"
263,1363,What's the count of employees for each city?,,,,,,,,1,1,1,1,,,,,Bar,Easy,employee,"{""$schema"": ""https://vega.github.io/schema/vega-lite/v6.json"", ""description"": ""Vega-Lite chart for key 1363"", ""data"": {""values"": [{""City"": ""Bath"", ""count_"": 3}, {""City"": ""Bristol"", ""count_"": 3}, {""City"": ""Leicester"", ""count_"": 1}, {""City"": ""Sale"", ""count_"": 1}, {""City"": ""Wasps"", ""count_"": 2}]}, ""mark"": ""bar"", ""encoding"": {""x"": {""field"": ""City"", ""type"": ""nominal""}, ""y"": {""field"": ""count_"", ""type"": ""quantitative""}}}"
265,1377,How many reviews has each user written?,,,,,,,,1,1,1,1,,,,,Bar,Medium,useracct,"{""$schema"": ""https://vega.github.io/schema/vega-lite/v6.json"", ""description"": ""Vega-Lite chart for key 1377"", ""data"": {""values"": [{""name"": ""Helen"", ""count_"": 3}, {""name"": ""Mark"", ""count_"": 4}]}, ""mark"": ""bar"", ""encoding"": {""x"": {""field"": ""name"", ""type"": ""nominal""}, ""y"": {""field"": ""count_"", ""type"": ""quantitative""}}}"
266,1379,What are the target users’ names along with their average trust scores?,,,,,,,,1,1,1,1,,,,,Pie,Medium,useracct,"{""$schema"": ""https://vega.github.io/schema/vega-lite/v6.json"", ""description"": ""Vega-Lite chart for key 1379"", ""data"": {""values"": [{""name"": ""Mark"", ""avg_trust_"": 4.666666666666667}, {""name"": ""Terry"", ""avg_trust_"": 5}, {""name"": ""Nancy"", ""avg_trust_"": 8}, {""name"": ""Rosie"", ""avg_trust_"": 4.5}, {""name"": ""Roxi"", ""avg_trust_"": 10}]}, ""mark"": ""arc"", ""encoding"": {""theta"": {""field"": ""avg_trust_"", ""type"": ""quantitative""}, ""color"": {""field"": ""name"", ""type"": ""nominal""}}}"
267,1381,What’s each user’s name and their average rating from the reviews they’ve given?,,,,,,,,1,1,1,1,,,,,Pie,Medium,useracct,"{""$schema"": ""https://vega.github.io/schema/vega-lite/v6.json"", ""description"": ""Vega-Lite chart for key 1381"", ""data"": {""values"": [{""name"": ""Helen"", ""avg_T2_rating_"": 7.333333333333332}, {""name"": ""Mark"", ""avg_T2_rating_"": 7}]}, ""mark"": ""arc"", ""encoding"": {""theta"": {""field"": ""avg_T2_rating_"", ""type"": ""quantitative""}, ""color"": {""field"": ""name"", ""type"": ""nominal""}}}"
268,1383,What's the proportion of the average population for each status?,,,,,,,,1,1,1,1,,,,,Pie,Easy,city,"{""$schema"": ""https://vega.github.io/schema/vega-lite/v6.json"", ""description"": ""Vega-Lite chart for key 1383"", ""data"": {""values"": [{""Status"": ""Town"", ""avg_Population_"": 5706}, {""Status"": ""Village"", ""avg_Population_"": 1009.75}]}, ""mark"": ""arc"", ""encoding"": {""theta"": {""field"": ""avg_Population_"", ""type"": ""quantitative""}, ""color"": {""field"": ""Status"", ""type"": ""nominal""}}}"
269,1389,What's the breakdown of competitions by city?,,,,,,,,1,1,1,1,,,,,Pie,Medium,city,"{""$schema"": ""https://vega.github.io/schema/vega-lite/v6.json"", ""description"": ""Vega-Lite chart for key 1389"", ""data"": {""values"": [{""Official_Name"": ""Aroostook"", ""COUNT_Official_Name_"": 2}, {""Official_Name"": ""Drummond"", ""COUNT_Official_Name_"": 1}, {""Official_Name"": ""Grand Falls/Grand-Sault"", ""COUNT_Official_Name_"": 1}, {""Official_Name"": ""Perth-Andover"", ""COUNT_Official_Name_"": 1}, {""Official_Name"": ""Plaster Rock"", ""COUNT_Official_Name_"": 1}]}, ""mark"": ""arc"", ""encoding"": {""theta"": {""field"": ""COUNT_Official_Name_"", ""type"": ""quantitative""}, ""color"": {""field"": ""Official_Name"", ""type"": ""nominal""}}}"
271,1395,What’s the count of films for each genre?,,,,,,,,1,1,1,1,,,,,Pie,Medium,film,"{""$schema"": ""https://vega.github.io/schema/vega-lite/v6.json"", ""description"": ""Vega-Lite chart for key 1395"", ""data"": {""values"": [{""Type"": ""Mass human sacrifice"", ""COUNT_Type_"": 1}, {""Type"": ""Mass suicide"", ""COUNT_Type_"": 6}, {""Type"": ""Mass suicide murder"", ""COUNT_Type_"": 2}]}, ""mark"": ""arc"", ""encoding"": {""theta"": {""field"": ""COUNT_Type_"", ""type"": ""quantitative""}, ""color"": {""field"": ""Type"", ""type"": ""nominal""}}}"
272,1398,What are the low‑ and high‑estimate figures for film market sizes?,,,,,,,,1,1,1,0,,,,,Scatter,Easy,film_market_estimation,"{""$schema"": ""https://vega.github.io/schema/vega-lite/v6.json"", ""description"": ""Vega-Lite chart for key 1398"", ""data"": {""values"": [{""Low_Estimate"": 80000, ""High_Estimate"": 80400}, {""Low_Estimate"": 8000, ""High_Estimate"": 8000}, {""Low_Estimate"": 3000, ""High_Estimate"": 80400}, {""Low_Estimate"": 960, ""High_Estimate"": 960}, {""Low_Estimate"": 913, ""High_Estimate"": 913}, {""Low_Estimate"": 300, ""High_Estimate"": 1000}, {""Low_Estimate"": 53, ""High_Estimate"": 53}, {""Low_Estimate"": 39, ""High_Estimate"": 39}, {""Low_Estimate"": 16, ""High_Estimate"": 16}]}, ""mark"": ""point"", ""encoding"": {""x"": {""field"": ""Low_Estimate"", ""type"": ""quantitative""}, ""y"": {""field"": ""High_Estimate"", ""type"": ""quantitative""}}}"
273,1400,How many flights depart from each origin city?,,,,,,,,1,1,1,1,,,,,Pie,Easy,Flight,"{""$schema"": ""https://vega.github.io/schema/vega-lite/v6.json"", ""description"": ""Vega-Lite chart for key 1400"", ""data"": {""values"": [{""origin"": ""Chicago"", ""COUNT_origin_"": 2}, {""origin"": ""Los Angeles"", ""COUNT_origin_"": 8}]}, ""mark"": ""arc"", ""encoding"": {""theta"": {""field"": ""COUNT_origin_"", ""type"": ""quantitative""}, ""color"": {""field"": ""origin"", ""type"": ""nominal""}}}"
274,1408,What’s the number of flights to each destination?,,,,,,,,1,1,1,1,,,,,Bar,Easy,Flight,"{""$schema"": ""https://vega.github.io/schema/vega-lite/v6.json"", ""description"": ""Vega-Lite chart for key 1408"", ""data"": {""values"": [{""destination"": ""Boston"", ""count_"": 1}, {""destination"": ""Chicago"", ""count_"": 1}, {""destination"": ""Dallas"", ""count_"": 1}, {""destination"": ""Honolulu"", ""count_"": 2}, {""destination"": ""Los Angeles"", ""count_"": 1}, {""destination"": ""New York"", ""count_"": 1}, {""destination"": ""Sydney"", ""count_"": 1}, {""destination"": ""Tokyo"", ""count_"": 1}, {""destination"": ""Washington D.C."", ""count_"": 1}]}, ""mark"": ""bar"", ""encoding"": {""x"": {""field"": ""destination"", ""type"": ""nominal""}, ""y"": {""field"": ""count_"", ""type"": ""quantitative""}}}"
275,1411,What’s the number of flights from each origin?,,,,,,,,1,1,1,1,,,,,Bar,Easy,Flight,"{""$schema"": ""https://vega.github.io/schema/vega-lite/v6.json"", ""description"": ""Vega-Lite chart for key 1411"", ""data"": {""values"": [{""origin"": ""Chicago"", ""count_"": 2}, {""origin"": ""Los Angeles"", ""count_"": 8}]}, ""mark"": ""bar"", ""encoding"": {""x"": {""field"": ""origin"", ""type"": ""nominal""}, ""y"": {""field"": ""count_"", ""type"": ""quantitative""}}}"
276,1434,How many Japanese constructors have ever earned more than five points?,,,,,,,,1,1,1,1,,,,,Pie,Hard,constructors,"{""$schema"": ""https://vega.github.io/schema/vega-lite/v6.json"", ""description"": ""Vega-Lite chart for key 1434"", ""data"": {""values"": [{""name"": ""Honda"", ""COUNT_name_"": 45}, {""name"": ""Toyota"", ""COUNT_name_"": 95}]}, ""mark"": ""arc"", ""encoding"": {""theta"": {""field"": ""COUNT_name_"", ""type"": ""quantitative""}, ""color"": {""field"": ""name"", ""type"": ""nominal""}}}"
277,1435,"Which Japanese constructors have earned more than five points, and how many of them are there?",,,,,,,,1,1,1,1,,,,,Bar,Hard,constructors,"{""$schema"": ""https://vega.github.io/schema/vega-lite/v6.json"", ""description"": ""Vega-Lite chart for key 1435"", ""data"": {""values"": [{""name"": ""Honda"", ""COUNT_name_"": 45}, {""name"": ""Toyota"", ""COUNT_name_"": 95}]}, ""mark"": ""bar"", ""encoding"": {""x"": {""field"": ""name"", ""type"": ""nominal""}, ""y"": {""field"": ""COUNT_name_"", ""type"": ""quantitative""}}}"
278,1460,"Which races took place between 2009 and 2011, and how many of each were there?",,,,,,,,1,1,1,1,,,,,Bar,Medium,races,"{""$schema"": ""https://vega.github.io/schema/vega-lite/v6.json"", ""description"": ""Vega-Lite chart for key 1460"", ""data"": {""values"": [{""name"": ""Abu Dhabi Grand Prix"", ""COUNT_name_"": 3}, {""name"": ""Australian Grand Prix"", ""COUNT_name_"": 3}, {""name"": ""Bahrain Grand Prix"", ""COUNT_name_"": 2}, {""name"": ""Belgian Grand Prix"", ""COUNT_name_"": 3}, {""name"": ""Brazilian Grand Prix"", ""COUNT_name_"": 3}, {""name"": ""British Grand Prix"", ""COUNT_name_"": 3}, {""name"": ""Canadian Grand Prix"", ""COUNT_name_"": 2}, {""name"": ""Chinese Grand Prix"", ""COUNT_name_"": 3}, {""name"": ""European Grand Prix"", ""COUNT_name_"": 3}, {""name"": ""German Grand Prix"", ""COUNT_name_"": 3}, {""name"": ""Hungarian Grand Prix"", ""COUNT_name_"": 3}, {""name"": ""Indian Grand Prix"", ""COUNT_name_"": 1}, {""name"": ""Italian Grand Prix"", ""COUNT_name_"": 3}, {""name"": ""Japanese Grand Prix"", ""COUNT_name_"": 3}, {""name"": ""Korean Grand Prix"", ""COUNT_name_"": 2}, {""name"": ""Malaysian Grand Prix"", ""COUNT_name_"": 3}, {""name"": ""Monaco Grand Prix"", ""COUNT_name_"": 3}, {""name"": ""Singapore Grand Prix"", ""COUNT_name_"": 3}, {""name"": ""Spanish Grand Prix"", ""COUNT_name_"": 3}, {""name"": ""Turkish Grand Prix"", ""COUNT_name_"": 3}]}, ""mark"": ""bar"", ""encoding"": {""x"": {""field"": ""name"", ""type"": ""nominal""}, ""y"": {""field"": ""COUNT_name_"", ""type"": ""quantitative""}}}"
280,1468,What’s the relationship between the maximum and minimum ages for each major?,,,,,,,,0,0,1,1,,,,,Grouping Scatter,Medium,game_1,"{""$schema"": ""https://vega.github.io/schema/vega-lite/v6.json"", ""description"": ""Vega-Lite chart for key 1468"", ""data"": {""values"": [{""classify"": 50, ""min_age_"": 18, ""max_age_"": 26}, {""classify"": 100, ""min_age_"": 18, ""max_age_"": 17}, {""classify"": 520, ""min_age_"": 18, ""max_age_"": 22}, {""classify"": 540, ""min_age_"": 18, ""max_age_"": 18}, {""classify"": 550, ""min_age_"": 18, ""max_age_"": 21}, {""classify"": 600, ""min_age_"": 18, ""max_age_"": 27}]}, ""mark"": ""point"", ""encoding"": {""x"": {""field"": ""min_age_"", ""type"": ""quantitative""}, ""y"": {""field"": ""max_age_"", ""type"": ""quantitative""}, ""color"": {""field"": ""classify"", ""type"": ""nominal""}}}"
282,1496,What’s the count of games for each home team?,,,,,,,,1,1,1,1,,,,,Pie,Easy,game,"{""$schema"": ""https://vega.github.io/schema/vega-lite/v6.json"", ""description"": ""Vega-Lite chart for key 1496"", ""data"": {""values"": [{""Home_team"": ""Bunyodkor"", ""COUNT_Home_team_"": 9}, {""Home_team"": ""Pakhtakor"", ""COUNT_Home_team_"": 10}, {""Home_team"": ""Quruvchi"", ""COUNT_Home_team_"": 1}]}, ""mark"": ""arc"", ""encoding"": {""theta"": {""field"": ""COUNT_Home_team_"", ""type"": ""quantitative""}, ""color"": {""field"": ""Home_team"", ""type"": ""nominal""}}}"
284,1499,How do banking companies rank?,,,,,,,,1,1,1,1,,,,,Bar,Medium,company,"{""$schema"": ""https://vega.github.io/schema/vega-lite/v6.json"", ""description"": ""Vega-Lite chart for key 1499"", ""data"": {""values"": [{""Company"": ""Industrial and Commercial Bank of China"", ""Rank"": 5}, {""Company"": ""Wells Fargo"", ""Rank"": 9}, {""Company"": ""HSBC"", ""Rank"": 6}]}, ""mark"": ""bar"", ""encoding"": {""x"": {""field"": ""Company"", ""type"": ""nominal""}, ""y"": {""field"": ""Rank"", ""type"": ""quantitative""}}}"
287,1507,What's the total market value for each main industry?,,,,,,,,1,1,1,1,,,,,Pie,Easy,company,"{""$schema"": ""https://vega.github.io/schema/vega-lite/v6.json"", ""description"": ""Vega-Lite chart for key 1507"", ""data"": {""values"": [{""Main_Industry"": ""Banking"", ""sum_market_value_"": 580.4000000000002}, {""Main_Industry"": ""Conglomerate"", ""sum_market_value_"": 415.9}, {""Main_Industry"": ""Oil and gas"", ""sum_market_value_"": 1257.1}]}, ""mark"": ""arc"", ""encoding"": {""theta"": {""field"": ""sum_market_value_"", ""type"": ""quantitative""}, ""color"": {""field"": ""Main_Industry"", ""type"": ""nominal""}}}"
288,1509,What’s the count of companies without a gas station in each main industry?,,,,,,,,1,1,1,1,,,,,Pie,Medium,company,"{""$schema"": ""https://vega.github.io/schema/vega-lite/v6.json"", ""description"": ""Vega-Lite chart for key 1509"", ""data"": {""values"": [{""Main_Industry"": ""Banking"", ""COUNT_Main_Industry_"": 3}, {""Main_Industry"": ""Conglomerate"", ""COUNT_Main_Industry_"": 2}]}, ""mark"": ""arc"", ""encoding"": {""theta"": {""field"": ""COUNT_Main_Industry_"", ""type"": ""quantitative""}, ""color"": {""field"": ""Main_Industry"", ""type"": ""nominal""}}}"
289,1515,What’s the count of gas stations for each company?,,,,,,,,1,1,1,1,,,,,Pie,Medium,station_company,"{""$schema"": ""https://vega.github.io/schema/vega-lite/v6.json"", ""description"": ""Vega-Lite chart for key 1515"", ""data"": {""values"": [{""Company"": ""ExxonMobil"", ""count_"": 2}, {""Company"": ""Royal Dutch Shell"", ""count_"": 1}, {""Company"": ""PetroChina"", ""count_"": 1}, {""Company"": ""Petrobras"", ""count_"": 1}, {""Company"": ""BP"", ""count_"": 1}]}, ""mark"": ""arc"", ""encoding"": {""theta"": {""field"": ""count_"", ""type"": ""quantitative""}, ""color"": {""field"": ""Company"", ""type"": ""nominal""}}}"
290,1517,How many companies are headquartered in each location?,,,,,,,,1,1,1,1,,,,,Pie,Easy,company,"{""$schema"": ""https://vega.github.io/schema/vega-lite/v6.json"", ""description"": ""Vega-Lite chart for key 1517"", ""data"": {""values"": [{""Headquarters"": ""Brazil"", ""COUNT_Headquarters_"": 1}, {""Headquarters"": ""China"", ""COUNT_Headquarters_"": 2}, {""Headquarters"": ""Netherlands"", ""COUNT_Headquarters_"": 1}, {""Headquarters"": ""UK"", ""COUNT_Headquarters_"": 2}, {""Headquarters"": ""USA"", ""COUNT_Headquarters_"": 4}]}, ""mark"": ""arc"", ""encoding"": {""theta"": {""field"": ""COUNT_Headquarters_"", ""type"": ""quantitative""}, ""color"": {""field"": ""Headquarters"", ""type"": ""nominal""}}}"
291,1520,What are the hometowns of the gymnasts and how many athletes come from each?,,,,,,,,1,1,1,1,,,,,Pie,Medium,gymnast,"{""$schema"": ""https://vega.github.io/schema/vega-lite/v6.json"", ""description"": ""Vega-Lite chart for key 1520"", ""data"": {""values"": [{""Hometown"": ""Bonao"", ""COUNT_"": 1}, {""Hometown"": ""Los Alcarrizos"", ""COUNT_"": 1}, {""Hometown"": ""Santiago de los Caballeros"", ""COUNT_"": 1}, {""Hometown"": ""Santo Domingo"", ""COUNT_"": 4}]}, ""mark"": ""arc"", ""encoding"": {""theta"": {""field"": ""COUNT_"", ""type"": ""quantitative""}, ""color"": {""field"": ""Hometown"", ""type"": ""nominal""}}}"
294,1526,What are the names and costs of all procedures?,,,,,,,,1,1,1,1,,,,,Bar,Easy,procedures,"{""$schema"": ""https://vega.github.io/schema/vega-lite/v6.json"", ""description"": ""Vega-Lite chart for key 1526"", ""data"": {""values"": [{""Name"": ""Complete Walletectomy"", ""Cost"": 10000}, {""Name"": ""Reversible Pancreomyoplasty"", ""Cost"": 5600}, {""Name"": ""Obfuscated Dermogastrotomy"", ""Cost"": 4899}, {""Name"": ""Folded Demiophtalmectomy"", ""Cost"": 4500}, {""Name"": ""Obtuse Pyloric Recombobulation"", ""Cost"": 3750}, {""Name"": ""Reverse Rhinopodoplasty"", ""Cost"": 1500}, {""Name"": ""Follicular Demiectomy"", ""Cost"": 25}]}, ""mark"": ""bar"", ""encoding"": {""x"": {""field"": ""Name"", ""type"": ""nominal""}, ""y"": {""field"": ""Cost"", ""type"": ""quantitative""}}}"
295,1527,"Which physicians are trained in procedures that cost more than $5,000, and how many of each are there?",,,,,,,,1,1,1,1,,,,,Pie,Hard,physician,"{""$schema"": ""https://vega.github.io/schema/vega-lite/v6.json"", ""description"": ""Vega-Lite chart for key 1527"", ""data"": {""values"": [{""Name"": ""Christopher Turk"", ""COUNT_Name_"": 1}, {""Name"": ""John Wen"", ""COUNT_Name_"": 2}, {""Name"": ""Todd Quinlan"", ""COUNT_Name_"": 1}]}, ""mark"": ""arc"", ""encoding"": {""theta"": {""field"": ""COUNT_Name_"", ""type"": ""quantitative""}, ""color"": {""field"": ""Name"", ""type"": ""nominal""}}}"
296,1528,"Which physicians are trained in procedures that cost more than $5,000, and how many of each are there?",,,,,,,,1,1,1,1,,,,,Bar,Hard,physician,"{""$schema"": ""https://vega.github.io/schema/vega-lite/v6.json"", ""description"": ""Vega-Lite chart for key 1528"", ""data"": {""values"": [{""Name"": ""Christopher Turk"", ""COUNT_Name_"": 1}, {""Name"": ""John Wen"", ""COUNT_Name_"": 2}, {""Name"": ""Todd Quinlan"", ""COUNT_Name_"": 1}]}, ""mark"": ""bar"", ""encoding"": {""x"": {""field"": ""Name"", ""type"": ""nominal""}, ""y"": {""field"": ""COUNT_Name_"", ""type"": ""quantitative""}}}"
297,1529,"Which patients have appointments, and how many are there for each?",,,,,,,,1,1,1,1,,,,,Pie,Medium,appointment,"{""$schema"": ""https://vega.github.io/schema/vega-lite/v6.json"", ""description"": ""Vega-Lite chart for key 1529"", ""data"": {""values"": [{""Name"": ""Dennis Doe"", ""COUNT_Name_"": 3}, {""Name"": ""Grace Ritchie"", ""COUNT_Name_"": 2}, {""Name"": ""John Smith"", ""COUNT_Name_"": 3}, {""Name"": ""Random J. Patient"", ""COUNT_Name_"": 1}]}, ""mark"": ""arc"", ""encoding"": {""theta"": {""field"": ""COUNT_Name_"", ""type"": ""quantitative""}, ""color"": {""field"": ""Name"", ""type"": ""nominal""}}}"
298,1530,How many patients have scheduled appointments?,,,,,,,,1,1,1,1,,,,,Bar,Medium,appointment,"{""$schema"": ""https://vega.github.io/schema/vega-lite/v6.json"", ""description"": ""Vega-Lite chart for key 1530"", ""data"": {""values"": [{""Name"": ""Dennis Doe"", ""COUNT_Name_"": 3}, {""Name"": ""Grace Ritchie"", ""COUNT_Name_"": 2}, {""Name"": ""John Smith"", ""COUNT_Name_"": 3}, {""Name"": ""Random J. Patient"", ""COUNT_Name_"": 1}]}, ""mark"": ""bar"", ""encoding"": {""x"": {""field"": ""Name"", ""type"": ""nominal""}, ""y"": {""field"": ""COUNT_Name_"", ""type"": ""quantitative""}}}"
299,1531,How many prescriptions are written for each medication brand?,,,,,,,,1,1,1,1,,,,,Pie,Medium,medication,"{""$schema"": ""https://vega.github.io/schema/vega-lite/v6.json"", ""description"": ""Vega-Lite chart for key 1531"", ""data"": {""values"": [{""Name"": ""Foo Labs"", ""count_"": 2}, {""Name"": ""X"", ""count_"": 1}]}, ""mark"": ""arc"", ""encoding"": {""theta"": {""field"": ""count_"", ""type"": ""quantitative""}, ""color"": {""field"": ""Name"", ""type"": ""nominal""}}}"
300,1534,"How many patients does each physician care for, and what are their names?",,,,,,,,1,1,1,1,,,,,Pie,Medium,physician,"{""$schema"": ""https://vega.github.io/schema/vega-lite/v6.json"", ""description"": ""Vega-Lite chart for key 1534"", ""data"": {""values"": [{""Name"": ""John Dorian"", ""count_"": 1}, {""Name"": ""Elliot Reid"", ""count_"": 2}, {""Name"": ""Christopher Turk"", ""count_"": 1}]}, ""mark"": ""arc"", ""encoding"": {""theta"": {""field"": ""count_"", ""type"": ""quantitative""}, ""color"": {""field"": ""Name"", ""type"": ""nominal""}}}"
301,1535,"How many patients does each physician care for, along with their names and patient counts?",,,,,,,,1,1,1,1,,,,,Bar,Medium,physician,"{""$schema"": ""https://vega.github.io/schema/vega-lite/v6.json"", ""description"": ""Vega-Lite chart for key 1535"", ""data"": {""values"": [{""Name"": ""John Dorian"", ""count_"": 1}, {""Name"": ""Elliot Reid"", ""count_"": 2}, {""Name"": ""Christopher Turk"", ""count_"": 1}]}, ""mark"": ""bar"", ""encoding"": {""x"": {""field"": ""Name"", ""type"": ""nominal""}, ""y"": {""field"": ""count_"", ""type"": ""quantitative""}}}"
302,1537,What’s the weekly hiring count for employees in Clara’s department?,,,,,,,,1,1,1,1,,,,,Bar,Medium,employees,"{""$schema"": ""https://vega.github.io/schema/vega-lite/v6.json"", ""description"": ""Vega-Lite chart for key 1537"", ""data"": {""values"": [{""HIRE_DATE"": ""Mon"", ""COUNT_HIRE_DATE_"": 5}, {""HIRE_DATE"": ""Tue"", ""COUNT_HIRE_DATE_"": 5}, {""HIRE_DATE"": ""Wed"", ""COUNT_HIRE_DATE_"": 5}, {""HIRE_DATE"": ""Thur"", ""COUNT_HIRE_DATE_"": 4}, {""HIRE_DATE"": ""Fri"", ""COUNT_HIRE_DATE_"": 5}, {""HIRE_DATE"": ""Sat"", ""COUNT_HIRE_DATE_"": 5}, {""HIRE_DATE"": ""Sun"", ""COUNT_HIRE_DATE_"": 5}]}, ""mark"": ""bar"", ""encoding"": {""x"": {""field"": ""HIRE_DATE"", ""type"": ""nominal""}, ""y"": {""field"": ""COUNT_HIRE_DATE_"", ""type"": ""quantitative""}}}"
304,1563,"What’s the distribution of job IDs and the average salary for employees whose first name contains a D or an S, grouped by job ID?",,,,,,,,1,1,1,1,,,,,Bar,Extra Hard,employees,"{""$schema"": ""https://vega.github.io/schema/vega-lite/v6.json"", ""description"": ""Vega-Lite chart for key 1563"", ""data"": {""values"": [{""JOB_ID"": ""AC_MGR"", ""AVG_SALARY_"": 12000}, {""JOB_ID"": ""AD_PRES"", ""AVG_SALARY_"": 24000}, {""JOB_ID"": ""FI_ACCOUNT"", ""AVG_SALARY_"": 7850}, {""JOB_ID"": ""HR_REP"", ""AVG_SALARY_"": 6500}, {""JOB_ID"": ""IT_PROG"", ""AVG_SALARY_"": 6000}, {""JOB_ID"": ""PU_CLERK"", ""AVG_SALARY_"": 2933.3333333333335}, {""JOB_ID"": ""PU_MAN"", ""AVG_SALARY_"": 11000}, {""JOB_ID"": ""SA_MAN"", ""AVG_SALARY_"": 11000}, {""JOB_ID"": ""SA_REP"", ""AVG_SALARY_"": 8100}, {""JOB_ID"": ""SH_CLERK"", ""AVG_SALARY_"": 3244.4444444444443}, {""JOB_ID"": ""ST_CLERK"", ""AVG_SALARY_"": 2822.222222222222}, {""JOB_ID"": ""ST_MAN"", ""AVG_SALARY_"": 7350}]}, ""mark"": ""bar"", ""encoding"": {""x"": {""field"": ""JOB_ID"", ""type"": ""nominal""}, ""y"": {""field"": ""AVG_SALARY_"", ""type"": ""quantitative""}}}"
306,1580,"Could you show a chart of the monthly hire‑date distribution for employees whose salary falls between 8,000 and 12,000 with a non‑null commission, or who are not in department 40?",,,,,,,,1,1,1,1,,,,,Bar,Hard,employees,"{""$schema"": ""https://vega.github.io/schema/vega-lite/v6.json"", ""description"": ""Vega-Lite chart for key 1580"", ""data"": {""values"": [{""HIRE_DATE"": ""June"", ""COUNT_HIRE_DATE_"": 14}, {""HIRE_DATE"": ""July"", ""COUNT_HIRE_DATE_"": 31}, {""HIRE_DATE"": ""Aug"", ""COUNT_HIRE_DATE_"": 31}, {""HIRE_DATE"": ""Sept"", ""COUNT_HIRE_DATE_"": 29}, {""HIRE_DATE"": ""Oct"", ""COUNT_HIRE_DATE_"": 1}]}, ""mark"": ""bar"", ""encoding"": {""x"": {""field"": ""HIRE_DATE"", ""type"": ""nominal""}, ""y"": {""field"": ""COUNT_HIRE_DATE_"", ""type"": ""quantitative""}}}"
310,1652,How do hire dates break down by weekday for employees whose department managers have IDs outside the 100‑200 range?,,,,,,,,1,1,1,1,,,,,Bar,Medium,employees,"{""$schema"": ""https://vega.github.io/schema/vega-lite/v6.json"", ""description"": ""Vega-Lite chart for key 1652"", ""data"": {""values"": [{""HIRE_DATE"": ""Mon"", ""COUNT_HIRE_DATE_"": 1}, {""HIRE_DATE"": ""Tue"", ""COUNT_HIRE_DATE_"": 1}, {""HIRE_DATE"": ""Wed"", ""COUNT_HIRE_DATE_"": 1}, {""HIRE_DATE"": ""Thur"", ""COUNT_HIRE_DATE_"": 2}, {""HIRE_DATE"": ""Fri"", ""COUNT_HIRE_DATE_"": 0}, {""HIRE_DATE"": ""Sat"", ""COUNT_HIRE_DATE_"": 1}, {""HIRE_DATE"": ""Sun"", ""COUNT_HIRE_DATE_"": 1}]}, ""mark"": ""bar"", ""encoding"": {""x"": {""field"": ""HIRE_DATE"", ""type"": ""nominal""}, ""y"": {""field"": ""COUNT_HIRE_DATE_"", ""type"": ""quantitative""}}}"
313,1715,Could you show a chart of the monthly hire‑date distribution and average salary for employees who have never held a previous job?,,,,,,,,1,1,1,1,,,,,Bar,Medium,employees,"{""$schema"": ""https://vega.github.io/schema/vega-lite/v6.json"", ""description"": ""Vega-Lite chart for key 1715"", ""data"": {""values"": [{""HIRE_DATE"": ""June"", ""AVG_SALARY_"": 8700}, {""HIRE_DATE"": ""July"", ""AVG_SALARY_"": 3382.7586206896553}, {""HIRE_DATE"": ""Aug"", ""AVG_SALARY_"": 9074.193548387097}, {""HIRE_DATE"": ""Sept"", ""AVG_SALARY_"": 4459.259259259259}, {""HIRE_DATE"": ""Oct"", ""AVG_SALARY_"": 8300}]}, ""mark"": ""bar"", ""encoding"": {""x"": {""field"": ""HIRE_DATE"", ""type"": ""nominal""}, ""y"": {""field"": ""AVG_SALARY_"", ""type"": ""quantitative""}}}"
315,1807,"What’s the count of employees whose first names end with “m,” grouped by each name?",,,,,,,,1,1,1,0,,,,,Pie,Hard,employees,"{""$schema"": ""https://vega.github.io/schema/vega-lite/v6.json"", ""description"": ""Vega-Lite chart for key 1807"", ""data"": {""values"": [{""FIRST_NAME"": ""Adam"", ""COUNT_FIRST_NAME_"": 1}, {""FIRST_NAME"": ""Payam"", ""COUNT_FIRST_NAME_"": 1}, {""FIRST_NAME"": ""William"", ""COUNT_FIRST_NAME_"": 2}]}, ""mark"": ""arc"", ""encoding"": {""theta"": {""field"": ""COUNT_FIRST_NAME_"", ""type"": ""quantitative""}, ""color"": {""field"": ""FIRST_NAME"", ""type"": ""nominal""}}}"
316,1831,"What’s the total salary for employees whose first name doesn’t contain an “M,” grouped by the day of the week they were hired?",,,,,,,,1,1,1,1,,,,,Bar,Hard,employees,"{""$schema"": ""https://vega.github.io/schema/vega-lite/v6.json"", ""description"": ""Vega-Lite chart for key 1831"", ""data"": {""values"": [{""HIRE_DATE"": ""Mon"", ""SUM_SALARY_"": 75800}, {""HIRE_DATE"": ""Tue"", ""SUM_SALARY_"": 68100}, {""HIRE_DATE"": ""Wed"", ""SUM_SALARY_"": 116200}, {""HIRE_DATE"": ""Thur"", ""SUM_SALARY_"": 70400}, {""HIRE_DATE"": ""Fri"", ""SUM_SALARY_"": 92000}, {""HIRE_DATE"": ""Sat"", ""SUM_SALARY_"": 78700}, {""HIRE_DATE"": ""Sun"", ""SUM_SALARY_"": 72300}]}, ""mark"": ""bar"", ""encoding"": {""x"": {""field"": ""HIRE_DATE"", ""type"": ""nominal""}, ""y"": {""field"": ""SUM_SALARY_"", ""type"": ""quantitative""}}}"
317,1839,"How many employees were hired on each day of the week, so we can plot the counts?",,,,,,,,1,1,1,1,,,,,Bar,Easy,employees,"{""$schema"": ""https://vega.github.io/schema/vega-lite/v6.json"", ""description"": ""Vega-Lite chart for key 1839"", ""data"": {""values"": [{""HIRE_DATE"": ""Mon"", ""COUNT_HIRE_DATE_"": 15}, {""HIRE_DATE"": ""Tue"", ""COUNT_HIRE_DATE_"": 15}, {""HIRE_DATE"": ""Wed"", ""COUNT_HIRE_DATE_"": 16}, {""HIRE_DATE"": ""Thur"", ""COUNT_HIRE_DATE_"": 16}, {""HIRE_DATE"": ""Fri"", ""COUNT_HIRE_DATE_"": 15}, {""HIRE_DATE"": ""Sat"", ""COUNT_HIRE_DATE_"": 15}, {""HIRE_DATE"": ""Sun"", ""COUNT_HIRE_DATE_"": 15}]}, ""mark"": ""bar"", ""encoding"": {""x"": {""field"": ""HIRE_DATE"", ""type"": ""nominal""}, ""y"": {""field"": ""COUNT_HIRE_DATE_"", ""type"": ""quantitative""}}}"
318,1955,What’s the breakdown of job titles among the positions in department 80?,,,,,,,,1,1,1,1,,,,,Pie,Hard,employees,"{""$schema"": ""https://vega.github.io/schema/vega-lite/v6.json"", ""description"": ""Vega-Lite chart for key 1955"", ""data"": {""values"": [{""JOB_TITLE"": ""Sales Manager"", ""COUNT_JOB_TITLE_"": 5}, {""JOB_TITLE"": ""Sales Representative"", ""COUNT_JOB_TITLE_"": 29}]}, ""mark"": ""arc"", ""encoding"": {""theta"": {""field"": ""COUNT_JOB_TITLE_"", ""type"": ""quantitative""}, ""color"": {""field"": ""JOB_TITLE"", ""type"": ""nominal""}}}"
319,1961,What's the proportion of each job ID among Finance department employees?,,,,,,,,1,1,1,1,,,,,Pie,Hard,employees,"{""$schema"": ""https://vega.github.io/schema/vega-lite/v6.json"", ""description"": ""Vega-Lite chart for key 1961"", ""data"": {""values"": [{""JOB_ID"": ""FI_ACCOUNT"", ""COUNT_JOB_ID_"": 5}, {""JOB_ID"": ""FI_MGR"", ""COUNT_JOB_ID_"": 1}]}, ""mark"": ""arc"", ""encoding"": {""theta"": {""field"": ""COUNT_JOB_ID_"", ""type"": ""quantitative""}, ""color"": {""field"": ""JOB_ID"", ""type"": ""nominal""}}}"
322,1969,What's the average price of rooms across different décor styles?,,,,,,,,1,1,1,1,,,,,Bar,Easy,Rooms,"{""$schema"": ""https://vega.github.io/schema/vega-lite/v6.json"", ""description"": ""Vega-Lite chart for key 1969"", ""data"": {""values"": [{""decor"": ""modern"", ""avg_basePrice_"": 112.5}, {""decor"": ""rustic"", ""avg_basePrice_"": 162.5}, {""decor"": ""traditional"", ""avg_basePrice_"": 187.5}]}, ""mark"": ""bar"", ""encoding"": {""x"": {""field"": ""decor"", ""type"": ""nominal""}, ""y"": {""field"": ""avg_basePrice_"", ""type"": ""quantitative""}}}"
323,1971,What's the proportion of the minimum room price across the different décor styles?,,,,,,,,1,1,1,0,,,,,Pie,Easy,Rooms,"{""$schema"": ""https://vega.github.io/schema/vega-lite/v6.json"", ""description"": ""Vega-Lite chart for key 1971"", ""data"": {""values"": [{""decor"": ""modern"", ""min_basePrice_"": 75}, {""decor"": ""rustic"", ""min_basePrice_"": 150}, {""decor"": ""traditional"", ""min_basePrice_"": 150}]}, ""mark"": ""arc"", ""encoding"": {""theta"": {""field"": ""min_basePrice_"", ""type"": ""quantitative""}, ""color"": {""field"": ""decor"", ""type"": ""nominal""}}}"
324,1972,Could you show a plot of the average versus minimum room prices for each décor style?,,,,,,,,1,1,1,1,,,,,Scatter,Easy,Rooms,"{""$schema"": ""https://vega.github.io/schema/vega-lite/v6.json"", ""description"": ""Vega-Lite chart for key 1972"", ""data"": {""values"": [{""avg_basePrice_"": 112.5, ""min_basePrice_"": 75}, {""avg_basePrice_"": 162.5, ""min_basePrice_"": 150}, {""avg_basePrice_"": 187.5, ""min_basePrice_"": 150}]}, ""mark"": ""point"", ""encoding"": {""x"": {""field"": ""avg_basePrice_"", ""type"": ""quantitative""}, ""y"": {""field"": ""min_basePrice_"", ""type"": ""quantitative""}}}"
326,1974,What’s the count of king‑bed rooms for each décor type?,,,,,,,,1,1,1,1,,,,,Pie,Medium,Rooms,"{""$schema"": ""https://vega.github.io/schema/vega-lite/v6.json"", ""description"": ""Vega-Lite chart for key 1974"", ""data"": {""values"": [{""decor"": ""modern"", ""count_"": 1}, {""decor"": ""traditional"", ""count_"": 3}]}, ""mark"": ""arc"", ""encoding"": {""theta"": {""field"": ""count_"", ""type"": ""quantitative""}, ""color"": {""field"": ""decor"", ""type"": ""nominal""}}}"
327,1975,How many rooms with king beds are there for each décor style?,,,,,,,,1,1,1,1,,,,,Bar,Medium,Rooms,"{""$schema"": ""https://vega.github.io/schema/vega-lite/v6.json"", ""description"": ""Vega-Lite chart for key 1975"", ""data"": {""values"": [{""decor"": ""modern"", ""count_"": 1}, {""decor"": ""traditional"", ""count_"": 3}]}, ""mark"": ""bar"", ""encoding"": {""x"": {""field"": ""decor"", ""type"": ""nominal""}, ""y"": {""field"": ""count_"", ""type"": ""quantitative""}}}"
328,1976,What’s the average base price for each bed type?,,,,,,,,1,1,1,1,,,,,Pie,Easy,Rooms,"{""$schema"": ""https://vega.github.io/schema/vega-lite/v6.json"", ""description"": ""Vega-Lite chart for key 1976"", ""data"": {""values"": [{""bedType"": ""Double"", ""avg_basePrice_"": 100}, {""bedType"": ""King"", ""avg_basePrice_"": 181.25}, {""bedType"": ""Queen"", ""avg_basePrice_"": 150}]}, ""mark"": ""arc"", ""encoding"": {""theta"": {""field"": ""avg_basePrice_"", ""type"": ""quantitative""}, ""color"": {""field"": ""bedType"", ""type"": ""nominal""}}}"
329,1978,How many rooms cost more than $120 for each décor style?,,,,,,,,1,1,1,1,,,,,Pie,Medium,Rooms,"{""$schema"": ""https://vega.github.io/schema/vega-lite/v6.json"", ""description"": ""Vega-Lite chart for key 1978"", ""data"": {""values"": [{""decor"": ""modern"", ""count_"": 2}, {""decor"": ""rustic"", ""count_"": 2}, {""decor"": ""traditional"", ""count_"": 4}]}, ""mark"": ""arc"", ""encoding"": {""theta"": {""field"": ""count_"", ""type"": ""quantitative""}, ""color"": {""field"": ""decor"", ""type"": ""nominal""}}}"
330,1980,How many bookings does each room type have from customers whose first name includes “ROY”?,,,,,,,,1,1,1,1,,,,,Pie,Extra Hard,Reservations,"{""$schema"": ""https://vega.github.io/schema/vega-lite/v6.json"", ""description"": ""Vega-Lite chart for key 1980"", ""data"": {""values"": [{""roomName"": ""Convoke and sanguine"", ""COUNT_roomName_"": 1}, {""roomName"": ""Frugal not apropos"", ""COUNT_roomName_"": 2}, {""roomName"": ""Harbinger but bequest"", ""COUNT_roomName_"": 3}, {""roomName"": ""Thrift and accolade"", ""COUNT_roomName_"": 1}]}, ""mark"": ""arc"", ""encoding"": {""theta"": {""field"": ""COUNT_roomName_"", ""type"": ""quantitative""}, ""color"": {""field"": ""roomName"", ""type"": ""nominal""}}}"
331,1990,How many policies linked to customers named “Diana” closed on each day of the week?,,,,,,,,1,1,1,1,,,,,Bar,Extra Hard,customers,"{""$schema"": ""https://vega.github.io/schema/vega-lite/v6.json"", ""description"": ""Vega-Lite chart for key 1990"", ""data"": {""values"": [{""Date_Closed"": ""Mon"", ""COUNT_Date_Closed_"": 0}, {""Date_Closed"": ""Tue"", ""COUNT_Date_Closed_"": 0}, {""Date_Closed"": ""Wed"", ""COUNT_Date_Closed_"": 0}, {""Date_Closed"": ""Thur"", ""COUNT_Date_Closed_"": 2}, {""Date_Closed"": ""Fri"", ""COUNT_Date_Closed_"": 0}, {""Date_Closed"": ""Sat"", ""COUNT_Date_Closed_"": 0}, {""Date_Closed"": ""Sun"", ""COUNT_Date_Closed_"": 0}]}, ""mark"": ""bar"", ""encoding"": {""x"": {""field"": ""Date_Closed"", ""type"": ""nominal""}, ""y"": {""field"": ""COUNT_Date_Closed_"", ""type"": ""quantitative""}}}"
332,1992,"Which claims have amounts above the average, and how many of those settled on each weekday?",,,,,,,,1,1,1,1,,,,,Bar,Medium,Claims,"{""$schema"": ""https://vega.github.io/schema/vega-lite/v6.json"", ""description"": ""Vega-Lite chart for key 1992"", ""data"": {""values"": [{""Date_Claim_Settled"": ""Mon"", ""COUNT_Date_Claim_Settled_"": 1}, {""Date_Claim_Settled"": ""Tue"", ""COUNT_Date_Claim_Settled_"": 0}, {""Date_Claim_Settled"": ""Wed"", ""COUNT_Date_Claim_Settled_"": 2}, {""Date_Claim_Settled"": ""Thur"", ""COUNT_Date_Claim_Settled_"": 0}, {""Date_Claim_Settled"": ""Fri"", ""COUNT_Date_Claim_Settled_"": 0}, {""Date_Claim_Settled"": ""Sat"", ""COUNT_Date_Claim_Settled_"": 1}, {""Date_Claim_Settled"": ""Sun"", ""COUNT_Date_Claim_Settled_"": 2}]}, ""mark"": ""bar"", ""encoding"": {""x"": {""field"": ""Date_Claim_Settled"", ""type"": ""nominal""}, ""y"": {""field"": ""COUNT_Date_Claim_Settled_"", ""type"": ""quantitative""}}}"
334,2009,What's the proportion of each payment method code?,,,,,,,,1,1,1,1,,,,,Pie,Easy,Payments,"{""$schema"": ""https://vega.github.io/schema/vega-lite/v6.json"", ""description"": ""Vega-Lite chart for key 2009"", ""data"": {""values"": [{""Payment_Method_Code"": ""American Express"", ""COUNT_Payment_Method_Code_"": 1}, {""Payment_Method_Code"": ""Discover Card"", ""COUNT_Payment_Method_Code_"": 3}, {""Payment_Method_Code"": ""MasterCard"", ""COUNT_Payment_Method_Code_"": 7}, {""Payment_Method_Code"": ""Visa"", ""COUNT_Payment_Method_Code_"": 4}]}, ""mark"": ""arc"", ""encoding"": {""theta"": {""field"": ""COUNT_Payment_Method_Code_"", ""type"": ""quantitative""}, ""color"": {""field"": ""Payment_Method_Code"", ""type"": ""nominal""}}}"
335,2011,What’s the total payment amount for each method code?,,,,,,,,1,1,1,1,,,,,Bar,Easy,Payments,"{""$schema"": ""https://vega.github.io/schema/vega-lite/v6.json"", ""description"": ""Vega-Lite chart for key 2011"", ""data"": {""values"": [{""Payment_Method_Code"": ""American Express"", ""SUM_Amount_Payment_"": 177130}, {""Payment_Method_Code"": ""Discover Card"", ""SUM_Amount_Payment_"": 232825}, {""Payment_Method_Code"": ""MasterCard"", ""SUM_Amount_Payment_"": 2531865}, {""Payment_Method_Code"": ""Visa"", ""SUM_Amount_Payment_"": 794713}]}, ""mark"": ""bar"", ""encoding"": {""x"": {""field"": ""Payment_Method_Code"", ""type"": ""nominal""}, ""y"": {""field"": ""SUM_Amount_Payment_"", ""type"": ""quantitative""}}}"
336,2012,What’s the average payment amount for each method code?,,,,,,,,1,1,1,1,,,,,Bar,Easy,Payments,"{""$schema"": ""https://vega.github.io/schema/vega-lite/v6.json"", ""description"": ""Vega-Lite chart for key 2012"", ""data"": {""values"": [{""Payment_Method_Code"": ""American Express"", ""AVG_Amount_Payment_"": 177130}, {""Payment_Method_Code"": ""Discover Card"", ""AVG_Amount_Payment_"": 77608.33333333333}, {""Payment_Method_Code"": ""MasterCard"", ""AVG_Amount_Payment_"": 361695}, {""Payment_Method_Code"": ""Visa"", ""AVG_Amount_Payment_"": 198678.25}]}, ""mark"": ""bar"", ""encoding"": {""x"": {""field"": ""Payment_Method_Code"", ""type"": ""nominal""}, ""y"": {""field"": ""AVG_Amount_Payment_"", ""type"": ""quantitative""}}}"
337,2013,What’s the proportion of total payment amounts for each method code?,,,,,,,,1,1,1,1,,,,,Pie,Easy,Payments,"{""$schema"": ""https://vega.github.io/schema/vega-lite/v6.json"", ""description"": ""Vega-Lite chart for key 2013"", ""data"": {""values"": [{""Payment_Method_Code"": ""American Express"", ""SUM_Amount_Payment_"": 177130}, {""Payment_Method_Code"": ""Discover Card"", ""SUM_Amount_Payment_"": 232825}, {""Payment_Method_Code"": ""MasterCard"", ""SUM_Amount_Payment_"": 2531865}, {""Payment_Method_Code"": ""Visa"", ""SUM_Amount_Payment_"": 794713}]}, ""mark"": ""arc"", ""encoding"": {""theta"": {""field"": ""SUM_Amount_Payment_"", ""type"": ""quantitative""}, ""color"": {""field"": ""Payment_Method_Code"", ""type"": ""nominal""}}}"
338,2014,What’s the trend in total payment amounts over time?,,,,,,,,1,1,1,1,,,,,Line,Medium,Payments,"{""$schema"": ""https://vega.github.io/schema/vega-lite/v6.json"", ""description"": ""Vega-Lite chart for key 2014"", ""data"": {""values"": [{""Date_Payment_Made"": ""2017-05-03"", ""SUM_Amount_Payment_"": 172309}, {""Date_Payment_Made"": ""2017-05-04"", ""SUM_Amount_Payment_"": 123255}, {""Date_Payment_Made"": ""2017-05-28"", ""SUM_Amount_Payment_"": 604267}, {""Date_Payment_Made"": ""2017-06-24"", ""SUM_Amount_Payment_"": 456098}, {""Date_Payment_Made"": ""2017-07-31"", ""SUM_Amount_Payment_"": 423154}, {""Date_Payment_Made"": ""2017-08-06"", ""SUM_Amount_Payment_"": 38324}, {""Date_Payment_Made"": ""2017-10-07"", ""SUM_Amount_Payment_"": 71246}, {""Date_Payment_Made"": ""2017-12-16"", ""SUM_Amount_Payment_"": 459407}, {""Date_Payment_Made"": ""2018-01-10"", ""SUM_Amount_Payment_"": 407235}, {""Date_Payment_Made"": ""2018-01-19"", ""SUM_Amount_Payment_"": 177130}, {""Date_Payment_Made"": ""2018-01-28"", ""SUM_Amount_Payment_"": 319142}, {""Date_Payment_Made"": ""2018-02-16"", ""SUM_Amount_Payment_"": 241730}, {""Date_Payment_Made"": ""2018-02-18"", ""SUM_Amount_Payment_"": 235893}, {""Date_Payment_Made"": ""2018-02-24"", ""SUM_Amount_Payment_"": 7343}]}, ""mark"": ""line"", ""encoding"": {""x"": {""field"": ""Date_Payment_Made"", ""type"": ""nominal""}, ""y"": {""field"": ""SUM_Amount_Payment_"", ""type"": ""quantitative""}}}"
339,2015,What's the trend of average payment amounts by each payment day?,,,,,,,,1,1,1,1,,,,,Line,Medium,Payments,"{""$schema"": ""https://vega.github.io/schema/vega-lite/v6.json"", ""description"": ""Vega-Lite chart for key 2015"", ""data"": {""values"": [{""Date_Payment_Made"": ""2017-05-03"", ""AVG_Amount_Payment_"": 172309}, {""Date_Payment_Made"": ""2017-05-04"", ""AVG_Amount_Payment_"": 123255}, {""Date_Payment_Made"": ""2017-05-28"", ""AVG_Amount_Payment_"": 302133.5}, {""Date_Payment_Made"": ""2017-06-24"", ""AVG_Amount_Payment_"": 456098}, {""Date_Payment_Made"": ""2017-07-31"", ""AVG_Amount_Payment_"": 423154}, {""Date_Payment_Made"": ""2017-08-06"", ""AVG_Amount_Payment_"": 38324}, {""Date_Payment_Made"": ""2017-10-07"", ""AVG_Amount_Payment_"": 71246}, {""Date_Payment_Made"": ""2017-12-16"", ""AVG_Amount_Payment_"": 459407}, {""Date_Payment_Made"": ""2018-01-10"", ""AVG_Amount_Payment_"": 407235}, {""Date_Payment_Made"": ""2018-01-19"", ""AVG_Amount_Payment_"": 177130}, {""Date_Payment_Made"": ""2018-01-28"", ""AVG_Amount_Payment_"": 319142}, {""Date_Payment_Made"": ""2018-02-16"", ""AVG_Amount_Payment_"": 241730}, {""Date_Payment_Made"": ""2018-02-18"", ""AVG_Amount_Payment_"": 235893}, {""Date_Payment_Made"": ""2018-02-24"", ""AVG_Amount_Payment_"": 7343}]}, ""mark"": ""line"", ""encoding"": {""x"": {""field"": ""Date_Payment_Made"", ""type"": ""nominal""}, ""y"": {""field"": ""AVG_Amount_Payment_"", ""type"": ""quantitative""}}}"
340,2018,Group the settlement cases by the day of the week they occurred on and count how many fall into each day.,,,,,,,,1,1,1,1,,,,,Bar,Easy,Settlements,"{""$schema"": ""https://vega.github.io/schema/vega-lite/v6.json"", ""description"": ""Vega-Lite chart for key 2018"", ""data"": {""values"": [{""Date_Claim_Settled"": ""Mon"", ""COUNT_Date_Claim_Settled_"": 0}, {""Date_Claim_Settled"": ""Tue"", ""COUNT_Date_Claim_Settled_"": 4}, {""Date_Claim_Settled"": ""Wed"", ""COUNT_Date_Claim_Settled_"": 2}, {""Date_Claim_Settled"": ""Thur"", ""COUNT_Date_Claim_Settled_"": 2}, {""Date_Claim_Settled"": ""Fri"", ""COUNT_Date_Claim_Settled_"": 2}, {""Date_Claim_Settled"": ""Sat"", ""COUNT_Date_Claim_Settled_"": 2}, {""Date_Claim_Settled"": ""Sun"", ""COUNT_Date_Claim_Settled_"": 3}]}, ""mark"": ""bar"", ""encoding"": {""x"": {""field"": ""Date_Claim_Settled"", ""type"": ""nominal""}, ""y"": {""field"": ""COUNT_Date_Claim_Settled_"", ""type"": ""quantitative""}}}"
341,2019,What’s the count of claims for each year?,,,,,,,,1,1,1,1,,,,,Bar,Easy,Settlements,"{""$schema"": ""https://vega.github.io/schema/vega-lite/v6.json"", ""description"": ""Vega-Lite chart for key 2019"", ""data"": {""values"": [{""Date_Claim_Made"": ""2016"", ""COUNT_Date_Claim_Made_"": 4}, {""Date_Claim_Made"": ""2017"", ""COUNT_Date_Claim_Made_"": 8}, {""Date_Claim_Made"": ""2018"", ""COUNT_Date_Claim_Made_"": 3}]}, ""mark"": ""bar"", ""encoding"": {""x"": {""field"": ""Date_Claim_Made"", ""type"": ""nominal""}, ""y"": {""field"": ""COUNT_Date_Claim_Made_"", ""type"": ""quantitative""}}}"
343,2027,What's the total amount processed with Visa for each year?,,,,,,,,1,1,1,1,,,,,Bar,Medium,Payments,"{""$schema"": ""https://vega.github.io/schema/vega-lite/v6.json"", ""description"": ""Vega-Lite chart for key 2027"", ""data"": {""values"": [{""Date_Payment_Made"": ""2017"", ""SUM_Amount_Payment_"": 787370}, {""Date_Payment_Made"": ""2018"", ""SUM_Amount_Payment_"": 7343}]}, ""mark"": ""bar"", ""encoding"": {""x"": {""field"": ""Date_Payment_Made"", ""type"": ""nominal""}, ""y"": {""field"": ""SUM_Amount_Payment_"", ""type"": ""quantitative""}}}"
344,2036,What’s the average amount of Visa payments for each day of the week?,,,,,,,,1,1,1,1,,,,,Bar,Medium,Payments,"{""$schema"": ""https://vega.github.io/schema/vega-lite/v6.json"", ""description"": ""Vega-Lite chart for key 2036"", ""data"": {""values"": [{""Date_Payment_Made"": ""Mon"", ""AVG_Amount_Payment_"": 0}, {""Date_Payment_Made"": ""Tue"", ""AVG_Amount_Payment_"": 0}, {""Date_Payment_Made"": ""Wed"", ""AVG_Amount_Payment_"": 172309}, {""Date_Payment_Made"": ""Thur"", ""AVG_Amount_Payment_"": 0}, {""Date_Payment_Made"": ""Fri"", ""AVG_Amount_Payment_"": 0}, {""Date_Payment_Made"": ""Sat"", ""AVG_Amount_Payment_"": 233375}, {""Date_Payment_Made"": ""Sun"", ""AVG_Amount_Payment_"": 155654}]}, ""mark"": ""bar"", ""encoding"": {""x"": {""field"": ""Date_Payment_Made"", ""type"": ""nominal""}, ""y"": {""field"": ""AVG_Amount_Payment_"", ""type"": ""quantitative""}}}"
345,2059,"How many editors sit on the committees of journals with sales over 3,000?",,,,,,,,1,1,1,1,,,,,Pie,Hard,journal_committee,"{""$schema"": ""https://vega.github.io/schema/vega-lite/v6.json"", ""description"": ""Vega-Lite chart for key 2059"", ""data"": {""values"": [{""Name"": ""Grażyna Wolszczak"", ""COUNT_Name_"": 2}, {""Name"": ""Kamila Porczyk"", ""COUNT_Name_"": 1}, {""Name"": ""Maria Góralczyk"", ""COUNT_Name_"": 1}, {""Name"": ""Władysław Grzywna"", ""COUNT_Name_"": 1}]}, ""mark"": ""arc"", ""encoding"": {""theta"": {""field"": ""COUNT_Name_"", ""type"": ""quantitative""}, ""color"": {""field"": ""Name"", ""type"": ""nominal""}}}"
348,2071,Could you list each bank branch and the total amount of loans it holds?,,,,,,,,1,1,1,1,,,,,Pie,Medium,bank,"{""$schema"": ""https://vega.github.io/schema/vega-lite/v6.json"", ""description"": ""Vega-Lite chart for key 2071"", ""data"": {""values"": [{""bname"": ""broadway"", ""sum_amount_"": 5000}, {""bname"": ""downtown"", ""sum_amount_"": 3000}, {""bname"": ""morningside"", ""sum_amount_"": 2050}]}, ""mark"": ""arc"", ""encoding"": {""theta"": {""field"": ""sum_amount_"", ""type"": ""quantitative""}, ""color"": {""field"": ""bname"", ""type"": ""nominal""}}}"
349,2074,What’s the share of each type for items that are closed or have a status record before 2017‑06‑19 02:59:21?,,,,,,,,1,1,1,1,,,,,Pie,Extra Hard,Timed_Status_of_Things,"{""$schema"": ""https://vega.github.io/schema/vega-lite/v6.json"", ""description"": ""Vega-Lite chart for key 2074"", ""data"": {""values"": [{""Type_of_Thing_Code"": ""Commen"", ""COUNT_Type_of_Thing_Code_"": 7}, {""Type_of_Thing_Code"": ""Electronics"", ""COUNT_Type_of_Thing_Code_"": 5}, {""Type_of_Thing_Code"": ""Furniture"", ""COUNT_Type_of_Thing_Code_"": 1}]}, ""mark"": ""arc"", ""encoding"": {""theta"": {""field"": ""COUNT_Type_of_Thing_Code_"", ""type"": ""quantitative""}, ""color"": {""field"": ""Type_of_Thing_Code"", ""type"": ""nominal""}}}"
352,2110,How many move‑in dates fall into each year?,,,,,,,,1,1,1,1,,,,,Bar,Easy,customer_events,"{""$schema"": ""https://vega.github.io/schema/vega-lite/v6.json"", ""description"": ""Vega-Lite chart for key 2110"", ""data"": {""values"": [{""date_moved_in"": ""2015"", ""COUNT_date_moved_in_"": 9}, {""date_moved_in"": ""2016"", ""COUNT_date_moved_in_"": 4}]}, ""mark"": ""bar"", ""encoding"": {""x"": {""field"": ""date_moved_in"", ""type"": ""nominal""}, ""y"": {""field"": ""COUNT_date_moved_in_"", ""type"": ""quantitative""}}}"
353,2119,Could you group the moves by their dates?,,,,,,,,1,1,1,1,,,,,Bar,Easy,customer_events,"{""$schema"": ""https://vega.github.io/schema/vega-lite/v6.json"", ""description"": ""Vega-Lite chart for key 2119"", ""data"": {""values"": [{""date_moved_in"": ""Mon"", ""COUNT_date_moved_in_"": 0}, {""date_moved_in"": ""Tue"", ""COUNT_date_moved_in_"": 4}, {""date_moved_in"": ""Wed"", ""COUNT_date_moved_in_"": 0}, {""date_moved_in"": ""Thur"", ""COUNT_date_moved_in_"": 0}, {""date_moved_in"": ""Fri"", ""COUNT_date_moved_in_"": 9}, {""date_moved_in"": ""Sat"", ""COUNT_date_moved_in_"": 0}, {""date_moved_in"": ""Sun"", ""COUNT_date_moved_in_"": 0}]}, ""mark"": ""bar"", ""encoding"": {""x"": {""field"": ""date_moved_in"", ""type"": ""nominal""}, ""y"": {""field"": ""COUNT_date_moved_in_"", ""type"": ""quantitative""}}}"
354,2132,"What are the event details for services with type code “Marriage,” and how many of each are there?",,,,,,,,1,1,1,1,,,,,Pie,Hard,EVENTS,"{""$schema"": ""https://vega.github.io/schema/vega-lite/v6.json"", ""description"": ""Vega-Lite chart for key 2132"", ""data"": {""values"": [{""Event_Details"": ""Fail"", ""COUNT_Event_Details_"": 3}, {""Event_Details"": ""Success"", ""COUNT_Event_Details_"": 2}]}, ""mark"": ""arc"", ""encoding"": {""theta"": {""field"": ""COUNT_Event_Details_"", ""type"": ""quantitative""}, ""color"": {""field"": ""Event_Details"", ""type"": ""nominal""}}}"
355,2144,"What’s the average number of events each participant has attended, broken down by participant type?",,,,,,,,1,1,1,1,,,,,Bar,Medium,Participants,"{""$schema"": ""https://vega.github.io/schema/vega-lite/v6.json"", ""description"": ""Vega-Lite chart for key 2144"", ""data"": {""values"": [{""Participant_Type_Code"": ""Organizer"", ""AVG_count_"": 1.5}, {""Participant_Type_Code"": ""Participant"", ""AVG_count_"": 2}]}, ""mark"": ""bar"", ""encoding"": {""x"": {""field"": ""Participant_Type_Code"", ""type"": ""nominal""}, ""y"": {""field"": ""AVG_count_"", ""type"": ""quantitative""}}}"
356,2155,"What are the details of the CMI master programs that have the cross‑reference code “Tax,” and how many of them are there?",,,,,,,,1,1,1,1,,,,,Pie,Hard,Customer_Master_Index,"{""$schema"": ""https://vega.github.io/schema/vega-lite/v6.json"", ""description"": ""Vega-Lite chart for key 2155"", ""data"": {""values"": [{""cmi_details"": ""Reynolds-McClure"", ""COUNT_cmi_details_"": 1}, {""cmi_details"": ""Schmidt, Kertzmann and Lubowitz"", ""COUNT_cmi_details_"": 1}, {""cmi_details"": ""Schmitt-Lang"", ""COUNT_cmi_details_"": 1}, {""cmi_details"": ""Volkman, Mills and Ferry"", ""COUNT_cmi_details_"": 3}]}, ""mark"": ""arc"", ""encoding"": {""theta"": {""field"": ""COUNT_cmi_details_"", ""type"": ""quantitative""}, ""color"": {""field"": ""cmi_details"", ""type"": ""nominal""}}}"
357,2161,How many technicians are assigned to repair machines with point values above 70?,,,,,,,,1,1,1,1,,,,,Pie,Hard,repair_assignment,"{""$schema"": ""https://vega.github.io/schema/vega-lite/v6.json"", ""description"": ""Vega-Lite chart for key 2161"", ""data"": {""values"": [{""Name"": ""Eddie Collins"", ""COUNT_Name_"": 1}, {""Name"": ""Joe Sewell"", ""COUNT_Name_"": 5}, {""Name"": ""Tony Sewell"", ""COUNT_Name_"": 1}]}, ""mark"": ""arc"", ""encoding"": {""theta"": {""field"": ""COUNT_Name_"", ""type"": ""quantitative""}, ""color"": {""field"": ""Name"", ""type"": ""nominal""}}}"
358,2166,How many machines is each technician assigned to repair?,,,,,,,,1,1,1,1,,,,,Pie,Medium,repair_assignment,"{""$schema"": ""https://vega.github.io/schema/vega-lite/v6.json"", ""description"": ""Vega-Lite chart for key 2166"", ""data"": {""values"": [{""Name"": ""Charlie Hollocher"", ""COUNT_"": 1}, {""Name"": ""Eddie Collins"", ""COUNT_"": 1}, {""Name"": ""Joe Sewell"", ""COUNT_"": 5}, {""Name"": ""John Brown"", ""COUNT_"": 1}, {""Name"": ""Tony Sewell"", ""COUNT_"": 1}]}, ""mark"": ""arc"", ""encoding"": {""theta"": {""field"": ""COUNT_"", ""type"": ""quantitative""}, ""color"": {""field"": ""Name"", ""type"": ""nominal""}}}"
359,2167,Which technicians are assigned to how many machines for repair?,,,,,,,,1,1,1,1,,,,,Bar,Medium,repair_assignment,"{""$schema"": ""https://vega.github.io/schema/vega-lite/v6.json"", ""description"": ""Vega-Lite chart for key 2167"", ""data"": {""values"": [{""Name"": ""Charlie Hollocher"", ""COUNT_"": 1}, {""Name"": ""Eddie Collins"", ""COUNT_"": 1}, {""Name"": ""Joe Sewell"", ""COUNT_"": 5}, {""Name"": ""John Brown"", ""COUNT_"": 1}, {""Name"": ""Tony Sewell"", ""COUNT_"": 1}]}, ""mark"": ""bar"", ""encoding"": {""x"": {""field"": ""Name"", ""type"": ""nominal""}, ""y"": {""field"": ""COUNT_"", ""type"": ""quantitative""}}}"
360,2168,What’s the count of technicians on each team?,,,,,,,,1,1,1,1,,,,,Pie,Easy,technician,"{""$schema"": ""https://vega.github.io/schema/vega-lite/v6.json"", ""description"": ""Vega-Lite chart for key 2168"", ""data"": {""values"": [{""Team"": ""CHC"", ""COUNT_"": 1}, {""Team"": ""CLE"", ""COUNT_"": 4}, {""Team"": ""CWS"", ""COUNT_"": 2}, {""Team"": ""NYY"", ""COUNT_"": 2}, {""Team"": ""PHA"", ""COUNT_"": 1}]}, ""mark"": ""arc"", ""encoding"": {""theta"": {""field"": ""COUNT_"", ""type"": ""quantitative""}, ""color"": {""field"": ""Team"", ""type"": ""nominal""}}}"
361,2170,Which technicians are assigned to machines and how many there are for each rank?,,,,,,,,1,1,1,1,,,,,Pie,Hard,repair_assignment,"{""$schema"": ""https://vega.github.io/schema/vega-lite/v6.json"", ""description"": ""Vega-Lite chart for key 2170"", ""data"": {""values"": [{""Name"": ""Charlie Hollocher"", ""COUNT_Name_"": 1}, {""Name"": ""Eddie Collins"", ""COUNT_Name_"": 1}, {""Name"": ""Joe Sewell"", ""COUNT_Name_"": 5}, {""Name"": ""John Brown"", ""COUNT_Name_"": 1}, {""Name"": ""Tony Sewell"", ""COUNT_Name_"": 1}]}, ""mark"": ""arc"", ""encoding"": {""theta"": {""field"": ""COUNT_Name_"", ""type"": ""quantitative""}, ""color"": {""field"": ""Name"", ""type"": ""nominal""}}}"
362,2171,Which technicians are assigned to machines and how many technicians fall under each rank?,,,,,,,,1,1,1,1,,,,,Bar,Hard,repair_assignment,"{""$schema"": ""https://vega.github.io/schema/vega-lite/v6.json"", ""description"": ""Vega-Lite chart for key 2171"", ""data"": {""values"": [{""Name"": ""Charlie Hollocher"", ""COUNT_Name_"": 1}, {""Name"": ""Eddie Collins"", ""COUNT_Name_"": 1}, {""Name"": ""Joe Sewell"", ""COUNT_Name_"": 5}, {""Name"": ""John Brown"", ""COUNT_Name_"": 1}, {""Name"": ""Tony Sewell"", ""COUNT_Name_"": 1}]}, ""mark"": ""bar"", ""encoding"": {""x"": {""field"": ""Name"", ""type"": ""nominal""}, ""y"": {""field"": ""COUNT_Name_"", ""type"": ""quantitative""}}}"
363,2172,"Which products cost $200 or less, and how many of each are there?",,,,,,,,1,1,1,1,,,,,Bar,Medium,products,"{""$schema"": ""https://vega.github.io/schema/vega-lite/v6.json"", ""description"": ""Vega-Lite chart for key 2172"", ""data"": {""values"": [{""Name"": ""CD drive"", ""COUNT_Name_"": 1}, {""Name"": ""DVD burner"", ""COUNT_Name_"": 1}, {""Name"": ""DVD drive"", ""COUNT_Name_"": 2}, {""Name"": ""Floppy disk"", ""COUNT_Name_"": 1}, {""Name"": ""Memory"", ""COUNT_Name_"": 1}, {""Name"": ""Toner cartridge"", ""COUNT_Name_"": 1}, {""Name"": ""ZIP drive"", ""COUNT_Name_"": 1}]}, ""mark"": ""bar"", ""encoding"": {""x"": {""field"": ""Name"", ""type"": ""nominal""}, ""y"": {""field"": ""COUNT_Name_"", ""type"": ""quantitative""}}}"
364,2174,"Which company tops the revenue chart in each headquarters city, and what are its name and earnings?",,,,,,,,1,1,1,1,,,,,Bar,Easy,manufacturers,"{""$schema"": ""https://vega.github.io/schema/vega-lite/v6.json"", ""description"": ""Vega-Lite chart for key 2174"", ""data"": {""values"": [{""Name"": ""Creative Labs"", ""max_revenue_"": 100}, {""Name"": ""Iomega"", ""max_revenue_"": 200}, {""Name"": ""Hewlett-Packard"", ""max_revenue_"": 50}, {""Name"": ""Winchester"", ""max_revenue_"": 30}, {""Name"": ""Fujitsu"", ""max_revenue_"": 130}, {""Name"": ""Sony"", ""max_revenue_"": 120}]}, ""mark"": ""bar"", ""encoding"": {""x"": {""field"": ""Name"", ""type"": ""nominal""}, ""y"": {""field"": ""max_revenue_"", ""type"": ""quantitative""}}}"
365,2180,What’s the count of all product names?,,,,,,,,1,1,1,0,,,,,Bar,Easy,Products,"{""$schema"": ""https://vega.github.io/schema/vega-lite/v6.json"", ""description"": ""Vega-Lite chart for key 2180"", ""data"": {""values"": [{""Name"": ""CD drive"", ""COUNT_Name_"": 1}, {""Name"": ""DVD burner"", ""COUNT_Name_"": 1}, {""Name"": ""DVD drive"", ""COUNT_Name_"": 2}, {""Name"": ""Floppy disk"", ""COUNT_Name_"": 1}, {""Name"": ""Hard drive"", ""COUNT_Name_"": 1}, {""Name"": ""Memory"", ""COUNT_Name_"": 1}, {""Name"": ""Monitor"", ""COUNT_Name_"": 1}, {""Name"": ""Printer"", ""COUNT_Name_"": 1}, {""Name"": ""Toner cartridge"", ""COUNT_Name_"": 1}, {""Name"": ""ZIP drive"", ""COUNT_Name_"": 1}]}, ""mark"": ""bar"", ""encoding"": {""x"": {""field"": ""Name"", ""type"": ""nominal""}, ""y"": {""field"": ""COUNT_Name_"", ""type"": ""quantitative""}}}"
366,2181,What's the total revenue generated by each manufacturer?,,,,,,,,1,1,1,1,,,,,Bar,Easy,manufacturers,"{""$schema"": ""https://vega.github.io/schema/vega-lite/v6.json"", ""description"": ""Vega-Lite chart for key 2181"", ""data"": {""values"": [{""Name"": ""Creative Labs"", ""sum_revenue_"": 100}, {""Name"": ""Fujitsu"", ""sum_revenue_"": 130}, {""Name"": ""Hewlett-Packard"", ""sum_revenue_"": 50}, {""Name"": ""Iomega"", ""sum_revenue_"": 200}, {""Name"": ""Sony"", ""sum_revenue_"": 120}, {""Name"": ""Winchester"", ""sum_revenue_"": 30}]}, ""mark"": ""bar"", ""encoding"": {""x"": {""field"": ""Name"", ""type"": ""nominal""}, ""y"": {""field"": ""sum_revenue_"", ""type"": ""quantitative""}}}"
367,2218,Could you show a chart that groups the products by their manufacturers’ headquarters and displays the total price for each location?,,,,,,,,1,1,1,1,,,,,Bar,Medium,products,"{""$schema"": ""https://vega.github.io/schema/vega-lite/v6.json"", ""description"": ""Vega-Lite chart for key 2218"", ""data"": {""values"": [{""Headquarter"": ""Austin"", ""SUM_Price_"": 450}, {""Headquarter"": ""Beijing"", ""SUM_Price_"": 150}, {""Headquarter"": ""Los Angeles"", ""SUM_Price_"": 486}, {""Headquarter"": ""Paris"", ""SUM_Price_"": 125}, {""Headquarter"": ""Taiwan"", ""SUM_Price_"": 240}, {""Headquarter"": ""Tokyo"", ""SUM_Price_"": 240}]}, ""mark"": ""bar"", ""encoding"": {""x"": {""field"": ""Headquarter"", ""type"": ""nominal""}, ""y"": {""field"": ""SUM_Price_"", ""type"": ""quantitative""}}}"
368,2219,"How does the average product price vary across manufacturers’ headquarters, grouped by each headquarter?",,,,,,,,1,1,1,1,,,,,Bar,Medium,products,"{""$schema"": ""https://vega.github.io/schema/vega-lite/v6.json"", ""description"": ""Vega-Lite chart for key 2219"", ""data"": {""values"": [{""Headquarter"": ""Austin"", ""AVG_Price_"": 150}, {""Headquarter"": ""Beijing"", ""AVG_Price_"": 150}, {""Headquarter"": ""Los Angeles"", ""AVG_Price_"": 162}, {""Headquarter"": ""Paris"", ""AVG_Price_"": 62.5}, {""Headquarter"": ""Taiwan"", ""AVG_Price_"": 240}, {""Headquarter"": ""Tokyo"", ""AVG_Price_"": 240}]}, ""mark"": ""bar"", ""encoding"": {""x"": {""field"": ""Headquarter"", ""type"": ""nominal""}, ""y"": {""field"": ""AVG_Price_"", ""type"": ""quantitative""}}}"
369,2226,Could you show a chart that groups the products by their manufacturers and displays how many founders each has?,,,,,,,,1,1,0,1,,,,,Bar,Medium,products,"{""$schema"": ""https://vega.github.io/schema/vega-lite/v6.json"", ""description"": ""Vega-Lite chart for key 2226"", ""data"": {""values"": [{""Founder"": ""Andy"", ""COUNT_Founder_"": 1}, {""Founder"": ""James"", ""COUNT_Founder_"": 3}, {""Founder"": ""John"", ""COUNT_Founder_"": 1}, {""Founder"": ""Mary"", ""COUNT_Founder_"": 1}, {""Founder"": ""Owen"", ""COUNT_Founder_"": 3}, {""Founder"": ""Robert"", ""COUNT_Founder_"": 2}]}, ""mark"": ""bar"", ""encoding"": {""x"": {""field"": ""Founder"", ""type"": ""nominal""}, ""y"": {""field"": ""COUNT_Founder_"", ""type"": ""quantitative""}}}"
370,2229,What’s the total price for each founder across the product‑manufacturer records?,,,,,,,,1,1,1,1,,,,,Bar,Medium,products,"{""$schema"": ""https://vega.github.io/schema/vega-lite/v6.json"", ""description"": ""Vega-Lite chart for key 2229"", ""data"": {""values"": [{""Founder"": ""Andy"", ""SUM_Price_"": 240}, {""Founder"": ""James"", ""SUM_Price_"": 486}, {""Founder"": ""John"", ""SUM_Price_"": 240}, {""Founder"": ""Mary"", ""SUM_Price_"": 150}, {""Founder"": ""Owen"", ""SUM_Price_"": 450}, {""Founder"": ""Robert"", ""SUM_Price_"": 125}]}, ""mark"": ""bar"", ""encoding"": {""x"": {""field"": ""Founder"", ""type"": ""nominal""}, ""y"": {""field"": ""SUM_Price_"", ""type"": ""quantitative""}}}"
371,2230,What’s the average price for each founder across the products and their manufacturers?,,,,,,,,1,1,1,1,,,,,Bar,Medium,products,"{""$schema"": ""https://vega.github.io/schema/vega-lite/v6.json"", ""description"": ""Vega-Lite chart for key 2230"", ""data"": {""values"": [{""Founder"": ""Andy"", ""AVG_Price_"": 240}, {""Founder"": ""James"", ""AVG_Price_"": 162}, {""Founder"": ""John"", ""AVG_Price_"": 240}, {""Founder"": ""Mary"", ""AVG_Price_"": 150}, {""Founder"": ""Owen"", ""AVG_Price_"": 150}, {""Founder"": ""Robert"", ""AVG_Price_"": 62.5}]}, ""mark"": ""bar"", ""encoding"": {""x"": {""field"": ""Founder"", ""type"": ""nominal""}, ""y"": {""field"": ""AVG_Price_"", ""type"": ""quantitative""}}}"
373,2280,"A plot of price versus revenue for each product, colored by the manufacturer.",,,,,,,,1,1,1,1,,,,,Grouping Scatter,Medium,manufactory_1,"{""$schema"": ""https://vega.github.io/schema/vega-lite/v6.json"", ""description"": ""Vega-Lite chart for key 2280"", ""data"": {""values"": [{""classify"": ""Creative Labs"", ""Price"": 180, ""Revenue"": 100}, {""classify"": ""Creative Labs"", ""Price"": 90, ""Revenue"": 100}, {""classify"": ""Creative Labs"", ""Price"": 180, ""Revenue"": 100}, {""classify"": ""Fujitsu"", ""Price"": 180, ""Revenue"": 130}, {""classify"": ""Fujitsu"", ""Price"": 90, ""Revenue"": null}, {""classify"": ""Fujitsu"", ""Price"": 180, ""Revenue"": null}, {""classify"": ""Hewlett-Packard"", ""Price"": 180, ""Revenue"": 50}, {""classify"": ""Hewlett-Packard"", ""Price"": 90, ""Revenue"": 50}, {""classify"": ""Hewlett-Packard"", ""Price"": 180, ""Revenue"": 50}, {""classify"": ""Iomega"", ""Price"": 180, ""Revenue"": 200}, {""classify"": ""Iomega"", ""Price"": 90, ""Revenue"": null}, {""classify"": ""Iomega"", ""Price"": 180, ""Revenue"": null}, {""classify"": ""Sony"", ""Price"": 180, ""Revenue"": 120}, {""classify"": ""Sony"", ""Price"": 90, ""Revenue"": null}, {""classify"": ""Sony"", ""Price"": 180, ""Revenue"": null}, {""classify"": ""Winchester"", ""Price"": 180, ""Revenue"": 30}, {""classify"": ""Winchester"", ""Price"": 90, ""Revenue"": 30}, {""classify"": ""Winchester"", ""Price"": 180, ""Revenue"": null}]}, ""mark"": ""point"", ""encoding"": {""x"": {""field"": ""Price"", ""type"": ""quantitative""}, ""y"": {""field"": ""Revenue"", ""type"": ""quantitative""}, ""color"": {""field"": ""classify"", ""type"": ""nominal""}}}"
376,2303,I’d like a  chart showing each manufacturer’s name and revenue.,,,,,,,,1,1,1,1,,,,,Bar,Easy,manufacturers,"{""$schema"": ""https://vega.github.io/schema/vega-lite/v6.json"", ""description"": ""Vega-Lite chart for key 2303"", ""data"": {""values"": [{""Name"": ""Iomega"", ""Revenue"": 200}, {""Name"": ""Fujitsu"", ""Revenue"": 130}, {""Name"": ""Sony"", ""Revenue"": 120}, {""Name"": ""Creative Labs"", ""Revenue"": 100}, {""Name"": ""Hewlett-Packard"", ""Revenue"": 50}, {""Name"": ""Winchester"", ""Revenue"": 30}]}, ""mark"": ""bar"", ""encoding"": {""x"": {""field"": ""Name"", ""type"": ""nominal""}, ""y"": {""field"": ""Revenue"", ""type"": ""quantitative""}}}"
377,2304,What are the headquarters and revenues of manufacturers?,,,,,,,,1,1,1,1,,,,,Bar,Easy,manufacturers,"{""$schema"": ""https://vega.github.io/schema/vega-lite/v6.json"", ""description"": ""Vega-Lite chart for key 2304"", ""data"": {""values"": [{""Headquarter"": ""Beijing"", ""Revenue"": 200}, {""Headquarter"": ""Taiwan"", ""Revenue"": 130}, {""Headquarter"": ""Tokyo"", ""Revenue"": 120}, {""Headquarter"": ""Austin"", ""Revenue"": 100}, {""Headquarter"": ""Los Angeles"", ""Revenue"": 50}, {""Headquarter"": ""Paris"", ""Revenue"": 30}]}, ""mark"": ""bar"", ""encoding"": {""x"": {""field"": ""Headquarter"", ""type"": ""nominal""}, ""y"": {""field"": ""Revenue"", ""type"": ""quantitative""}}}"
379,2309,"How many different furniture types does each manufacturer produce, and what are their company names?",,,,,,,,1,1,1,1,,,,,Pie,Medium,manufacturer,"{""$schema"": ""https://vega.github.io/schema/vega-lite/v6.json"", ""description"": ""Vega-Lite chart for key 2309"", ""data"": {""values"": [{""Name"": ""Chevrolet House"", ""count_"": 1}, {""Name"": ""Jiaju"", ""count_"": 1}, {""Name"": ""Chevrolet"", ""count_"": 1}, {""Name"": ""Tomorrow"", ""count_"": 2}]}, ""mark"": ""arc"", ""encoding"": {""theta"": {""field"": ""count_"", ""type"": ""quantitative""}, ""color"": {""field"": ""Name"", ""type"": ""nominal""}}}"
381,2343,What’s the name of each camera lens and how many photos were taken with it?,,,,,,,,1,1,1,1,,,,,Pie,Hard,camera_lens,"{""$schema"": ""https://vega.github.io/schema/vega-lite/v6.json"", ""description"": ""Vega-Lite chart for key 2343"", ""data"": {""values"": [{""name"": ""Panasonic Leica DG Nocticron 42.5mm f /1.2"", ""count_"": 1}, {""name"": ""Panasonic Lumix G 150mm f /2.8"", ""count_"": 1}, {""name"": ""Olympus 15mm f/8.0 Body Cap"", ""count_"": 2}, {""name"": ""Schneider Kreuznach Super Angulon 14mm f /2.0"", ""count_"": 2}, {""name"": ""Sigma 19mm f2.8 EX DN"", ""count_"": 4}]}, ""mark"": ""arc"", ""encoding"": {""theta"": {""field"": ""count_"", ""type"": ""quantitative""}, ""color"": {""field"": ""name"", ""type"": ""nominal""}}}"
383,2346,What’s the count of photos taken with Sigma versus Olympus lenses?,,,,,,,,1,1,1,1,,,,,Pie,Extra Hard,camera_lens,"{""$schema"": ""https://vega.github.io/schema/vega-lite/v6.json"", ""description"": ""Vega-Lite chart for key 2346"", ""data"": {""values"": [{""name"": ""deers"", ""COUNT_name_"": 1}, {""name"": ""grass"", ""COUNT_name_"": 1}, {""name"": ""life"", ""COUNT_name_"": 1}, {""name"": ""monkey"", ""COUNT_name_"": 1}, {""name"": ""rabbits"", ""COUNT_name_"": 1}, {""name"": ""the mountain"", ""COUNT_name_"": 1}]}, ""mark"": ""arc"", ""encoding"": {""theta"": {""field"": ""COUNT_name_"", ""type"": ""quantitative""}, ""color"": {""field"": ""name"", ""type"": ""nominal""}}}"
384,2348,What’s the breakdown of camera lenses by brand?,,,,,,,,1,1,1,1,,,,,Pie,Easy,camera_lens,"{""$schema"": ""https://vega.github.io/schema/vega-lite/v6.json"", ""description"": ""Vega-Lite chart for key 2348"", ""data"": {""values"": [{""brand"": ""Olympus"", ""COUNT_brand_"": 3}, {""brand"": ""Panasonic"", ""COUNT_brand_"": 3}, {""brand"": ""Schneider Kreuznach"", ""COUNT_brand_"": 2}, {""brand"": ""Sigma"", ""COUNT_brand_"": 3}]}, ""mark"": ""arc"", ""encoding"": {""theta"": {""field"": ""COUNT_brand_"", ""type"": ""quantitative""}, ""color"": {""field"": ""brand"", ""type"": ""nominal""}}}"
385,2350,What’s the distribution of color schemes among all the photos?,,,,,,,,1,1,1,1,,,,,Pie,Easy,photos,"{""$schema"": ""https://vega.github.io/schema/vega-lite/v6.json"", ""description"": ""Vega-Lite chart for key 2350"", ""data"": {""values"": [{""color"": ""Black/White"", ""COUNT_color_"": 2}, {""color"": ""RBG"", ""COUNT_color_"": 8}]}, ""mark"": ""arc"", ""encoding"": {""theta"": {""field"": ""COUNT_color_"", ""type"": ""quantitative""}, ""color"": {""field"": ""color"", ""type"": ""nominal""}}}"
386,2351,What’s the count of items for each color scheme?,,,,,,,,1,1,1,1,,,,,Bar,Easy,photos,"{""$schema"": ""https://vega.github.io/schema/vega-lite/v6.json"", ""description"": ""Vega-Lite chart for key 2351"", ""data"": {""values"": [{""color"": ""Black/White"", ""COUNT_color_"": 2}, {""color"": ""RBG"", ""COUNT_color_"": 8}]}, ""mark"": ""bar"", ""encoding"": {""x"": {""field"": ""color"", ""type"": ""nominal""}, ""y"": {""field"": ""COUNT_color_"", ""type"": ""quantitative""}}}"
388,2371,Could you display each movie title alongside its lowest rating?,,,,,,,,1,1,1,1,,,,,Bar,Medium,Rating,"{""$schema"": ""https://vega.github.io/schema/vega-lite/v6.json"", ""description"": ""Vega-Lite chart for key 2371"", ""data"": {""values"": [{""title"": ""Avatar"", ""min_T1_stars_"": 3}, {""title"": ""E.T."", ""min_T1_stars_"": 2}, {""title"": ""Gone with the Wind"", ""min_T1_stars_"": 2}, {""title"": ""Raiders of the Lost Ark"", ""min_T1_stars_"": 2}, {""title"": ""Snow White"", ""min_T1_stars_"": 4}, {""title"": ""The Sound of Music"", ""min_T1_stars_"": 2}]}, ""mark"": ""bar"", ""encoding"": {""x"": {""field"": ""title"", ""type"": ""nominal""}, ""y"": {""field"": ""min_T1_stars_"", ""type"": ""quantitative""}}}"
389,2387,What's the lowest movie rating recorded for each director?,,,,,,,,1,1,1,1,,,,,Bar,Easy,Rating,"{""$schema"": ""https://vega.github.io/schema/vega-lite/v6.json"", ""description"": ""Vega-Lite chart for key 2387"", ""data"": {""values"": [{""director"": ""James Cameron"", ""min_T1_stars_"": 3}, {""director"": ""Robert Wise"", ""min_T1_stars_"": 2}, {""director"": ""Steven Spielberg"", ""min_T1_stars_"": 2}, {""director"": ""Victor Fleming"", ""min_T1_stars_"": 2}]}, ""mark"": ""bar"", ""encoding"": {""x"": {""field"": ""director"", ""type"": ""nominal""}, ""y"": {""field"": ""min_T1_stars_"", ""type"": ""quantitative""}}}"
390,2397,"What’s the highest movie rating for each director, ignoring any movies without a listed director?",,,,,,,,1,1,1,1,,,,,Pie,Medium,Rating,"{""$schema"": ""https://vega.github.io/schema/vega-lite/v6.json"", ""description"": ""Vega-Lite chart for key 2397"", ""data"": {""values"": [{""director"": ""James Cameron"", ""max_T1_stars_"": 5}, {""director"": ""Robert Wise"", ""max_T1_stars_"": 3}, {""director"": ""Steven Spielberg"", ""max_T1_stars_"": 4}, {""director"": ""Victor Fleming"", ""max_T1_stars_"": 4}]}, ""mark"": ""arc"", ""encoding"": {""theta"": {""field"": ""max_T1_stars_"", ""type"": ""quantitative""}, ""color"": {""field"": ""director"", ""type"": ""nominal""}}}"
393,2422,What’s the average rating of songs for each language?,,,,,,,,1,1,1,1,,,,,Pie,Easy,song,"{""$schema"": ""https://vega.github.io/schema/vega-lite/v6.json"", ""description"": ""Vega-Lite chart for key 2422"", ""data"": {""values"": [{""languages"": ""bangla"", ""avg_rating_"": 7.5}, {""languages"": ""english"", ""avg_rating_"": 7}]}, ""mark"": ""arc"", ""encoding"": {""theta"": {""field"": ""avg_rating_"", ""type"": ""quantitative""}, ""color"": {""field"": ""languages"", ""type"": ""nominal""}}}"
394,2428,What are all the genres along with their ratings?,,,,,,,,1,1,1,1,,,,,Bar,Easy,genre,"{""$schema"": ""https://vega.github.io/schema/vega-lite/v6.json"", ""description"": ""Vega-Lite chart for key 2428"", ""data"": {""values"": [{""g_name"": ""blues"", ""rating"": 7}, {""g_name"": ""folk"", ""rating"": 9}, {""g_name"": ""modern"", ""rating"": 8}, {""g_name"": ""nazrul"", ""rating"": 7}, {""g_name"": ""pop"", ""rating"": 9}, {""g_name"": ""tagore"", ""rating"": 8}]}, ""mark"": ""bar"", ""encoding"": {""x"": {""field"": ""g_name"", ""type"": ""nominal""}, ""y"": {""field"": ""rating"", ""type"": ""quantitative""}}}"
395,2429,"Which countries do female artists who have released a Bangla song come from, and how many are there from each?",,,,,,,,1,1,1,1,,,,,Pie,Hard,artist,"{""$schema"": ""https://vega.github.io/schema/vega-lite/v6.json"", ""description"": ""Vega-Lite chart for key 2429"", ""data"": {""values"": [{""country"": ""Bangladesh"", ""COUNT_country_"": 2}, {""country"": ""India"", ""COUNT_country_"": 1}]}, ""mark"": ""arc"", ""encoding"": {""theta"": {""field"": ""COUNT_country_"", ""type"": ""quantitative""}, ""color"": {""field"": ""country"", ""type"": ""nominal""}}}"
396,2432,Could you show a chart of the lowest‑rated song in each genre?,,,,,,,,1,1,1,1,,,,,Bar,Medium,files,"{""$schema"": ""https://vega.github.io/schema/vega-lite/v6.json"", ""description"": ""Vega-Lite chart for key 2432"", ""data"": {""values"": [{""genre_is"": ""blues"", ""min_T2_rating_"": 6}, {""genre_is"": ""folk"", ""min_T2_rating_"": 7}, {""genre_is"": ""modern"", ""min_T2_rating_"": 10}, {""genre_is"": ""nazrul"", ""min_T2_rating_"": 5}, {""genre_is"": ""pop"", ""min_T2_rating_"": 8}, {""genre_is"": ""tagore"", ""min_T2_rating_"": 8}]}, ""mark"": ""bar"", ""encoding"": {""x"": {""field"": ""genre_is"", ""type"": ""nominal""}, ""y"": {""field"": ""min_T2_rating_"", ""type"": ""quantitative""}}}"
398,2440,What’s the breakdown of results for all music festivals?,,,,,,,,1,1,1,1,,,,,Pie,Easy,music_festival,"{""$schema"": ""https://vega.github.io/schema/vega-lite/v6.json"", ""description"": ""Vega-Lite chart for key 2440"", ""data"": {""values"": [{""Result"": ""Awarded"", ""COUNT_Result_"": 3}, {""Result"": ""Nominated"", ""COUNT_Result_"": 6}]}, ""mark"": ""arc"", ""encoding"": {""theta"": {""field"": ""COUNT_Result_"", ""type"": ""quantitative""}, ""color"": {""field"": ""Result"", ""type"": ""nominal""}}}"
401,2464,How many people under 40 are there in each gender?,,,,,,,,1,1,1,1,,,,,Pie,Medium,Person,"{""$schema"": ""https://vega.github.io/schema/vega-lite/v6.json"", ""description"": ""Vega-Lite chart for key 2464"", ""data"": {""values"": [{""gender"": ""female"", ""count_"": 2}, {""gender"": ""male"", ""count_"": 1}]}, ""mark"": ""arc"", ""encoding"": {""theta"": {""field"": ""count_"", ""type"": ""quantitative""}, ""color"": {""field"": ""gender"", ""type"": ""nominal""}}}"
402,2466,What’s the breakdown of people by job title?,,,,,,,,1,1,1,1,,,,,Pie,Easy,Person,"{""$schema"": ""https://vega.github.io/schema/vega-lite/v6.json"", ""description"": ""Vega-Lite chart for key 2466"", ""data"": {""values"": [{""job"": ""doctor"", ""COUNT_job_"": 1}, {""job"": ""engineer"", ""COUNT_job_"": 1}, {""job"": ""student"", ""COUNT_job_"": 2}]}, ""mark"": ""arc"", ""encoding"": {""theta"": {""field"": ""COUNT_job_"", ""type"": ""quantitative""}, ""color"": {""field"": ""job"", ""type"": ""nominal""}}}"
403,2471,"Which people have friends older than the average age, and what are those friends’ ages?",,,,,,,,1,1,1,0,,,,,Bar,Medium,Person,"{""$schema"": ""https://vega.github.io/schema/vega-lite/v6.json"", ""description"": ""Vega-Lite chart for key 2471"", ""data"": {""values"": [{""friend"": ""Bob"", ""age"": 35}, {""friend"": ""Zach"", ""age"": 45}]}, ""mark"": ""bar"", ""encoding"": {""x"": {""field"": ""friend"", ""type"": ""nominal""}, ""y"": {""field"": ""age"", ""type"": ""quantitative""}}}"
404,2473,What's the average age for each gender?,,,,,,,,1,1,1,1,,,,,Bar,Easy,Person,"{""$schema"": ""https://vega.github.io/schema/vega-lite/v6.json"", ""description"": ""Vega-Lite chart for key 2473"", ""data"": {""values"": [{""gender"": ""female"", ""avg_age_"": 25.5}, {""gender"": ""male"", ""avg_age_"": 40}]}, ""mark"": ""bar"", ""encoding"": {""x"": {""field"": ""gender"", ""type"": ""nominal""}, ""y"": {""field"": ""avg_age_"", ""type"": ""quantitative""}}}"
406,2476,What's the average length of experience for journalists in each role type?,,,,,,,,1,1,1,1,,,,,Bar,Medium,journalist,"{""$schema"": ""https://vega.github.io/schema/vega-lite/v6.json"", ""description"": ""Vega-Lite chart for key 2476"", ""data"": {""values"": [{""Work_Type"": ""Host"", ""avg_Years_working_"": 16.5}, {""Work_Type"": ""Music"", ""avg_Years_working_"": 14}, {""Work_Type"": ""Screening"", ""avg_Years_working_"": 4.666666666666667}]}, ""mark"": ""bar"", ""encoding"": {""x"": {""field"": ""Work_Type"", ""type"": ""nominal""}, ""y"": {""field"": ""avg_Years_working_"", ""type"": ""quantitative""}}}"
407,2478,What's the average length of experience for journalists in each role type?,,,,,,,,1,1,1,1,,,,,Pie,Medium,journalist,"{""$schema"": ""https://vega.github.io/schema/vega-lite/v6.json"", ""description"": ""Vega-Lite chart for key 2478"", ""data"": {""values"": [{""Work_Type"": ""Host"", ""avg_Years_working_"": 16.5}, {""Work_Type"": ""Music"", ""avg_Years_working_"": 14}, {""Work_Type"": ""Screening"", ""avg_Years_working_"": 4.666666666666667}]}, ""mark"": ""arc"", ""encoding"": {""theta"": {""field"": ""avg_Years_working_"", ""type"": ""quantitative""}, ""color"": {""field"": ""Work_Type"", ""type"": ""nominal""}}}"
409,2483,What’s the count of journalists for each nationality?,,,,,,,,1,1,1,1,,,,,Pie,Easy,journalist,"{""$schema"": ""https://vega.github.io/schema/vega-lite/v6.json"", ""description"": ""Vega-Lite chart for key 2483"", ""data"": {""values"": [{""Nationality"": ""England"", ""COUNT_"": 9}, {""Nationality"": ""Northern Ireland"", ""COUNT_"": 1}, {""Nationality"": ""Wales"", ""COUNT_"": 1}]}, ""mark"": ""arc"", ""encoding"": {""theta"": {""field"": ""COUNT_"", ""type"": ""quantitative""}, ""color"": {""field"": ""Nationality"", ""type"": ""nominal""}}}"
410,2485,What's the proportion of journalists by nationality?,,,,,,,,1,1,1,1,,,,,Pie,Easy,journalist,"{""$schema"": ""https://vega.github.io/schema/vega-lite/v6.json"", ""description"": ""Vega-Lite chart for key 2485"", ""data"": {""values"": [{""Nationality"": ""England"", ""COUNT_Nationality_"": 9}, {""Nationality"": ""Northern Ireland"", ""COUNT_Nationality_"": 1}, {""Nationality"": ""Wales"", ""COUNT_Nationality_"": 1}]}, ""mark"": ""arc"", ""encoding"": {""theta"": {""field"": ""COUNT_Nationality_"", ""type"": ""quantitative""}, ""color"": {""field"": ""Nationality"", ""type"": ""nominal""}}}"
412,2503,How many hosts are there for each nationality?,,,,,,,,1,1,1,1,,,,,Bar,Easy,HOST,"{""$schema"": ""https://vega.github.io/schema/vega-lite/v6.json"", ""description"": ""Vega-Lite chart for key 2503"", ""data"": {""values"": [{""Nationality"": ""Argentina"", ""COUNT_"": 1}, {""Nationality"": ""Hungary"", ""COUNT_"": 1}, {""Nationality"": ""United States"", ""COUNT_"": 8}]}, ""mark"": ""bar"", ""encoding"": {""x"": {""field"": ""Nationality"", ""type"": ""nominal""}, ""y"": {""field"": ""COUNT_"", ""type"": ""quantitative""}}}"
414,2508,What’s the distribution of events across the different parties?,,,,,,,,1,1,1,1,,,,,Pie,Medium,party_events,"{""$schema"": ""https://vega.github.io/schema/vega-lite/v6.json"", ""description"": ""Vega-Lite chart for key 2508"", ""data"": {""values"": [{""Party_name"": ""Convention Peoples Party"", ""count_"": 3}, {""Party_name"": ""Progress Party"", ""count_"": 2}, {""Party_name"": ""3"", ""count_"": 3}]}, ""mark"": ""arc"", ""encoding"": {""theta"": {""field"": ""count_"", ""type"": ""quantitative""}, ""color"": {""field"": ""Party_name"", ""type"": ""nominal""}}}"
415,2512,What’s the distribution of members across the different parties?,,,,,,,,1,1,1,1,,,,,Pie,Medium,Member,"{""$schema"": ""https://vega.github.io/schema/vega-lite/v6.json"", ""description"": ""Vega-Lite chart for key 2512"", ""data"": {""values"": [{""Party_name"": ""Convention Peoples Party"", ""count_"": 2}, {""Party_name"": ""Progress Party"", ""count_"": 4}, {""Party_name"": ""3"", ""count_"": 9}]}, ""mark"": ""arc"", ""encoding"": {""theta"": {""field"": ""count_"", ""type"": ""quantitative""}, ""color"": {""field"": ""Party_name"", ""type"": ""nominal""}}}"
416,2516,"Which ministers aren’t members of the Progress Party, and how many are there in each group?",,,,,,,,1,1,1,1,,,,,Pie,Medium,party,"{""$schema"": ""https://vega.github.io/schema/vega-lite/v6.json"", ""description"": ""Vega-Lite chart for key 2516"", ""data"": {""values"": [{""Minister"": ""Dr. Kwame Nkrumah (MP)"", ""COUNT_Minister_"": 1}, {""Minister"": ""Ebenezer Ako-Adjei (MP)"", ""COUNT_Minister_"": 2}, {""Minister"": ""Imoru Egala (MP)"", ""COUNT_Minister_"": 1}]}, ""mark"": ""arc"", ""encoding"": {""theta"": {""field"": ""COUNT_Minister_"", ""type"": ""quantitative""}, ""color"": {""field"": ""Minister"", ""type"": ""nominal""}}}"
417,2526,What's the proportion of each minister?,,,,,,,,1,1,1,1,,,,,Pie,Easy,party,"{""$schema"": ""https://vega.github.io/schema/vega-lite/v6.json"", ""description"": ""Vega-Lite chart for key 2526"", ""data"": {""values"": [{""Minister"": ""Dr. Kwame Nkrumah (MP)"", ""COUNT_Minister_"": 1}, {""Minister"": ""Ebenezer Ako-Adjei (MP)"", ""COUNT_Minister_"": 2}, {""Minister"": ""Imoru Egala (MP)"", ""COUNT_Minister_"": 1}, {""Minister"": ""Kojo Botsio (MP)"", ""COUNT_Minister_"": 1}]}, ""mark"": ""arc"", ""encoding"": {""theta"": {""field"": ""COUNT_Minister_"", ""type"": ""quantitative""}, ""color"": {""field"": ""Minister"", ""type"": ""nominal""}}}"
419,2543,"Which countries are the perpetrators from, and how many perpetrators does each country have?",,,,,,,,1,1,1,1,,,,,Pie,Easy,perpetrator,"{""$schema"": ""https://vega.github.io/schema/vega-lite/v6.json"", ""description"": ""Vega-Lite chart for key 2543"", ""data"": {""values"": [{""Country"": ""China"", ""COUNT_"": 2}, {""Country"": ""India"", ""COUNT_"": 1}, {""Country"": ""Japan"", ""COUNT_"": 1}, {""Country"": ""South Korea"", ""COUNT_"": 1}]}, ""mark"": ""arc"", ""encoding"": {""theta"": {""field"": ""COUNT_"", ""type"": ""quantitative""}, ""color"": {""field"": ""Country"", ""type"": ""nominal""}}}"
420,2548,How do the average and maximum ages compare across different types of pets?,,,,,,,,0,1,0,0,,,,,Scatter,Easy,pets,"{""$schema"": ""https://vega.github.io/schema/vega-lite/v6.json"", ""description"": ""Vega-Lite chart for key 2548"", ""data"": {""values"": [{""avg_pet_age_"": 3, ""max_pet_age_"": 3}, {""avg_pet_age_"": 1.5, ""max_pet_age_"": 2}]}, ""mark"": ""point"", ""encoding"": {""x"": {""field"": ""avg_pet_age_"", ""type"": ""quantitative""}, ""y"": {""field"": ""max_pet_age_"", ""type"": ""quantitative""}}}"
421,2549,What’s the average age for each type of pet?,,,,,,,,1,1,1,1,,,,,Pie,Easy,pets,"{""$schema"": ""https://vega.github.io/schema/vega-lite/v6.json"", ""description"": ""Vega-Lite chart for key 2549"", ""data"": {""values"": [{""PetType"": ""cat"", ""avg_pet_age_"": 3}, {""PetType"": ""dog"", ""avg_pet_age_"": 1.5}]}, ""mark"": ""arc"", ""encoding"": {""theta"": {""field"": ""avg_pet_age_"", ""type"": ""quantitative""}, ""color"": {""field"": ""PetType"", ""type"": ""nominal""}}}"
423,2564,What’s the proportion of chips from each company for phones whose screen mode type is “Graphics”?,,,,,,,,1,1,1,1,,,,,Pie,Hard,screen_mode,"{""$schema"": ""https://vega.github.io/schema/vega-lite/v6.json"", ""description"": ""Vega-Lite chart for key 2564"", ""data"": {""values"": [{""Company_name"": ""Nokia Corporation"", ""COUNT_Company_name_"": 2}, {""Company_name"": ""Samsung Electronics Co Ltd"", ""COUNT_Company_name_"": 2}, {""Company_name"": ""Sony Mobile Communications"", ""COUNT_Company_name_"": 1}]}, ""mark"": ""arc"", ""encoding"": {""theta"": {""field"": ""COUNT_Company_name_"", ""type"": ""quantitative""}, ""color"": {""field"": ""Company_name"", ""type"": ""nominal""}}}"
425,2568,What’s the number of phones for each carrier?,,,,,,,,1,1,1,1,,,,,Bar,Easy,phone,"{""$schema"": ""https://vega.github.io/schema/vega-lite/v6.json"", ""description"": ""Vega-Lite chart for key 2568"", ""data"": {""values"": [{""Carrier"": ""Sprint"", ""COUNT_"": 2}, {""Carrier"": ""TMobile"", ""COUNT_"": 3}]}, ""mark"": ""bar"", ""encoding"": {""x"": {""field"": ""Carrier"", ""type"": ""nominal""}, ""y"": {""field"": ""COUNT_"", ""type"": ""quantitative""}}}"
426,2569,How many phone carriers are there?,,,,,,,,1,1,1,1,,,,,Bar,Easy,phone,"{""$schema"": ""https://vega.github.io/schema/vega-lite/v6.json"", ""description"": ""Vega-Lite chart for key 2569"", ""data"": {""values"": [{""Carrier"": ""Sprint"", ""COUNT_Carrier_"": 2}, {""Carrier"": ""TMobile"", ""COUNT_Carrier_"": 3}]}, ""mark"": ""bar"", ""encoding"": {""x"": {""field"": ""Carrier"", ""type"": ""nominal""}, ""y"": {""field"": ""COUNT_Carrier_"", ""type"": ""quantitative""}}}"
427,2570,What's the proportion of carriers?,,,,,,,,1,1,1,1,,,,,Pie,Easy,phone,"{""$schema"": ""https://vega.github.io/schema/vega-lite/v6.json"", ""description"": ""Vega-Lite chart for key 2570"", ""data"": {""values"": [{""Carrier"": ""Sprint"", ""COUNT_Carrier_"": 2}, {""Carrier"": ""TMobile"", ""COUNT_Carrier_"": 3}]}, ""mark"": ""arc"", ""encoding"": {""theta"": {""field"": ""COUNT_Carrier_"", ""type"": ""quantitative""}, ""color"": {""field"": ""Carrier"", ""type"": ""nominal""}}}"
428,2571,What’s the total amount of memory (in GB) for each carrier?,,,,,,,,1,1,1,1,,,,,Pie,Easy,phone,"{""$schema"": ""https://vega.github.io/schema/vega-lite/v6.json"", ""description"": ""Vega-Lite chart for key 2571"", ""data"": {""values"": [{""Carrier"": ""Sprint"", ""SUM_Memory_in_G_"": 160}, {""Carrier"": ""TMobile"", ""SUM_Memory_in_G_"": 208}]}, ""mark"": ""arc"", ""encoding"": {""theta"": {""field"": ""SUM_Memory_in_G_"", ""type"": ""quantitative""}, ""color"": {""field"": ""Carrier"", ""type"": ""nominal""}}}"
430,2578,Could you show a chart of the number of districts each market covers?,,,,,,,,1,1,1,1,,,,,Bar,Hard,phone_market,"{""$schema"": ""https://vega.github.io/schema/vega-lite/v6.json"", ""description"": ""Vega-Lite chart for key 2578"", ""data"": {""values"": [{""District"": ""Alberta"", ""COUNT_District_"": 2}, {""District"": ""British Columbia"", ""COUNT_District_"": 2}, {""District"": ""Ontario"", ""COUNT_District_"": 1}, {""District"": ""Quebec"", ""COUNT_District_"": 1}]}, ""mark"": ""bar"", ""encoding"": {""x"": {""field"": ""District"", ""type"": ""nominal""}, ""y"": {""field"": ""COUNT_District_"", ""type"": ""quantitative""}}}"
431,2579,What’s the proportion of markets in each district?,,,,,,,,1,1,1,1,,,,,Pie,Medium,phone_market,"{""$schema"": ""https://vega.github.io/schema/vega-lite/v6.json"", ""description"": ""Vega-Lite chart for key 2579"", ""data"": {""values"": [{""District"": ""Alberta"", ""COUNT_District_"": 2}, {""District"": ""British Columbia"", ""COUNT_District_"": 2}, {""District"": ""Ontario"", ""COUNT_District_"": 1}, {""District"": ""Quebec"", ""COUNT_District_"": 1}]}, ""mark"": ""arc"", ""encoding"": {""theta"": {""field"": ""COUNT_District_"", ""type"": ""quantitative""}, ""color"": {""field"": ""District"", ""type"": ""nominal""}}}"
432,2593,What’s the count of people for each nationality?,,,,,,,,1,1,1,1,,,,,Pie,Easy,people,"{""$schema"": ""https://vega.github.io/schema/vega-lite/v6.json"", ""description"": ""Vega-Lite chart for key 2593"", ""data"": {""values"": [{""Nationality"": ""Bulgaria"", ""COUNT_"": 1}, {""Nationality"": ""Russia"", ""COUNT_"": 6}]}, ""mark"": ""arc"", ""encoding"": {""theta"": {""field"": ""COUNT_"", ""type"": ""quantitative""}, ""color"": {""field"": ""Nationality"", ""type"": ""nominal""}}}"
433,2595,What’s the count of attributes for each attribute definition when its value is 0?,,,,,,,,1,1,1,0,,,,,Pie,Hard,Attribute_Definitions,"{""$schema"": ""https://vega.github.io/schema/vega-lite/v6.json"", ""description"": ""Vega-Lite chart for key 2595"", ""data"": {""values"": [{""attribute_name"": ""Black"", ""COUNT_attribute_name_"": 3}, {""attribute_name"": ""Sweet"", ""COUNT_attribute_name_"": 3}, {""attribute_name"": ""Yellow"", ""COUNT_attribute_name_"": 2}]}, ""mark"": ""arc"", ""encoding"": {""theta"": {""field"": ""COUNT_attribute_name_"", ""type"": ""quantitative""}, ""color"": {""field"": ""attribute_name"", ""type"": ""nominal""}}}"
434,2604,What are the names and levels of catalog structures with level numbers between 5 and 10?,,,,,,,,1,1,1,1,,,,,Pie,Easy,Catalog_Structure,"{""$schema"": ""https://vega.github.io/schema/vega-lite/v6.json"", ""description"": ""Vega-Lite chart for key 2604"", ""data"": {""values"": [{""catalog_level_name"": ""Sub-Category"", ""catalog_level_number"": 8}, {""catalog_level_name"": ""Product"", ""catalog_level_number"": 9}]}, ""mark"": ""arc"", ""encoding"": {""theta"": {""field"": ""catalog_level_number"", ""type"": ""quantitative""}, ""color"": {""field"": ""catalog_level_name"", ""type"": ""nominal""}}}"
436,2606,"Which products cost more than $700, and what are their names and capacities?",,,,,,,,1,1,1,1,,,,,Pie,Easy,Catalog_Contents,"{""$schema"": ""https://vega.github.io/schema/vega-lite/v6.json"", ""description"": ""Vega-Lite chart for key 2606"", ""data"": {""values"": [{""catalog_entry_name"": ""Vimto"", ""capacity"": 6}, {""catalog_entry_name"": ""Sprite Lemo"", ""capacity"": 8}, {""catalog_entry_name"": ""Dr Pepper"", ""capacity"": 1}, {""catalog_entry_name"": ""Diet Pepsi"", ""capacity"": 9}, {""catalog_entry_name"": ""Diet Mountain Dew"", ""capacity"": 8}]}, ""mark"": ""arc"", ""encoding"": {""theta"": {""field"": ""capacity"", ""type"": ""quantitative""}, ""color"": {""field"": ""catalog_entry_name"", ""type"": ""nominal""}}}"
437,2615,"Which months have payments over $300 or made by check, and how many such payments occurred each month?",,,,,,,,1,1,1,1,,,,,Bar,Hard,payments,"{""$schema"": ""https://vega.github.io/schema/vega-lite/v6.json"", ""description"": ""Vega-Lite chart for key 2615"", ""data"": {""values"": [{""payment_date"": ""Feb"", ""COUNT_payment_date_"": 1}, {""payment_date"": ""Mar"", ""COUNT_payment_date_"": 13}]}, ""mark"": ""bar"", ""encoding"": {""x"": {""field"": ""payment_date"", ""type"": ""nominal""}, ""y"": {""field"": ""COUNT_payment_date_"", ""type"": ""quantitative""}}}"
439,2620,What’s the distribution of product categories among items whose descriptions contain the letter “t”?,,,,,,,,1,1,1,1,,,,,Pie,Extra Hard,ref_product_categories,"{""$schema"": ""https://vega.github.io/schema/vega-lite/v6.json"", ""description"": ""Vega-Lite chart for key 2620"", ""data"": {""values"": [{""product_category_description"": ""Herbs"", ""COUNT_product_category_description_"": 2}, {""product_category_description"": ""Seeds"", ""COUNT_product_category_description_"": 3}, {""product_category_description"": ""Spices"", ""COUNT_product_category_description_"": 1}]}, ""mark"": ""arc"", ""encoding"": {""theta"": {""field"": ""COUNT_product_category_description_"", ""type"": ""quantitative""}, ""color"": {""field"": ""product_category_description"", ""type"": ""nominal""}}}"
441,2624,What's the total rating ratio for each channel owner?,,,,,,,,1,1,1,1,,,,,Pie,Easy,channel,"{""$schema"": ""https://vega.github.io/schema/vega-lite/v6.json"", ""description"": ""Vega-Lite chart for key 2624"", ""data"": {""values"": [{""Owner"": ""Anhui Television"", ""sum_Rating_in_percent_"": 0.2}, {""Owner"": ""CCTV"", ""sum_Rating_in_percent_"": 2.43}, {""Owner"": ""HBS"", ""sum_Rating_in_percent_"": 0.53}, {""Owner"": ""Shandong Television"", ""sum_Rating_in_percent_"": 0.19}]}, ""mark"": ""arc"", ""encoding"": {""theta"": {""field"": ""sum_Rating_in_percent_"", ""type"": ""quantitative""}, ""color"": {""field"": ""Owner"", ""type"": ""nominal""}}}"
443,2631,What's the total enrollment broken down by institution type?,,,,,,,,1,1,1,1,,,,,Bar,Easy,institution,"{""$schema"": ""https://vega.github.io/schema/vega-lite/v6.json"", ""description"": ""Vega-Lite chart for key 2631"", ""data"": {""values"": [{""Type"": ""Private"", ""sum_enrollment_"": 7868}, {""Type"": ""Public"", ""sum_enrollment_"": 5267}, {""Type"": ""Tribal"", ""sum_enrollment_"": 1000}]}, ""mark"": ""bar"", ""encoding"": {""x"": {""field"": ""Type"", ""type"": ""nominal""}, ""y"": {""field"": ""sum_enrollment_"", ""type"": ""quantitative""}}}"
446,2635,"Which buildings have at least two institutions founded after 1880, and what are their heights?",,,,,,,,1,1,1,1,,,,,Pie,Medium,building,"{""$schema"": ""https://vega.github.io/schema/vega-lite/v6.json"", ""description"": ""Vega-Lite chart for key 2635"", ""data"": {""values"": [{""Name"": ""Citizens Bank Building"", ""Height_feet"": 145}, {""Name"": ""Tampa City Hall"", ""Height_feet"": 160}, {""Name"": ""One Tampa City Center"", ""Height_feet"": 537}]}, ""mark"": ""arc"", ""encoding"": {""theta"": {""field"": ""Height_feet"", ""type"": ""quantitative""}, ""color"": {""field"": ""Name"", ""type"": ""nominal""}}}"
447,2637,How many floors does each building have?,,,,,,,,1,1,1,1,,,,,Bar,Easy,building,"{""$schema"": ""https://vega.github.io/schema/vega-lite/v6.json"", ""description"": ""Vega-Lite chart for key 2637"", ""data"": {""values"": [{""Name"": ""Tampa City Hall"", ""Floors"": 10}, {""Name"": ""Citizens Bank Building"", ""Floors"": 12}, {""Name"": ""Floridan Hotel"", ""Floors"": 17}, {""Name"": ""Franklin Exchange Building"", ""Floors"": 22}, {""Name"": ""Park Tower"", ""Floors"": 36}, {""Name"": ""One Tampa City Center"", ""Floors"": 39}, {""Name"": ""Bank of America Tower"", ""Floors"": 42}, {""Name"": ""100 North Tampa"", ""Floors"": 42}]}, ""mark"": ""bar"", ""encoding"": {""x"": {""field"": ""Name"", ""type"": ""nominal""}, ""y"": {""field"": ""Floors"", ""type"": ""quantitative""}}}"
448,2638,How do the numbers of floors compare across all street addresses?,,,,,,,,1,1,1,1,,,,,Bar,Easy,building,"{""$schema"": ""https://vega.github.io/schema/vega-lite/v6.json"", ""description"": ""Vega-Lite chart for key 2638"", ""data"": {""values"": [{""Street_address"": ""315 John F. Kennedy Boulevard"", ""Floors"": 10}, {""Street_address"": ""701 North Franklin Street"", ""Floors"": 12}, {""Street_address"": ""905 Franklin Street"", ""Floors"": 17}, {""Street_address"": ""655 North Franklin Street"", ""Floors"": 22}, {""Street_address"": ""400 North Tampa Street"", ""Floors"": 36}, {""Street_address"": ""201 North Franklin Street"", ""Floors"": 39}, {""Street_address"": ""101 East Kennedy Boulevard"", ""Floors"": 42}, {""Street_address"": ""100 North Tampa Street"", ""Floors"": 42}]}, ""mark"": ""bar"", ""encoding"": {""x"": {""field"": ""Street_address"", ""type"": ""nominal""}, ""y"": {""field"": ""Floors"", ""type"": ""quantitative""}}}"
449,2640,What’s the count of proteins for each institution?,,,,,,,,1,1,1,1,,,,,Bar,Medium,institution,"{""$schema"": ""https://vega.github.io/schema/vega-lite/v6.json"", ""description"": ""Vega-Lite chart for key 2640"", ""data"": {""values"": [{""Institution"": ""Dakota State University"", ""count_"": 1}, {""Institution"": ""Haskell Indian Nations University"", ""count_"": 1}, {""Institution"": ""Lindenwood University-Belleville"", ""count_"": 2}, {""Institution"": ""Valley City State University"", ""count_"": 1}]}, ""mark"": ""bar"", ""encoding"": {""x"": {""field"": ""Institution"", ""type"": ""nominal""}, ""y"": {""field"": ""count_"", ""type"": ""quantitative""}}}"
450,2641,How many races are there for each track?,,,,,,,,1,1,1,1,,,,,Bar,Medium,race,"{""$schema"": ""https://vega.github.io/schema/vega-lite/v6.json"", ""description"": ""Vega-Lite chart for key 2641"", ""data"": {""values"": [{""Name"": ""Auto Club Speedway"", ""count_"": 1}, {""Name"": ""Chicagoland Speedway"", ""count_"": 2}, {""Name"": ""Daytona International Speedway"", ""count_"": 1}, {""Name"": ""Homestead-Miami Speedway"", ""count_"": 1}, {""Name"": ""Kansas Speedway"", ""count_"": 1}, {""Name"": ""Martinsville Speedway"", ""count_"": 1}]}, ""mark"": ""bar"", ""encoding"": {""x"": {""field"": ""Name"", ""type"": ""nominal""}, ""y"": {""field"": ""count_"", ""type"": ""quantitative""}}}"
451,2642,What’s the breakdown of classes by race?,,,,,,,,1,1,1,1,,,,,Pie,Easy,race,"{""$schema"": ""https://vega.github.io/schema/vega-lite/v6.json"", ""description"": ""Vega-Lite chart for key 2642"", ""data"": {""values"": [{""Class"": ""DP/GT"", ""COUNT_Class_"": 5}, {""Class"": ""GT"", ""COUNT_Class_"": 2}]}, ""mark"": ""arc"", ""encoding"": {""theta"": {""field"": ""COUNT_Class_"", ""type"": ""quantitative""}, ""color"": {""field"": ""Class"", ""type"": ""nominal""}}}"
452,2645,What are the names and seatings of all tracks that opened after 2000?,,,,,,,,1,1,1,1,,,,,Pie,Easy,track,"{""$schema"": ""https://vega.github.io/schema/vega-lite/v6.json"", ""description"": ""Vega-Lite chart for key 2645"", ""data"": {""values"": [{""Name"": ""Chicagoland Speedway"", ""Seating"": 75000}, {""Name"": ""Kansas Speedway"", ""Seating"": 81687}]}, ""mark"": ""arc"", ""encoding"": {""theta"": {""field"": ""Seating"", ""type"": ""quantitative""}, ""color"": {""field"": ""Name"", ""type"": ""nominal""}}}"
453,2646,What are the names and seat numbers of all tracks opened after 2000?,,,,,,,,1,1,1,1,,,,,Bar,Medium,track,"{""$schema"": ""https://vega.github.io/schema/vega-lite/v6.json"", ""description"": ""Vega-Lite chart for key 2646"", ""data"": {""values"": [{""Name"": ""Chicagoland Speedway"", ""Seating"": 75000}, {""Name"": ""Kansas Speedway"", ""Seating"": 81687}]}, ""mark"": ""bar"", ""encoding"": {""x"": {""field"": ""Name"", ""type"": ""nominal""}, ""y"": {""field"": ""Seating"", ""type"": ""quantitative""}}}"
454,2652,What’s the count of railway builders?,,,,,,,,1,1,1,1,,,,,Bar,Medium,railway,"{""$schema"": ""https://vega.github.io/schema/vega-lite/v6.json"", ""description"": ""Vega-Lite chart for key 2652"", ""data"": {""values"": [{""Builder"": ""Avonside"", ""COUNT_Builder_"": 1}, {""Builder"": ""GER Hartford"", ""COUNT_Builder_"": 1}, {""Builder"": ""GER Stratford"", ""COUNT_Builder_"": 1}, {""Builder"": ""GNR Doncaster"", ""COUNT_Builder_"": 1}, {""Builder"": ""GWR Swindon"", ""COUNT_Builder_"": 2}, {""Builder"": ""MR Derby"", ""COUNT_Builder_"": 1}, {""Builder"": ""SECR Ashford"", ""COUNT_Builder_"": 1}, {""Builder"": ""Stephenson"", ""COUNT_Builder_"": 1}, {""Builder"": ""Swindon Works"", ""COUNT_Builder_"": 1}]}, ""mark"": ""bar"", ""encoding"": {""x"": {""field"": ""Builder"", ""type"": ""nominal""}, ""y"": {""field"": ""COUNT_Builder_"", ""type"": ""quantitative""}}}"
455,2656,"Which countries have managers over 50 or under 46, and how many are there in each?",,,,,,,,1,1,1,1,,,,,Pie,Hard,manager,"{""$schema"": ""https://vega.github.io/schema/vega-lite/v6.json"", ""description"": ""Vega-Lite chart for key 2656"", ""data"": {""values"": [{""Country"": ""Australia"", ""COUNT_Country_"": 1}, {""Country"": ""England"", ""COUNT_Country_"": 1}, {""Country"": ""United States"", ""COUNT_Country_"": 2}]}, ""mark"": ""arc"", ""encoding"": {""theta"": {""field"": ""COUNT_Country_"", ""type"": ""quantitative""}, ""color"": {""field"": ""Country"", ""type"": ""nominal""}}}"
456,2657,"Which countries have managers over 50 or under 46, and how many are there in each?",,,,,,,,1,1,1,1,,,,,Bar,Hard,manager,"{""$schema"": ""https://vega.github.io/schema/vega-lite/v6.json"", ""description"": ""Vega-Lite chart for key 2657"", ""data"": {""values"": [{""Country"": ""Australia"", ""COUNT_Country_"": 1}, {""Country"": ""England"", ""COUNT_Country_"": 1}, {""Country"": ""United States"", ""COUNT_Country_"": 2}]}, ""mark"": ""bar"", ""encoding"": {""x"": {""field"": ""Country"", ""type"": ""nominal""}, ""y"": {""field"": ""COUNT_Country_"", ""type"": ""quantitative""}}}"
457,2693,What’s the breakdown of school types and how many buses each type has?,,,,,,,,1,1,1,1,,,,,Pie,Medium,school_bus,"{""$schema"": ""https://vega.github.io/schema/vega-lite/v6.json"", ""description"": ""Vega-Lite chart for key 2693"", ""data"": {""values"": [{""Type"": ""Private"", ""count_"": 3}, {""Type"": ""Public"", ""count_"": 2}]}, ""mark"": ""arc"", ""encoding"": {""theta"": {""field"": ""count_"", ""type"": ""quantitative""}, ""color"": {""field"": ""Type"", ""type"": ""nominal""}}}"
458,2694,How many buses are there for each type of school?,,,,,,,,1,1,1,1,,,,,Bar,Medium,school_bus,"{""$schema"": ""https://vega.github.io/schema/vega-lite/v6.json"", ""description"": ""Vega-Lite chart for key 2694"", ""data"": {""values"": [{""Type"": ""Private"", ""count_"": 3}, {""Type"": ""Public"", ""count_"": 2}]}, ""mark"": ""bar"", ""encoding"": {""x"": {""field"": ""Type"", ""type"": ""nominal""}, ""y"": {""field"": ""count_"", ""type"": ""quantitative""}}}"
459,2695,What’s the breakdown of drivers by their home city?,,,,,,,,1,1,1,1,,,,,Pie,Easy,driver,"{""$schema"": ""https://vega.github.io/schema/vega-lite/v6.json"", ""description"": ""Vega-Lite chart for key 2695"", ""data"": {""values"": [{""Home_city"": ""Bethel"", ""COUNT_Home_city_"": 1}, {""Home_city"": ""Coventry"", ""COUNT_Home_city_"": 1}, {""Home_city"": ""East Hartford"", ""COUNT_Home_city_"": 3}, {""Home_city"": ""Hartford"", ""COUNT_Home_city_"": 6}, {""Home_city"": ""Manchester"", ""COUNT_Home_city_"": 1}]}, ""mark"": ""arc"", ""encoding"": {""theta"": {""field"": ""COUNT_Home_city_"", ""type"": ""quantitative""}, ""color"": {""field"": ""Home_city"", ""type"": ""nominal""}}}"
460,2703,Could you show the donors and their endowment amounts?,,,,,,,,1,1,1,1,,,,,Bar,Medium,endowment,"{""$schema"": ""https://vega.github.io/schema/vega-lite/v6.json"", ""description"": ""Vega-Lite chart for key 2703"", ""data"": {""values"": [{""donator_name"": ""San José de Ocoa"", ""sum_amount_"": 9.83}, {""donator_name"": ""Valverde"", ""sum_amount_"": 9.73}, {""donator_name"": ""Distrito Nacional"", ""sum_amount_"": 9.55}, {""donator_name"": ""Monte Plata"", ""sum_amount_"": 9.51}, {""donator_name"": ""San Cristóbal"", ""sum_amount_"": 9.05}, {""donator_name"": ""Santo Domingo Este"", ""sum_amount_"": 8.99}, {""donator_name"": ""Santiago"", ""sum_amount_"": 8.85}, {""donator_name"": ""La Vega"", ""sum_amount_"": 8.82}, {""donator_name"": ""Duarte"", ""sum_amount_"": 8.53}, {""donator_name"": ""Com. Dom. En Estados Unidos"", ""sum_amount_"": 8.43}, {""donator_name"": ""Peravia"", ""sum_amount_"": 8.33}]}, ""mark"": ""bar"", ""encoding"": {""x"": {""field"": ""donator_name"", ""type"": ""nominal""}, ""y"": {""field"": ""sum_amount_"", ""type"": ""quantitative""}}}"
461,2705,What share of the total enrollment comes from each county?,,,,,,,,1,1,1,1,,,,,Pie,Easy,school,"{""$schema"": ""https://vega.github.io/schema/vega-lite/v6.json"", ""description"": ""Vega-Lite chart for key 2705"", ""data"": {""values"": [{""County"": ""20 Elkhart"", ""sum_enrollment_"": 601}, {""County"": ""46 LaPorte 71 St. Joseph"", ""sum_enrollment_"": 852}, {""County"": ""50 Marshall"", ""sum_enrollment_"": 1098}, {""County"": ""71 St. Joseph"", ""sum_enrollment_"": 984}, {""County"": ""75 Starke"", ""sum_enrollment_"": 620}]}, ""mark"": ""arc"", ""encoding"": {""theta"": {""field"": ""sum_enrollment_"", ""type"": ""quantitative""}, ""color"": {""field"": ""County"", ""type"": ""nominal""}}}"
464,2724,What’s the count of schools for each denomination?,,,,,,,,1,1,1,1,,,,,Bar,Easy,school,"{""$schema"": ""https://vega.github.io/schema/vega-lite/v6.json"", ""description"": ""Vega-Lite chart for key 2724"", ""data"": {""values"": [{""Denomination"": ""Anglican"", ""COUNT_"": 3}, {""Denomination"": ""Catholic"", ""COUNT_"": 2}, {""Denomination"": ""Uniting Church"", ""COUNT_"": 1}]}, ""mark"": ""bar"", ""encoding"": {""x"": {""field"": ""Denomination"", ""type"": ""nominal""}, ""y"": {""field"": ""COUNT_"", ""type"": ""quantitative""}}}"
466,2736,How many captains under 50 are there in each rank?,,,,,,,,1,1,1,1,,,,,Pie,Medium,captain,"{""$schema"": ""https://vega.github.io/schema/vega-lite/v6.json"", ""description"": ""Vega-Lite chart for key 2736"", ""data"": {""values"": [{""Rank"": ""Commander, junior captain"", ""count_"": 1}, {""Rank"": ""Lieutenant"", ""count_"": 1}, {""Rank"": ""Midshipman"", ""count_"": 3}]}, ""mark"": ""arc"", ""encoding"": {""theta"": {""field"": ""count_"", ""type"": ""quantitative""}, ""color"": {""field"": ""Rank"", ""type"": ""nominal""}}}"
469,2748,What’s the class breakdown for ships without a captain?,,,,,,,,1,1,1,1,,,,,Pie,Medium,ship,"{""$schema"": ""https://vega.github.io/schema/vega-lite/v6.json"", ""description"": ""Vega-Lite chart for key 2748"", ""data"": {""values"": [{""Class"": ""GL"", ""COUNT_Class_"": 1}, {""Class"": ""KR"", ""COUNT_Class_"": 3}]}, ""mark"": ""arc"", ""encoding"": {""theta"": {""field"": ""COUNT_Class_"", ""type"": ""quantitative""}, ""color"": {""field"": ""Class"", ""type"": ""nominal""}}}"
470,2749,How many ship classes don’t have a captain?,,,,,,,,1,1,1,1,,,,,Bar,Medium,ship,"{""$schema"": ""https://vega.github.io/schema/vega-lite/v6.json"", ""description"": ""Vega-Lite chart for key 2749"", ""data"": {""values"": [{""Class"": ""GL"", ""COUNT_Class_"": 1}, {""Class"": ""KR"", ""COUNT_Class_"": 3}]}, ""mark"": ""bar"", ""encoding"": {""x"": {""field"": ""Class"", ""type"": ""nominal""}, ""y"": {""field"": ""COUNT_Class_"", ""type"": ""quantitative""}}}"
471,2750,What’s the total number of captains in each rank for every class?,,,,,,,,0,1,0,1,,,,,Stacked Bar,Hard,ship_1,"{""$schema"": ""https://vega.github.io/schema/vega-lite/v6.json"", ""description"": ""Vega-Lite chart for key 2750"", ""data"": {""values"": [{""classify"": ""Commander, junior captain"", ""Class"": ""Armed schooner"", ""COUNT_Class_"": 0}, {""classify"": ""Commander, junior captain"", ""Class"": ""Cutter"", ""COUNT_Class_"": 0}, {""classify"": ""Commander, junior captain"", ""Class"": ""Frigate"", ""COUNT_Class_"": 0}, {""classify"": ""Commander, junior captain"", ""Class"": ""Sloop-of-war"", ""COUNT_Class_"": 1}, {""classify"": ""Commander, junior captain"", ""Class"": ""Third-rate ship of the line"", ""COUNT_Class_"": 0}, {""classify"": ""Lieutenant"", ""Class"": ""Armed schooner"", ""COUNT_Class_"": 0}, {""classify"": ""Lieutenant"", ""Class"": ""Cutter"", ""COUNT_Class_"": 0}, {""classify"": ""Lieutenant"", ""Class"": ""Frigate"", ""COUNT_Class_"": 1}, {""classify"": ""Lieutenant"", ""Class"": ""Sloop-of-war"", ""COUNT_Class_"": 0}, {""classify"": ""Lieutenant"", ""Class"": ""Third-rate ship of the line"", ""COUNT_Class_"": 1}, {""classify"": ""Midshipman"", ""Class"": ""Armed schooner"", ""COUNT_Class_"": 1}, {""classify"": ""Midshipman"", ""Class"": ""Cutter"", ""COUNT_Class_"": 1}, {""classify"": ""Midshipman"", ""Class"": ""Frigate"", ""COUNT_Class_"": 0}, {""classify"": ""Midshipman"", ""Class"": ""Sloop-of-war"", ""COUNT_Class_"": 0}, {""classify"": ""Midshipman"", ""Class"": ""Third-rate ship of the line"", ""COUNT_Class_"": 2}]}, ""mark"": ""bar"", ""encoding"": {""x"": {""field"": ""Class"", ""type"": ""nominal""}, ""y"": {""field"": ""COUNT_Class_"", ""type"": ""quantitative""}, ""color"": {""field"": ""classify"", ""type"": ""nominal""}}}"
472,2752,What’s the total number of captains in each class?,,,,,,,,1,1,1,1,,,,,Pie,Easy,captain,"{""$schema"": ""https://vega.github.io/schema/vega-lite/v6.json"", ""description"": ""Vega-Lite chart for key 2752"", ""data"": {""values"": [{""Class"": ""Armed schooner"", ""COUNT_Class_"": 1}, {""Class"": ""Cutter"", ""COUNT_Class_"": 1}, {""Class"": ""Frigate"", ""COUNT_Class_"": 1}, {""Class"": ""Sloop-of-war"", ""COUNT_Class_"": 1}, {""Class"": ""Third-rate ship of the line"", ""COUNT_Class_"": 3}]}, ""mark"": ""arc"", ""encoding"": {""theta"": {""field"": ""COUNT_Class_"", ""type"": ""quantitative""}, ""color"": {""field"": ""Class"", ""type"": ""nominal""}}}"
473,2757,How many ships are there of each type?,,,,,,,,1,1,1,1,,,,,Pie,Easy,ship,"{""$schema"": ""https://vega.github.io/schema/vega-lite/v6.json"", ""description"": ""Vega-Lite chart for key 2757"", ""data"": {""values"": [{""Type"": ""Battle ship"", ""COUNT_Type_"": 3}, {""Type"": ""Cargo ship"", ""COUNT_Type_"": 5}]}, ""mark"": ""arc"", ""encoding"": {""theta"": {""field"": ""COUNT_Type_"", ""type"": ""quantitative""}, ""color"": {""field"": ""Type"", ""type"": ""nominal""}}}"
474,2759,What's the total count of ships for each nationality?,,,,,,,,1,1,1,1,,,,,Pie,Easy,ship,"{""$schema"": ""https://vega.github.io/schema/vega-lite/v6.json"", ""description"": ""Vega-Lite chart for key 2759"", ""data"": {""values"": [{""Nationality"": ""United Kingdom"", ""COUNT_Nationality_"": 5}, {""Nationality"": ""United States"", ""COUNT_Nationality_"": 3}]}, ""mark"": ""arc"", ""encoding"": {""theta"": {""field"": ""COUNT_Nationality_"", ""type"": ""quantitative""}, ""color"": {""field"": ""Nationality"", ""type"": ""nominal""}}}"
475,2764,What's the average tonnage for each type of ship?,,,,,,,,1,1,1,1,,,,,Pie,Easy,ship,"{""$schema"": ""https://vega.github.io/schema/vega-lite/v6.json"", ""description"": ""Vega-Lite chart for key 2764"", ""data"": {""values"": [{""Type"": ""Battle ship"", ""avg_Tonnage_"": 4845}, {""Type"": ""Cargo ship"", ""avg_Tonnage_"": 3932.2}]}, ""mark"": ""arc"", ""encoding"": {""theta"": {""field"": ""avg_Tonnage_"", ""type"": ""quantitative""}, ""color"": {""field"": ""Type"", ""type"": ""nominal""}}}"
478,2780,"Which players have an overall rating of at least 70, and how are their birthdays spread across the years?",,,,,,,,1,1,1,1,,,,,Bar,Extra Hard,Player,"{""$schema"": ""https://vega.github.io/schema/vega-lite/v6.json"", ""description"": ""Vega-Lite chart for key 2780"", ""data"": {""values"": [{""birthday"": ""Mon"", ""COUNT_birthday_"": 1}, {""birthday"": ""Tue"", ""COUNT_birthday_"": 1}, {""birthday"": ""Wed"", ""COUNT_birthday_"": 2}, {""birthday"": ""Thur"", ""COUNT_birthday_"": 0}, {""birthday"": ""Fri"", ""COUNT_birthday_"": 1}, {""birthday"": ""Sat"", ""COUNT_birthday_"": 0}, {""birthday"": ""Sun"", ""COUNT_birthday_"": 0}]}, ""mark"": ""bar"", ""encoding"": {""x"": {""field"": ""birthday"", ""type"": ""nominal""}, ""y"": {""field"": ""COUNT_birthday_"", ""type"": ""quantitative""}}}"
480,2782,"Which players have a composite score of at least 75, and what’s the trend in their birth years across different foot preferences?",,,,,,,,1,1,1,1,,,,,Line,Extra Hard,Player,"{""$schema"": ""https://vega.github.io/schema/vega-lite/v6.json"", ""description"": ""Vega-Lite chart for key 2782"", ""data"": {""values"": [{""birthday"": 1967, ""COUNT_birthday_"": 1}, {""birthday"": 1968, ""COUNT_birthday_"": 1}, {""birthday"": 1969, ""COUNT_birthday_"": 4}, {""birthday"": 1970, ""COUNT_birthday_"": 10}, {""birthday"": 1971, ""COUNT_birthday_"": 11}, {""birthday"": 1972, ""COUNT_birthday_"": 16}, {""birthday"": 1973, ""COUNT_birthday_"": 36}, {""birthday"": 1974, ""COUNT_birthday_"": 56}, {""birthday"": 1975, ""COUNT_birthday_"": 93}, {""birthday"": 1976, ""COUNT_birthday_"": 120}, {""birthday"": 1977, ""COUNT_birthday_"": 141}, {""birthday"": 1978, ""COUNT_birthday_"": 192}, {""birthday"": 1979, ""COUNT_birthday_"": 255}, {""birthday"": 1980, ""COUNT_birthday_"": 306}, {""birthday"": 1981, ""COUNT_birthday_"": 339}, {""birthday"": 1982, ""COUNT_birthday_"": 308}, {""birthday"": 1983, ""COUNT_birthday_"": 370}, {""birthday"": 1984, ""COUNT_birthday_"": 385}, {""birthday"": 1985, ""COUNT_birthday_"": 381}, {""birthday"": 1986, ""COUNT_birthday_"": 436}, {""birthday"": 1987, ""COUNT_birthday_"": 428}, {""birthday"": 1988, ""COUNT_birthday_"": 446}, {""birthday"": 1989, ""COUNT_birthday_"": 400}, {""birthday"": 1990, ""COUNT_birthday_"": 363}, {""birthday"": 1991, ""COUNT_birthday_"": 327}, {""birthday"": 1992, ""COUNT_birthday_"": 273}, {""birthday"": 1993, ""COUNT_birthday_"": 225}, {""birthday"": 1994, ""COUNT_birthday_"": 159}, {""birthday"": 1995, ""COUNT_birthday_"": 94}, {""birthday"": 1996, ""COUNT_birthday_"": 42}, {""birthday"": 1997, ""COUNT_birthday_"": 15}, {""birthday"": 1999, ""COUNT_birthday_"": 2}]}, ""mark"": ""line"", ""encoding"": {""x"": {""field"": ""birthday"", ""type"": ""quantitative""}, ""y"": {""field"": ""COUNT_birthday_"", ""type"": ""quantitative""}}}"
481,2785,Which students took part in the tryout and how many were there?,,,,,,,,1,1,1,1,,,,,Pie,Hard,player,"{""$schema"": ""https://vega.github.io/schema/vega-lite/v6.json"", ""description"": ""Vega-Lite chart for key 2785"", ""data"": {""values"": [{""pName"": ""Andrew"", ""COUNT_pName_"": 2}, {""pName"": ""Blake"", ""COUNT_pName_"": 1}, {""pName"": ""Charles"", ""COUNT_pName_"": 1}, {""pName"": ""David"", ""COUNT_pName_"": 1}, {""pName"": ""Eddie"", ""COUNT_pName_"": 1}]}, ""mark"": ""arc"", ""encoding"": {""theta"": {""field"": ""COUNT_pName_"", ""type"": ""quantitative""}, ""color"": {""field"": ""pName"", ""type"": ""nominal""}}}"
483,2795,"Which colleges have at least one student accepted in the tryout decision, and what are their enrollments?",,,,,,,,1,1,1,1,,,,,Pie,Medium,college,"{""$schema"": ""https://vega.github.io/schema/vega-lite/v6.json"", ""description"": ""Vega-Lite chart for key 2795"", ""data"": {""values"": [{""state"": ""ASU"", ""enr"": 12000}, {""state"": ""FSU"", ""enr"": 19000}]}, ""mark"": ""arc"", ""encoding"": {""theta"": {""field"": ""enr"", ""type"": ""quantitative""}, ""color"": {""field"": ""state"", ""type"": ""nominal""}}}"
484,2799,What's the proportion of the smallest enrollment in each state?,,,,,,,,1,1,1,1,,,,,Pie,Easy,college,"{""$schema"": ""https://vega.github.io/schema/vega-lite/v6.json"", ""description"": ""Vega-Lite chart for key 2799"", ""data"": {""values"": [{""state"": ""AZ"", ""min_enr_"": 12000}, {""state"": ""FL"", ""min_enr_"": 19000}, {""state"": ""LA"", ""min_enr_"": 18000}, {""state"": ""OK"", ""min_enr_"": 22000}]}, ""mark"": ""arc"", ""encoding"": {""theta"": {""field"": ""min_enr_"", ""type"": ""quantitative""}, ""color"": {""field"": ""state"", ""type"": ""nominal""}}}"
485,2802,Which colleges have how many students participating in the tryout?,,,,,,,,1,1,1,1,,,,,Bar,Medium,tryout,"{""$schema"": ""https://vega.github.io/schema/vega-lite/v6.json"", ""description"": ""Vega-Lite chart for key 2802"", ""data"": {""values"": [{""cName"": ""ASU"", ""count_"": 2}, {""cName"": ""LSU"", ""count_"": 2}, {""cName"": ""FSU"", ""count_"": 1}, {""cName"": ""OU"", ""count_"": 1}]}, ""mark"": ""bar"", ""encoding"": {""x"": {""field"": ""cName"", ""type"": ""nominal""}, ""y"": {""field"": ""count_"", ""type"": ""quantitative""}}}"
486,2804,"Which products aren’t associated with any event, and how many of them are there?",,,,,,,,1,1,1,0,,,,,Pie,Medium,Products,"{""$schema"": ""https://vega.github.io/schema/vega-lite/v6.json"", ""description"": ""Vega-Lite chart for key 2804"", ""data"": {""values"": [{""Product_Name"": ""Business Policy"", ""COUNT_Product_Name_"": 1}, {""Product_Name"": ""Business Policy B"", ""COUNT_Product_Name_"": 1}, {""Product_Name"": ""Dinning"", ""COUNT_Product_Name_"": 2}, {""Product_Name"": ""Men suits"", ""COUNT_Product_Name_"": 1}]}, ""mark"": ""arc"", ""encoding"": {""theta"": {""field"": ""COUNT_Product_Name_"", ""type"": ""quantitative""}, ""color"": {""field"": ""Product_Name"", ""type"": ""nominal""}}}"
487,2806,What are the different product type codes and how many products belong to each?,,,,,,,,1,1,1,1,,,,,Pie,Easy,Products,"{""$schema"": ""https://vega.github.io/schema/vega-lite/v6.json"", ""description"": ""Vega-Lite chart for key 2806"", ""data"": {""values"": [{""Product_Type_Code"": ""Books"", ""COUNT_"": 4}, {""Product_Type_Code"": ""Clothes"", ""COUNT_"": 2}, {""Product_Type_Code"": ""Electronics"", ""COUNT_"": 4}, {""Product_Type_Code"": ""Food"", ""COUNT_"": 5}]}, ""mark"": ""arc"", ""encoding"": {""theta"": {""field"": ""COUNT_"", ""type"": ""quantitative""}, ""color"": {""field"": ""Product_Type_Code"", ""type"": ""nominal""}}}"
488,2807,What are the different product type codes and how many products fall under each one?,,,,,,,,1,1,1,1,,,,,Bar,Easy,Products,"{""$schema"": ""https://vega.github.io/schema/vega-lite/v6.json"", ""description"": ""Vega-Lite chart for key 2807"", ""data"": {""values"": [{""Product_Type_Code"": ""Books"", ""COUNT_"": 4}, {""Product_Type_Code"": ""Clothes"", ""COUNT_"": 2}, {""Product_Type_Code"": ""Electronics"", ""COUNT_"": 4}, {""Product_Type_Code"": ""Food"", ""COUNT_"": 5}]}, ""mark"": ""bar"", ""encoding"": {""x"": {""field"": ""Product_Type_Code"", ""type"": ""nominal""}, ""y"": {""field"": ""COUNT_"", ""type"": ""quantitative""}}}"
489,2808,"Which products appear in how many events, listed from the most to the least?",,,,,,,,1,1,1,1,,,,,Bar,Hard,Products,"{""$schema"": ""https://vega.github.io/schema/vega-lite/v6.json"", ""description"": ""Vega-Lite chart for key 2808"", ""data"": {""values"": [{""Product_Name"": ""TV Equipments"", ""COUNT_"": 5}, {""Product_Name"": ""Special Dinning"", ""COUNT_"": 4}, {""Product_Name"": ""Men suits"", ""COUNT_"": 2}, {""Product_Name"": ""Conference Equipments"", ""COUNT_"": 1}, {""Product_Name"": ""Dinning"", ""COUNT_"": 1}, {""Product_Name"": ""Trading Policy"", ""COUNT_"": 1}, {""Product_Name"": ""Trading Policy B"", ""COUNT_"": 1}]}, ""mark"": ""bar"", ""encoding"": {""x"": {""field"": ""Product_Name"", ""type"": ""nominal""}, ""y"": {""field"": ""COUNT_"", ""type"": ""quantitative""}}}"
490,2809,What's the breakdown of the different product type codes?,,,,,,,,1,1,1,1,,,,,Pie,Easy,Products,"{""$schema"": ""https://vega.github.io/schema/vega-lite/v6.json"", ""description"": ""Vega-Lite chart for key 2809"", ""data"": {""values"": [{""Product_Type_Code"": ""Books"", ""COUNT_Product_Type_Code_"": 4}, {""Product_Type_Code"": ""Clothes"", ""COUNT_Product_Type_Code_"": 2}, {""Product_Type_Code"": ""Electronics"", ""COUNT_Product_Type_Code_"": 4}, {""Product_Type_Code"": ""Food"", ""COUNT_Product_Type_Code_"": 5}]}, ""mark"": ""arc"", ""encoding"": {""theta"": {""field"": ""COUNT_Product_Type_Code_"", ""type"": ""quantitative""}, ""color"": {""field"": ""Product_Type_Code"", ""type"": ""nominal""}}}"
491,2810,Could you show a chart displaying the total count for each product type code?,,,,,,,,1,1,1,1,,,,,Bar,Easy,Products,"{""$schema"": ""https://vega.github.io/schema/vega-lite/v6.json"", ""description"": ""Vega-Lite chart for key 2810"", ""data"": {""values"": [{""Product_Type_Code"": ""Books"", ""COUNT_Product_Type_Code_"": 4}, {""Product_Type_Code"": ""Clothes"", ""COUNT_Product_Type_Code_"": 2}, {""Product_Type_Code"": ""Electronics"", ""COUNT_Product_Type_Code_"": 4}, {""Product_Type_Code"": ""Food"", ""COUNT_Product_Type_Code_"": 5}]}, ""mark"": ""bar"", ""encoding"": {""x"": {""field"": ""Product_Type_Code"", ""type"": ""nominal""}, ""y"": {""field"": ""COUNT_Product_Type_Code_"", ""type"": ""quantitative""}}}"
492,2817,What’s the share of players with fewer than 30 points for each position?,,,,,,,,1,1,1,1,,,,,Pie,Medium,player,"{""$schema"": ""https://vega.github.io/schema/vega-lite/v6.json"", ""description"": ""Vega-Lite chart for key 2817"", ""data"": {""values"": [{""Position"": ""Full Back"", ""count_"": 1}, {""Position"": ""Left Wing"", ""count_"": 1}, {""Position"": ""Loose Forward"", ""count_"": 1}, {""Position"": ""Prop"", ""count_"": 3}, {""Position"": ""Second Row"", ""count_"": 3}]}, ""mark"": ""arc"", ""encoding"": {""theta"": {""field"": ""count_"", ""type"": ""quantitative""}, ""color"": {""field"": ""Position"", ""type"": ""nominal""}}}"
493,2818,How many players have fewer than 30 points for each position?,,,,,,,,1,1,1,1,,,,,Bar,Medium,player,"{""$schema"": ""https://vega.github.io/schema/vega-lite/v6.json"", ""description"": ""Vega-Lite chart for key 2818"", ""data"": {""values"": [{""Position"": ""Full Back"", ""count_"": 1}, {""Position"": ""Left Wing"", ""count_"": 1}, {""Position"": ""Loose Forward"", ""count_"": 1}, {""Position"": ""Prop"", ""count_"": 3}, {""Position"": ""Second Row"", ""count_"": 3}]}, ""mark"": ""bar"", ""encoding"": {""x"": {""field"": ""Position"", ""type"": ""nominal""}, ""y"": {""field"": ""count_"", ""type"": ""quantitative""}}}"
494,2820,What are the different competition types and how many competitions fall into each category?,,,,,,,,1,1,1,1,,,,,Bar,Easy,competition,"{""$schema"": ""https://vega.github.io/schema/vega-lite/v6.json"", ""description"": ""Vega-Lite chart for key 2820"", ""data"": {""values"": [{""Competition_type"": ""Friendly"", ""COUNT_"": 8}, {""Competition_type"": ""Tournament"", ""COUNT_"": 3}]}, ""mark"": ""bar"", ""encoding"": {""x"": {""field"": ""Competition_type"", ""type"": ""nominal""}, ""y"": {""field"": ""COUNT_"", ""type"": ""quantitative""}}}"
495,2822,What’s the proportion of players coming from each club?,,,,,,,,1,1,1,1,,,,,Pie,Medium,club,"{""$schema"": ""https://vega.github.io/schema/vega-lite/v6.json"", ""description"": ""Vega-Lite chart for key 2822"", ""data"": {""values"": [{""name"": ""AIB"", ""COUNT_name_"": 2}, {""name"": ""ASC"", ""COUNT_name_"": 4}, {""name"": ""BK Slide"", ""COUNT_name_"": 6}, {""name"": ""HGS2"", ""COUNT_name_"": 2}, {""name"": ""IFG"", ""COUNT_name_"": 1}]}, ""mark"": ""arc"", ""encoding"": {""theta"": {""field"": ""COUNT_name_"", ""type"": ""quantitative""}, ""color"": {""field"": ""name"", ""type"": ""nominal""}}}"
497,2847,What are the top five genres by total track count?,,,,,,,,1,1,1,1,,,,,Pie,Extra Hard,genres,"{""$schema"": ""https://vega.github.io/schema/vega-lite/v6.json"", ""description"": ""Vega-Lite chart for key 2847"", ""data"": {""values"": [{""name"": ""Rock"", ""COUNT_"": 1297}, {""name"": ""Latin"", ""COUNT_"": 579}, {""name"": ""Metal"", ""COUNT_"": 374}, {""name"": ""Alternative & Punk"", ""COUNT_"": 332}, {""name"": ""Jazz"", ""COUNT_"": 130}]}, ""mark"": ""arc"", ""encoding"": {""theta"": {""field"": ""COUNT_"", ""type"": ""quantitative""}, ""color"": {""field"": ""name"", ""type"": ""nominal""}}}"
498,2848,"Which five genres have the most tracks, and how many tracks does each contain?",,,,,,,,1,1,1,1,,,,,Bar,Extra Hard,genres,"{""$schema"": ""https://vega.github.io/schema/vega-lite/v6.json"", ""description"": ""Vega-Lite chart for key 2848"", ""data"": {""values"": [{""name"": ""Rock"", ""COUNT_"": 1297}, {""name"": ""Latin"", ""COUNT_"": 579}, {""name"": ""Metal"", ""COUNT_"": 374}, {""name"": ""Alternative & Punk"", ""COUNT_"": 332}, {""name"": ""Jazz"", ""COUNT_"": 130}]}, ""mark"": ""bar"", ""encoding"": {""x"": {""field"": ""name"", ""type"": ""nominal""}, ""y"": {""field"": ""COUNT_"", ""type"": ""quantitative""}}}"
499,2850,"Which five countries have the most invoices, and how many does each have?",,,,,,,,1,1,1,1,,,,,Bar,Hard,invoices,"{""$schema"": ""https://vega.github.io/schema/vega-lite/v6.json"", ""description"": ""Vega-Lite chart for key 2850"", ""data"": {""values"": [{""billing_country"": ""USA"", ""COUNT_"": 91}, {""billing_country"": ""Canada"", ""COUNT_"": 56}, {""billing_country"": ""Brazil"", ""COUNT_"": 35}, {""billing_country"": ""France"", ""COUNT_"": 35}, {""billing_country"": ""Germany"", ""COUNT_"": 28}]}, ""mark"": ""bar"", ""encoding"": {""x"": {""field"": ""billing_country"", ""type"": ""nominal""}, ""y"": {""field"": ""COUNT_"", ""type"": ""quantitative""}}}"
500,2851,"Which countries rank highest by size, and what’s their average invoice amount?",,,,,,,,1,1,1,1,,,,,Bar,Hard,invoices,"{""$schema"": ""https://vega.github.io/schema/vega-lite/v6.json"", ""description"": ""Vega-Lite chart for key 2851"", ""data"": {""values"": [{""billing_country"": ""Chile"", ""AVG_total_"": 6.659999999999998}, {""billing_country"": ""Hungary"", ""AVG_total_"": 6.517142857142857}, {""billing_country"": ""Ireland"", ""AVG_total_"": 6.517142857142857}, {""billing_country"": ""Czech Republic"", ""AVG_total_"": 6.445714285714287}, {""billing_country"": ""Austria"", ""AVG_total_"": 6.088571428571428}, {""billing_country"": ""Finland"", ""AVG_total_"": 5.945714285714287}, {""billing_country"": ""Netherlands"", ""AVG_total_"": 5.802857142857143}, {""billing_country"": ""India"", ""AVG_total_"": 5.789230769230769}, {""billing_country"": ""USA"", ""AVG_total_"": 5.747912087912091}, {""billing_country"": ""Norway"", ""AVG_total_"": 5.659999999999998}]}, ""mark"": ""bar"", ""encoding"": {""x"": {""field"": ""billing_country"", ""type"": ""nominal""}, ""y"": {""field"": ""AVG_total_"", ""type"": ""quantitative""}}}"
501,2852,"Who are the top 10 customers by total gross sales, and how do their sales compare when grouped by first name?",,,,,,,,1,1,1,1,,,,,Bar,Extra Hard,customers,"{""$schema"": ""https://vega.github.io/schema/vega-lite/v6.json"", ""description"": ""Vega-Lite chart for key 2852"", ""data"": {""values"": [{""first_name"": ""Helena"", ""SUM_T2_total_"": 49.62000000000001}, {""first_name"": ""Richard"", ""SUM_T2_total_"": 47.62000000000001}, {""first_name"": ""Luis"", ""SUM_T2_total_"": 46.62}, {""first_name"": ""Ladislav"", ""SUM_T2_total_"": 45.62}, {""first_name"": ""Hugh"", ""SUM_T2_total_"": 45.62}, {""first_name"": ""Julia"", ""SUM_T2_total_"": 43.62000000000001}, {""first_name"": ""Frank"", ""SUM_T2_total_"": 43.62}, {""first_name"": ""Fynn"", ""SUM_T2_total_"": 43.62}, {""first_name"": ""Astrid"", ""SUM_T2_total_"": 42.62}, {""first_name"": ""Victor"", ""SUM_T2_total_"": 42.62}]}, ""mark"": ""bar"", ""encoding"": {""x"": {""field"": ""first_name"", ""type"": ""nominal""}, ""y"": {""field"": ""SUM_T2_total_"", ""type"": ""quantitative""}}}"
502,2857,"Which eight countries have the highest total invoice amounts, and what are those amounts?",,,,,,,,1,1,1,1,,,,,Bar,Hard,invoices,"{""$schema"": ""https://vega.github.io/schema/vega-lite/v6.json"", ""description"": ""Vega-Lite chart for key 2857"", ""data"": {""values"": [{""billing_country"": ""USA"", ""SUM_total_"": 523.0600000000003}, {""billing_country"": ""Canada"", ""SUM_total_"": 303.95999999999987}, {""billing_country"": ""France"", ""SUM_total_"": 195.09999999999997}, {""billing_country"": ""Brazil"", ""SUM_total_"": 190.1}, {""billing_country"": ""Germany"", ""SUM_total_"": 156.48}, {""billing_country"": ""United Kingdom"", ""SUM_total_"": 112.86}, {""billing_country"": ""Czech Republic"", ""SUM_total_"": 90.24}, {""billing_country"": ""Portugal"", ""SUM_total_"": 77.23999999999998}]}, ""mark"": ""bar"", ""encoding"": {""x"": {""field"": ""billing_country"", ""type"": ""nominal""}, ""y"": {""field"": ""SUM_total_"", ""type"": ""quantitative""}}}"
503,2858,How many stores are there in each city?,,,,,,,,1,1,1,1,,,,,Pie,Medium,store,"{""$schema"": ""https://vega.github.io/schema/vega-lite/v6.json"", ""description"": ""Vega-Lite chart for key 2858"", ""data"": {""values"": [{""Headquartered_City"": ""Bahawalpur City"", ""count_"": 1}, {""Headquartered_City"": ""Bhakkar City"", ""count_"": 1}, {""Headquartered_City"": ""Hafizabad City"", ""count_"": 1}, {""Headquartered_City"": ""Khanewal City"", ""count_"": 2}]}, ""mark"": ""arc"", ""encoding"": {""theta"": {""field"": ""count_"", ""type"": ""quantitative""}, ""color"": {""field"": ""Headquartered_City"", ""type"": ""nominal""}}}"
504,2861,What's the count of stores for each type?,,,,,,,,1,1,1,1,,,,,Pie,Easy,store,"{""$schema"": ""https://vega.github.io/schema/vega-lite/v6.json"", ""description"": ""Vega-Lite chart for key 2861"", ""data"": {""values"": [{""Type"": ""City Mall"", ""count_"": 2}, {""Type"": ""Village Store"", ""count_"": 3}]}, ""mark"": ""arc"", ""encoding"": {""theta"": {""field"": ""count_"", ""type"": ""quantitative""}, ""color"": {""field"": ""Type"", ""type"": ""nominal""}}}"
505,2864,"Which storms are there, and how many regions does each one affect?",,,,,,,,1,1,1,1,,,,,Pie,Medium,storm,"{""$schema"": ""https://vega.github.io/schema/vega-lite/v6.json"", ""description"": ""Vega-Lite chart for key 2864"", ""data"": {""values"": [{""Name"": ""One"", ""count_"": 2}, {""Name"": ""Three"", ""count_"": 1}, {""Name"": ""Four"", ""count_"": 1}, {""Name"": ""Five"", ""count_"": 2}]}, ""mark"": ""arc"", ""encoding"": {""theta"": {""field"": ""count_"", ""type"": ""quantitative""}, ""color"": {""field"": ""Name"", ""type"": ""nominal""}}}"
506,2866,What’s the count of storms for each region?,,,,,,,,1,1,1,1,,,,,Pie,Medium,region,"{""$schema"": ""https://vega.github.io/schema/vega-lite/v6.json"", ""description"": ""Vega-Lite chart for key 2866"", ""data"": {""values"": [{""Region_name"": ""Afghanistan"", ""count_"": 2}, {""Region_name"": ""Albania"", ""count_"": 2}, {""Region_name"": ""Algeria"", ""count_"": 1}, {""Region_name"": ""Denmark"", ""count_"": 1}]}, ""mark"": ""arc"", ""encoding"": {""theta"": {""field"": ""count_"", ""type"": ""quantitative""}, ""color"": {""field"": ""Region_name"", ""type"": ""nominal""}}}"
507,2874,Could you create a plot with grades and the total count?,,,,,,,,1,1,1,1,,,,,Scatter,Easy,list,"{""$schema"": ""https://vega.github.io/schema/vega-lite/v6.json"", ""description"": ""Vega-Lite chart for key 2874"", ""data"": {""values"": [{""Grade"": 0, ""count_"": 16}, {""Grade"": 1, ""count_"": 12}, {""Grade"": 2, ""count_"": 3}, {""Grade"": 3, ""count_"": 6}, {""Grade"": 4, ""count_"": 12}, {""Grade"": 5, ""count_"": 8}, {""Grade"": 6, ""count_"": 3}]}, ""mark"": ""point"", ""encoding"": {""x"": {""field"": ""Grade"", ""type"": ""quantitative""}, ""y"": {""field"": ""count_"", ""type"": ""quantitative""}}}"
510,2900,Could you list the student details and show the count?,,,,,,,,1,1,1,1,,,,,Bar,Medium,Students,"{""$schema"": ""https://vega.github.io/schema/vega-lite/v6.json"", ""description"": ""Vega-Lite chart for key 2900"", ""data"": {""values"": [{""other_student_details"": ""assumenda"", ""COUNT_other_student_details_"": 1}, {""other_student_details"": ""atque"", ""COUNT_other_student_details_"": 1}, {""other_student_details"": ""autem"", ""COUNT_other_student_details_"": 1}, {""other_student_details"": ""dolorum"", ""COUNT_other_student_details_"": 1}, {""other_student_details"": ""et"", ""COUNT_other_student_details_"": 1}, {""other_student_details"": ""facilis"", ""COUNT_other_student_details_"": 1}, {""other_student_details"": ""laborum"", ""COUNT_other_student_details_"": 1}, {""other_student_details"": ""nesciunt"", ""COUNT_other_student_details_"": 1}, {""other_student_details"": ""non"", ""COUNT_other_student_details_"": 1}, {""other_student_details"": ""omnis"", ""COUNT_other_student_details_"": 2}, {""other_student_details"": ""qui"", ""COUNT_other_student_details_"": 1}, {""other_student_details"": ""quia"", ""COUNT_other_student_details_"": 1}, {""other_student_details"": ""rerum"", ""COUNT_other_student_details_"": 1}, {""other_student_details"": ""voluptatem"", ""COUNT_other_student_details_"": 1}]}, ""mark"": ""bar"", ""encoding"": {""x"": {""field"": ""other_student_details"", ""type"": ""nominal""}, ""y"": {""field"": ""COUNT_other_student_details_"", ""type"": ""quantitative""}}}"
512,2928,What’s the count of records for each nationality?,,,,,,,,1,1,1,1,,,,,Bar,Easy,swimmer,"{""$schema"": ""https://vega.github.io/schema/vega-lite/v6.json"", ""description"": ""Vega-Lite chart for key 2928"", ""data"": {""values"": [{""Nationality"": ""Australia"", ""COUNT_Nationality_"": 2}, {""Nationality"": ""Canada"", ""COUNT_Nationality_"": 1}, {""Nationality"": ""France"", ""COUNT_Nationality_"": 1}, {""Nationality"": ""Italy"", ""COUNT_Nationality_"": 1}, {""Nationality"": ""Poland"", ""COUNT_Nationality_"": 1}, {""Nationality"": ""Tunisia"", ""COUNT_Nationality_"": 1}, {""Nationality"": ""Ukraine"", ""COUNT_Nationality_"": 1}]}, ""mark"": ""bar"", ""encoding"": {""x"": {""field"": ""Nationality"", ""type"": ""nominal""}, ""y"": {""field"": ""COUNT_Nationality_"", ""type"": ""quantitative""}}}"
513,2930,"Which stadiums have Australian swimmers visited, and how many times has each been visited?",,,,,,,,1,1,1,1,,,,,Pie,Hard,swimmer,"{""$schema"": ""https://vega.github.io/schema/vega-lite/v6.json"", ""description"": ""Vega-Lite chart for key 2930"", ""data"": {""values"": [{""name"": ""Baku Olympic Stadium"", ""COUNT_name_"": 1}, {""name"": ""Gazprom Arena"", ""COUNT_name_"": 1}, {""name"": ""Nou Mestalla"", ""COUNT_name_"": 2}, {""name"": ""Yubileyniy Stadium"", ""COUNT_name_"": 1}]}, ""mark"": ""arc"", ""encoding"": {""theta"": {""field"": ""COUNT_name_"", ""type"": ""quantitative""}, ""color"": {""field"": ""name"", ""type"": ""nominal""}}}"
514,2932,What's the distribution of exhibitions across all artists?,,,,,,,,1,1,1,1,,,,,Pie,Medium,exhibition,"{""$schema"": ""https://vega.github.io/schema/vega-lite/v6.json"", ""description"": ""Vega-Lite chart for key 2932"", ""data"": {""values"": [{""Name"": ""Vijay Singh"", ""count_"": 2}, {""Name"": ""John Daly"", ""count_"": 1}, {""Name"": ""Paul Azinger"", ""count_"": 1}, {""Name"": ""Jeff Sluman"", ""count_"": 1}, {""Name"": ""Nick Price"", ""count_"": 1}]}, ""mark"": ""arc"", ""encoding"": {""theta"": {""field"": ""count_"", ""type"": ""quantitative""}, ""color"": {""field"": ""Name"", ""type"": ""nominal""}}}"
516,2941,What’s the count of different countries represented in the artist table?,,,,,,,,1,1,1,1,,,,,Bar,Easy,artist,"{""$schema"": ""https://vega.github.io/schema/vega-lite/v6.json"", ""description"": ""Vega-Lite chart for key 2941"", ""data"": {""values"": [{""Country"": ""Fiji"", ""COUNT_Country_"": 1}, {""Country"": ""United States"", ""COUNT_Country_"": 5}, {""Country"": ""Zimbabwe"", ""COUNT_Country_"": 1}]}, ""mark"": ""bar"", ""encoding"": {""x"": {""field"": ""Country"", ""type"": ""nominal""}, ""y"": {""field"": ""COUNT_Country_"", ""type"": ""quantitative""}}}"
517,2958,Could you list the descriptions of all the project outcomes and indicate how many there are of each?,,,,,,,,1,1,1,1,,,,,Pie,Medium,Research_outcomes,"{""$schema"": ""https://vega.github.io/schema/vega-lite/v6.json"", ""description"": ""Vega-Lite chart for key 2958"", ""data"": {""values"": [{""outcome_description"": ""Published Research Paper"", ""COUNT_outcome_description_"": 10}, {""outcome_description"": ""Research Patent"", ""COUNT_outcome_description_"": 5}]}, ""mark"": ""arc"", ""encoding"": {""theta"": {""field"": ""COUNT_outcome_description_"", ""type"": ""quantitative""}, ""color"": {""field"": ""outcome_description"", ""type"": ""nominal""}}}"
518,2960,What information do we have about the research staff?,,,,,,,,1,1,1,1,,,,,Bar,Medium,Research_Staff,"{""$schema"": ""https://vega.github.io/schema/vega-lite/v6.json"", ""description"": ""Vega-Lite chart for key 2960"", ""data"": {""values"": [{""staff_details"": ""ab"", ""COUNT_staff_details_"": 1}, {""staff_details"": ""accusamus"", ""COUNT_staff_details_"": 1}, {""staff_details"": ""animi"", ""COUNT_staff_details_"": 1}, {""staff_details"": ""aspernatur"", ""COUNT_staff_details_"": 1}, {""staff_details"": ""consequatur"", ""COUNT_staff_details_"": 2}, {""staff_details"": ""dicta"", ""COUNT_staff_details_"": 1}, {""staff_details"": ""dolor"", ""COUNT_staff_details_"": 1}, {""staff_details"": ""doloribus"", ""COUNT_staff_details_"": 1}, {""staff_details"": ""est"", ""COUNT_staff_details_"": 1}, {""staff_details"": ""iure"", ""COUNT_staff_details_"": 1}, {""staff_details"": ""nulla"", ""COUNT_staff_details_"": 1}, {""staff_details"": ""quo"", ""COUNT_staff_details_"": 1}, {""staff_details"": ""sint"", ""COUNT_staff_details_"": 1}, {""staff_details"": ""voluptatibus"", ""COUNT_staff_details_"": 1}]}, ""mark"": ""bar"", ""encoding"": {""x"": {""field"": ""staff_details"", ""type"": ""nominal""}, ""y"": {""field"": ""COUNT_staff_details_"", ""type"": ""quantitative""}}}"
519,2962,When do the researcher‑role staff start work?,,,,,,,,1,1,1,1,,,,,Bar,Easy,Project_Staff,"{""$schema"": ""https://vega.github.io/schema/vega-lite/v6.json"", ""description"": ""Vega-Lite chart for key 2962"", ""data"": {""values"": [{""date_from"": ""Mon"", ""COUNT_date_from_"": 4}, {""date_from"": ""Tue"", ""COUNT_date_from_"": 0}, {""date_from"": ""Wed"", ""COUNT_date_from_"": 2}, {""date_from"": ""Thur"", ""COUNT_date_from_"": 1}, {""date_from"": ""Fri"", ""COUNT_date_from_"": 2}, {""date_from"": ""Sat"", ""COUNT_date_from_"": 0}, {""date_from"": ""Sun"", ""COUNT_date_from_"": 0}]}, ""mark"": ""bar"", ""encoding"": {""x"": {""field"": ""date_from"", ""type"": ""nominal""}, ""y"": {""field"": ""COUNT_date_from_"", ""type"": ""quantitative""}}}"
520,2963,When do researchers finish their work each day?,,,,,,,,1,1,1,1,,,,,Bar,Easy,Project_Staff,"{""$schema"": ""https://vega.github.io/schema/vega-lite/v6.json"", ""description"": ""Vega-Lite chart for key 2963"", ""data"": {""values"": [{""date_to"": ""Mon"", ""COUNT_date_to_"": 1}, {""date_to"": ""Tue"", ""COUNT_date_to_"": 2}, {""date_to"": ""Wed"", ""COUNT_date_to_"": 2}, {""date_to"": ""Thur"", ""COUNT_date_to_"": 3}, {""date_to"": ""Fri"", ""COUNT_date_to_"": 1}, {""date_to"": ""Sat"", ""COUNT_date_to_"": 0}, {""date_to"": ""Sun"", ""COUNT_date_to_"": 0}]}, ""mark"": ""bar"", ""encoding"": {""x"": {""field"": ""date_to"", ""type"": ""nominal""}, ""y"": {""field"": ""COUNT_date_to_"", ""type"": ""quantitative""}}}"
521,2969,What’s the total count for each product across all orders?,,,,,,,,1,1,1,1,,,,,Bar,Medium,orders,"{""$schema"": ""https://vega.github.io/schema/vega-lite/v6.json"", ""description"": ""Vega-Lite chart for key 2969"", ""data"": {""values"": [{""product_name"": ""book"", ""SUM_count_"": 1}, {""product_name"": ""clothes"", ""SUM_count_"": 1}, {""product_name"": ""food"", ""SUM_count_"": 5}, {""product_name"": ""music"", ""SUM_count_"": 5}, {""product_name"": ""phone"", ""SUM_count_"": 3}]}, ""mark"": ""bar"", ""encoding"": {""x"": {""field"": ""product_name"", ""type"": ""nominal""}, ""y"": {""field"": ""SUM_count_"", ""type"": ""quantitative""}}}"
522,2971,What’s the total count for each product across all orders?,,,,,,,,1,1,1,1,,,,,Pie,Medium,orders,"{""$schema"": ""https://vega.github.io/schema/vega-lite/v6.json"", ""description"": ""Vega-Lite chart for key 2971"", ""data"": {""values"": [{""product_name"": ""book"", ""SUM_count_"": 1}, {""product_name"": ""clothes"", ""SUM_count_"": 1}, {""product_name"": ""food"", ""SUM_count_"": 5}, {""product_name"": ""music"", ""SUM_count_"": 5}, {""product_name"": ""phone"", ""SUM_count_"": 3}]}, ""mark"": ""arc"", ""encoding"": {""theta"": {""field"": ""SUM_count_"", ""type"": ""quantitative""}, ""color"": {""field"": ""product_name"", ""type"": ""nominal""}}}"
523,2972,"Which customers have placed at least two orders, and how many orders did each make?",,,,,,,,1,1,1,1,,,,,Pie,Medium,orders,"{""$schema"": ""https://vega.github.io/schema/vega-lite/v6.json"", ""description"": ""Vega-Lite chart for key 2972"", ""data"": {""values"": [{""customer_name"": ""George"", ""count_"": 3}, {""customer_name"": ""Beulah"", ""count_"": 2}, {""customer_name"": ""Jeramie"", ""count_"": 3}]}, ""mark"": ""arc"", ""encoding"": {""theta"": {""field"": ""count_"", ""type"": ""quantitative""}, ""color"": {""field"": ""customer_name"", ""type"": ""nominal""}}}"
524,2973,"Which customers have placed at least two orders, and how many orders has each made?",,,,,,,,1,1,1,1,,,,,Bar,Medium,orders,"{""$schema"": ""https://vega.github.io/schema/vega-lite/v6.json"", ""description"": ""Vega-Lite chart for key 2973"", ""data"": {""values"": [{""customer_name"": ""George"", ""count_"": 3}, {""customer_name"": ""Beulah"", ""count_"": 2}, {""customer_name"": ""Jeramie"", ""count_"": 3}]}, ""mark"": ""bar"", ""encoding"": {""x"": {""field"": ""customer_name"", ""type"": ""nominal""}, ""y"": {""field"": ""count_"", ""type"": ""quantitative""}}}"
525,2979,How many orders does Jeramie have in each status?,,,,,,,,1,1,1,1,,,,,Bar,Hard,customers,"{""$schema"": ""https://vega.github.io/schema/vega-lite/v6.json"", ""description"": ""Vega-Lite chart for key 2979"", ""data"": {""values"": [{""order_status"": ""On Road"", ""COUNT_order_status_"": 1}, {""order_status"": ""Packing"", ""COUNT_order_status_"": 2}]}, ""mark"": ""bar"", ""encoding"": {""x"": {""field"": ""order_status"", ""type"": ""nominal""}, ""y"": {""field"": ""COUNT_order_status_"", ""type"": ""quantitative""}}}"
526,2980,What's the distribution of order statuses for Jeramie's orders?,,,,,,,,1,1,1,1,,,,,Pie,Hard,customers,"{""$schema"": ""https://vega.github.io/schema/vega-lite/v6.json"", ""description"": ""Vega-Lite chart for key 2980"", ""data"": {""values"": [{""order_status"": ""On Road"", ""COUNT_order_status_"": 1}, {""order_status"": ""Packing"", ""COUNT_order_status_"": 2}]}, ""mark"": ""arc"", ""encoding"": {""theta"": {""field"": ""COUNT_order_status_"", ""type"": ""quantitative""}, ""color"": {""field"": ""order_status"", ""type"": ""nominal""}}}"
527,2998,"How many transaction dates have at least 100 shares or an amount over 100, grouped by weekday?",,,,,,,,1,1,1,1,,,,,Bar,Hard,TRANSACTIONS,"{""$schema"": ""https://vega.github.io/schema/vega-lite/v6.json"", ""description"": ""Vega-Lite chart for key 2998"", ""data"": {""values"": [{""date_of_transaction"": ""Mon"", ""COUNT_date_of_transaction_"": 1}, {""date_of_transaction"": ""Tue"", ""COUNT_date_of_transaction_"": 3}, {""date_of_transaction"": ""Wed"", ""COUNT_date_of_transaction_"": 3}, {""date_of_transaction"": ""Thur"", ""COUNT_date_of_transaction_"": 0}, {""date_of_transaction"": ""Fri"", ""COUNT_date_of_transaction_"": 3}, {""date_of_transaction"": ""Sat"", ""COUNT_date_of_transaction_"": 1}, {""date_of_transaction"": ""Sun"", ""COUNT_date_of_transaction_"": 3}]}, ""mark"": ""bar"", ""encoding"": {""x"": {""field"": ""date_of_transaction"", ""type"": ""nominal""}, ""y"": {""field"": ""COUNT_date_of_transaction_"", ""type"": ""quantitative""}}}"
528,3004,What’s the average transaction amount for each type of transaction?,,,,,,,,1,1,1,1,,,,,Pie,Easy,TRANSACTIONS,"{""$schema"": ""https://vega.github.io/schema/vega-lite/v6.json"", ""description"": ""Vega-Lite chart for key 3004"", ""data"": {""values"": [{""transaction_type_code"": ""PUR"", ""avg_amount_of_transaction_"": 25945880.3716125}, {""transaction_type_code"": ""SALE"", ""avg_amount_of_transaction_"": 11198167.237771427}]}, ""mark"": ""arc"", ""encoding"": {""theta"": {""field"": ""avg_amount_of_transaction_"", ""type"": ""quantitative""}, ""color"": {""field"": ""transaction_type_code"", ""type"": ""nominal""}}}"
529,3009,"Could you group the transaction dates by weekday, sum the share counts for each day?",,,,,,,,1,1,1,1,,,,,Bar,Easy,TRANSACTIONS,"{""$schema"": ""https://vega.github.io/schema/vega-lite/v6.json"", ""description"": ""Vega-Lite chart for key 3009"", ""data"": {""values"": [{""date_of_transaction"": ""Mon"", ""SUM_share_count_"": 674529892}, {""date_of_transaction"": ""Tue"", ""SUM_share_count_"": 96529}, {""date_of_transaction"": ""Wed"", ""SUM_share_count_"": 1663726}, {""date_of_transaction"": ""Thur"", ""SUM_share_count_"": 0}, {""date_of_transaction"": ""Fri"", ""SUM_share_count_"": 9357173}, {""date_of_transaction"": ""Sat"", ""SUM_share_count_"": 0}, {""date_of_transaction"": ""Sun"", ""SUM_share_count_"": 97709}]}, ""mark"": ""bar"", ""encoding"": {""x"": {""field"": ""date_of_transaction"", ""type"": ""nominal""}, ""y"": {""field"": ""SUM_share_count_"", ""type"": ""quantitative""}}}"
530,3021,"What are the purchase details for transactions over $10,000, and how many such transactions are there?",,,,,,,,1,1,1,1,,,,,Pie,Hard,PURCHASES,"{""$schema"": ""https://vega.github.io/schema/vega-lite/v6.json"", ""description"": ""Vega-Lite chart for key 3021"", ""data"": {""values"": [{""purchase_details"": ""a"", ""COUNT_purchase_details_"": 2}, {""purchase_details"": ""c"", ""COUNT_purchase_details_"": 1}, {""purchase_details"": ""i"", ""COUNT_purchase_details_"": 1}, {""purchase_details"": ""r"", ""COUNT_purchase_details_"": 1}]}, ""mark"": ""arc"", ""encoding"": {""theta"": {""field"": ""COUNT_purchase_details_"", ""type"": ""quantitative""}, ""color"": {""field"": ""purchase_details"", ""type"": ""nominal""}}}"
534,3054,What share of the total passengers is present at each location?,,,,,,,,1,1,1,1,,,,,Pie,Easy,station,"{""$schema"": ""https://vega.github.io/schema/vega-lite/v6.json"", ""description"": ""Vega-Lite chart for key 3054"", ""data"": {""values"": [{""Location"": ""Birmingham"", ""sum_total_passengers_"": 36.330999999999996}, {""Location"": ""Glasgow"", ""sum_total_passengers_"": 29.658}, {""Location"": ""London"", ""sum_total_passengers_"": 498.50700000000006}]}, ""mark"": ""arc"", ""encoding"": {""theta"": {""field"": ""sum_total_passengers_"", ""type"": ""quantitative""}, ""color"": {""field"": ""Location"", ""type"": ""nominal""}}}"
536,3063,"What package options do the TV channels that don’t air any Ben Jones cartoons offer, and how many of them are there?",,,,,,,,1,1,1,1,,,,,Pie,Medium,TV_Channel,"{""$schema"": ""https://vega.github.io/schema/vega-lite/v6.json"", ""description"": ""Vega-Lite chart for key 3063"", ""data"": {""values"": [{""Package_Option"": ""Sky Famiglia"", ""COUNT_Package_Option_"": 8}, {""Package_Option"": ""Sky Famiglia + Sky HD"", ""COUNT_Package_Option_"": 1}, {""Package_Option"": ""no ( FTV )"", ""COUNT_Package_Option_"": 2}]}, ""mark"": ""arc"", ""encoding"": {""theta"": {""field"": ""COUNT_Package_Option_"", ""type"": ""quantitative""}, ""color"": {""field"": ""Package_Option"", ""type"": ""nominal""}}}"
537,3064,"Which TV channel packages don’t include any cartoons directed by Ben Jones, and how many such packages are there?",,,,,,,,1,1,1,1,,,,,Bar,Medium,TV_Channel,"{""$schema"": ""https://vega.github.io/schema/vega-lite/v6.json"", ""description"": ""Vega-Lite chart for key 3064"", ""data"": {""values"": [{""Package_Option"": ""Sky Famiglia"", ""COUNT_Package_Option_"": 8}, {""Package_Option"": ""Sky Famiglia + Sky HD"", ""COUNT_Package_Option_"": 1}, {""Package_Option"": ""no ( FTV )"", ""COUNT_Package_Option_"": 2}]}, ""mark"": ""bar"", ""encoding"": {""x"": {""field"": ""Package_Option"", ""type"": ""nominal""}, ""y"": {""field"": ""COUNT_Package_Option_"", ""type"": ""quantitative""}}}"
538,3067,Which users have how many followers?,,,,,,,,1,1,1,1,,,,,Bar,Easy,user_profiles,"{""$schema"": ""https://vega.github.io/schema/vega-lite/v6.json"", ""description"": ""Vega-Lite chart for key 3067"", ""data"": {""values"": [{""name"": ""Tyler Swift"", ""followers"": 99999998}, {""name"": ""Natalie Portman"", ""followers"": 94375428}, {""name"": ""Black Widow\n"", ""followers"": 35425845}, {""name"": ""Celine Dion"", ""followers"": 23927492}, {""name"": ""Iron Man"", ""followers"": 6662425}, {""name"": ""Mary"", ""followers"": 890}, {""name"": ""Susan"", ""followers"": 100}]}, ""mark"": ""bar"", ""encoding"": {""x"": {""field"": ""name"", ""type"": ""nominal""}, ""y"": {""field"": ""followers"", ""type"": ""quantitative""}}}"
539,3068,How many tweets has each user posted?,,,,,,,,1,1,1,1,,,,,Pie,Medium,user_profiles,"{""$schema"": ""https://vega.github.io/schema/vega-lite/v6.json"", ""description"": ""Vega-Lite chart for key 3068"", ""data"": {""values"": [{""name"": ""Iron Man"", ""count_"": 2}, {""name"": ""Black Widow\n"", ""count_"": 1}, {""name"": ""Susan"", ""count_"": 2}, {""name"": ""Tyler Swift"", ""count_"": 1}, {""name"": ""Celine Dion"", ""count_"": 2}]}, ""mark"": ""arc"", ""encoding"": {""theta"": {""field"": ""count_"", ""type"": ""quantitative""}, ""color"": {""field"": ""name"", ""type"": ""nominal""}}}"
540,3070,What’s the total enrollment for each university affiliation type?,,,,,,,,1,1,1,1,,,,,Pie,Easy,university,"{""$schema"": ""https://vega.github.io/schema/vega-lite/v6.json"", ""description"": ""Vega-Lite chart for key 3070"", ""data"": {""values"": [{""Affiliation"": ""Private/Methodist"", ""sum_enrollment_"": 2100}, {""Affiliation"": ""Public"", ""sum_enrollment_"": 119027}]}, ""mark"": ""arc"", ""encoding"": {""theta"": {""field"": ""sum_enrollment_"", ""type"": ""quantitative""}, ""color"": {""field"": ""Affiliation"", ""type"": ""nominal""}}}"
544,3121,What’s the relationship between ACC percent and All Games percent?,,,,,,,,0,0,1,1,,,,,Scatter,Easy,basketball_match,"{""$schema"": ""https://vega.github.io/schema/vega-lite/v6.json"", ""description"": ""Vega-Lite chart for key 3121"", ""data"": {""values"": [{""ACC_Percent"": 0.875, ""All_Games_Percent"": 0.946}, {""ACC_Percent"": 0.813, ""All_Games_Percent"": 0.8240000000000001}, {""ACC_Percent"": 0.625, ""All_Games_Percent"": 0.706}, {""ACC_Percent"": 0.563, ""All_Games_Percent"": 0.6}]}, ""mark"": ""point"", ""encoding"": {""x"": {""field"": ""ACC_Percent"", ""type"": ""quantitative""}, ""y"": {""field"": ""All_Games_Percent"", ""type"": ""quantitative""}}}"
545,3139,What’s the share of all_games_percent for each game?,,,,,,,,1,1,1,1,,,,,Pie,Easy,basketball_match,"{""$schema"": ""https://vega.github.io/schema/vega-lite/v6.json"", ""description"": ""Vega-Lite chart for key 3139"", ""data"": {""values"": [{""All_Games"": ""35-2"", ""All_Games_Percent"": 0.946}, {""All_Games"": ""28-6"", ""All_Games_Percent"": 0.8240000000000001}, {""All_Games"": ""24-10"", ""All_Games_Percent"": 0.706}, {""All_Games"": ""21-14"", ""All_Games_Percent"": 0.6}]}, ""mark"": ""arc"", ""encoding"": {""theta"": {""field"": ""All_Games_Percent"", ""type"": ""quantitative""}, ""color"": {""field"": ""All_Games"", ""type"": ""nominal""}}}"
546,3150,How do the ACC_Regular_Season and ACC_Percent values break down proportionally?,,,,,,,,1,0,1,0,,,,,Pie,Easy,basketball_match,"{""$schema"": ""https://vega.github.io/schema/vega-lite/v6.json"", ""description"": ""Vega-Lite chart for key 3150"", ""data"": {""values"": [{""ACC_Regular_Season"": ""14-2"", ""ACC_Percent"": 0.875}, {""ACC_Regular_Season"": ""13-3"", ""ACC_Percent"": 0.813}, {""ACC_Regular_Season"": ""10-6"", ""ACC_Percent"": 0.625}, {""ACC_Regular_Season"": ""9-7"", ""ACC_Percent"": 0.563}]}, ""mark"": ""arc"", ""encoding"": {""theta"": {""field"": ""ACC_Percent"", ""type"": ""quantitative""}, ""color"": {""field"": ""ACC_Regular_Season"", ""type"": ""nominal""}}}"
548,3171,"What’s the relationship between ACC_Percent and All_Games_Percent, shown with points colored by the ACC_Regular_Season attribute?",,,,,,,,1,1,0,1,,,,,Grouping Scatter,Easy,university_basketball,"{""$schema"": ""https://vega.github.io/schema/vega-lite/v6.json"", ""description"": ""Vega-Lite chart for key 3171"", ""data"": {""values"": [{""classify"": ""10-6"", ""ACC_Percent"": 0.625, ""All_Games_Percent"": 0.706}, {""classify"": ""13-3"", ""ACC_Percent"": 0.625, ""All_Games_Percent"": 0.8240000000000001}, {""classify"": ""14-2"", ""ACC_Percent"": 0.625, ""All_Games_Percent"": 0.946}, {""classify"": ""9-7"", ""ACC_Percent"": 0.625, ""All_Games_Percent"": 0.6}]}, ""mark"": ""point"", ""encoding"": {""x"": {""field"": ""ACC_Percent"", ""type"": ""quantitative""}, ""y"": {""field"": ""All_Games_Percent"", ""type"": ""quantitative""}, ""color"": {""field"": ""classify"", ""type"": ""nominal""}}}"
551,3207,What are the names and ages of all men who aren’t married?,,,,,,,,1,1,1,1,,,,,Bar,Easy,people,"{""$schema"": ""https://vega.github.io/schema/vega-lite/v6.json"", ""description"": ""Vega-Lite chart for key 3207"", ""data"": {""values"": [{""Name"": ""Graeme McDowell"", ""Age"": 34}, {""Name"": ""Adam Scott"", ""Age"": 26}]}, ""mark"": ""bar"", ""encoding"": {""x"": {""field"": ""Name"", ""type"": ""nominal""}, ""y"": {""field"": ""Age"", ""type"": ""quantitative""}}}"
552,3213,What’s the share of each country among people whose age is below the overall average?,,,,,,,,1,1,1,1,,,,,Pie,Medium,people,"{""$schema"": ""https://vega.github.io/schema/vega-lite/v6.json"", ""description"": ""Vega-Lite chart for key 3213"", ""data"": {""values"": [{""Country"": ""Australia"", ""COUNT_Country_"": 1}, {""Country"": ""United States"", ""COUNT_Country_"": 5}]}, ""mark"": ""arc"", ""encoding"": {""theta"": {""field"": ""COUNT_Country_"", ""type"": ""quantitative""}, ""color"": {""field"": ""Country"", ""type"": ""nominal""}}}"
553,3215,What’s the distribution of people across all countries?,,,,,,,,1,1,1,1,,,,,Pie,Easy,people,"{""$schema"": ""https://vega.github.io/schema/vega-lite/v6.json"", ""description"": ""Vega-Lite chart for key 3215"", ""data"": {""values"": [{""Country"": ""Australia"", ""count_"": 1}, {""Country"": ""Canada"", ""count_"": 1}, {""Country"": ""Northern Ireland"", ""count_"": 1}, {""Country"": ""Sweden"", ""count_"": 1}, {""Country"": ""United States"", ""count_"": 8}]}, ""mark"": ""arc"", ""encoding"": {""theta"": {""field"": ""count_"", ""type"": ""quantitative""}, ""color"": {""field"": ""Country"", ""type"": ""nominal""}}}"
554,3222,How many appellations have scores above 93?,,,,,,,,1,1,1,1,,,,,Bar,Hard,WINE,"{""$schema"": ""https://vega.github.io/schema/vega-lite/v6.json"", ""description"": ""Vega-Lite chart for key 3222"", ""data"": {""values"": [{""Appelation"": ""Amador County"", ""COUNT_Appelation_"": 1}, {""Appelation"": ""Anderson Valley"", ""COUNT_Appelation_"": 1}, {""Appelation"": ""Bennett Valley"", ""COUNT_Appelation_"": 1}, {""Appelation"": ""Carneros"", ""COUNT_Appelation_"": 1}, {""Appelation"": ""Chalk Hill"", ""COUNT_Appelation_"": 1}, {""Appelation"": ""Dry Creek Valley"", ""COUNT_Appelation_"": 1}, {""Appelation"": ""Napa Valley"", ""COUNT_Appelation_"": 14}, {""Appelation"": ""Paso Robles"", ""COUNT_Appelation_"": 2}, {""Appelation"": ""Russian River Valley"", ""COUNT_Appelation_"": 11}, {""Appelation"": ""Rutherford"", ""COUNT_Appelation_"": 1}, {""Appelation"": ""Santa Lucia Highlands"", ""COUNT_Appelation_"": 6}, {""Appelation"": ""Santa Maria Valley"", ""COUNT_Appelation_"": 1}, {""Appelation"": ""Sonoma Coast"", ""COUNT_Appelation_"": 5}, {""Appelation"": ""Sonoma County"", ""COUNT_Appelation_"": 6}, {""Appelation"": ""Sonoma Valley"", ""COUNT_Appelation_"": 2}, {""Appelation"": ""St. Helena"", ""COUNT_Appelation_"": 1}, {""Appelation"": ""Sta. Rita Hills"", ""COUNT_Appelation_"": 2}]}, ""mark"": ""bar"", ""encoding"": {""x"": {""field"": ""Appelation"", ""type"": ""nominal""}, ""y"": {""field"": ""COUNT_Appelation_"", ""type"": ""quantitative""}}}"
556,3229,How many wines priced over $100 are there for each year?,,,,,,,,1,1,1,1,,,,,Bar,Hard,WINE,"{""$schema"": ""https://vega.github.io/schema/vega-lite/v6.json"", ""description"": ""Vega-Lite chart for key 3229"", ""data"": {""values"": [{""Year"": ""2006"", ""COUNT_Year_"": 6}, {""Year"": ""2007"", ""COUNT_Year_"": 13}, {""Year"": ""2008"", ""COUNT_Year_"": 2}]}, ""mark"": ""bar"", ""encoding"": {""x"": {""field"": ""Year"", ""type"": ""nominal""}, ""y"": {""field"": ""COUNT_Year_"", ""type"": ""quantitative""}}}"
559,3259,What's the breakdown of workshops by venue?,,,,,,,,1,1,1,1,,,,,Pie,Easy,workshop,"{""$schema"": ""https://vega.github.io/schema/vega-lite/v6.json"", ""description"": ""Vega-Lite chart for key 3259"", ""data"": {""values"": [{""Venue"": ""Istanbul Turkey"", ""COUNT_Venue_"": 1}, {""Venue"": ""London UK"", ""COUNT_Venue_"": 2}, {""Venue"": ""New Jersey USA"", ""COUNT_Venue_"": 1}, {""Venue"": ""New York USA"", ""COUNT_Venue_"": 2}]}, ""mark"": ""arc"", ""encoding"": {""theta"": {""field"": ""COUNT_Venue_"", ""type"": ""quantitative""}, ""color"": {""field"": ""Venue"", ""type"": ""nominal""}}}"
560,3260,How many venues does each workshop have?,,,,,,,,1,1,1,1,,,,,Bar,Easy,workshop,"{""$schema"": ""https://vega.github.io/schema/vega-lite/v6.json"", ""description"": ""Vega-Lite chart for key 3260"", ""data"": {""values"": [{""Venue"": ""Istanbul Turkey"", ""COUNT_Venue_"": 1}, {""Venue"": ""London UK"", ""COUNT_Venue_"": 2}, {""Venue"": ""New Jersey USA"", ""COUNT_Venue_"": 1}, {""Venue"": ""New York USA"", ""COUNT_Venue_"": 2}]}, ""mark"": ""bar"", ""encoding"": {""x"": {""field"": ""Venue"", ""type"": ""nominal""}, ""y"": {""field"": ""COUNT_Venue_"", ""type"": ""quantitative""}}}"
561,3262,Which authors contributed what proportion of the total submissions?,,,,,,,,1,1,1,1,,,,,Pie,Easy,submission,"{""$schema"": ""https://vega.github.io/schema/vega-lite/v6.json"", ""description"": ""Vega-Lite chart for key 3262"", ""data"": {""values"": [{""Author"": ""Andy Bolton"", ""COUNT_Author_"": 1}, {""Author"": ""Don Bitterlich"", ""COUNT_Author_"": 1}, {""Author"": ""Jeff Lloyd"", ""COUNT_Author_"": 1}, {""Author"": ""Randy Johnson"", ""COUNT_Author_"": 1}, {""Author"": ""Rick Engles"", ""COUNT_Author_"": 1}, {""Author"": ""Sammy Green"", ""COUNT_Author_"": 1}, {""Author"": ""Sherman Smith"", ""COUNT_Author_"": 1}, {""Author"": ""Steve Myer"", ""COUNT_Author_"": 1}, {""Author"": ""Steve Niehaus"", ""COUNT_Author_"": 1}, {""Author"": ""Steve Raible"", ""COUNT_Author_"": 1}]}, ""mark"": ""arc"", ""encoding"": {""theta"": {""field"": ""COUNT_Author_"", ""type"": ""quantitative""}, ""color"": {""field"": ""Author"", ""type"": ""nominal""}}}"
562,3263,What’s the total number of submissions for each author?,,,,,,,,1,1,1,1,,,,,Bar,Easy,submission,"{""$schema"": ""https://vega.github.io/schema/vega-lite/v6.json"", ""description"": ""Vega-Lite chart for key 3263"", ""data"": {""values"": [{""Author"": ""Andy Bolton"", ""COUNT_Author_"": 1}, {""Author"": ""Don Bitterlich"", ""COUNT_Author_"": 1}, {""Author"": ""Jeff Lloyd"", ""COUNT_Author_"": 1}, {""Author"": ""Randy Johnson"", ""COUNT_Author_"": 1}, {""Author"": ""Rick Engles"", ""COUNT_Author_"": 1}, {""Author"": ""Sammy Green"", ""COUNT_Author_"": 1}, {""Author"": ""Sherman Smith"", ""COUNT_Author_"": 1}, {""Author"": ""Steve Myer"", ""COUNT_Author_"": 1}, {""Author"": ""Steve Niehaus"", ""COUNT_Author_"": 1}, {""Author"": ""Steve Raible"", ""COUNT_Author_"": 1}]}, ""mark"": ""bar"", ""encoding"": {""x"": {""field"": ""Author"", ""type"": ""nominal""}, ""y"": {""field"": ""COUNT_Author_"", ""type"": ""quantitative""}}}"
565,3268,"Which continents have an average life expectancy under 72, and what are those averages?",,,,,,,,1,1,1,0,,,,,Pie,Medium,country,"{""$schema"": ""https://vega.github.io/schema/vega-lite/v6.json"", ""description"": ""Vega-Lite chart for key 3268"", ""data"": {""values"": [{""Continent"": ""Africa"", ""avg_LifeExpectancy_"": 52.57192982456139}, {""Continent"": ""Asia"", ""avg_LifeExpectancy_"": 67.44117647058825}, {""Continent"": ""Oceania"", ""avg_LifeExpectancy_"": 69.715}, {""Continent"": ""South America"", ""avg_LifeExpectancy_"": 70.94615384615386}]}, ""mark"": ""arc"", ""encoding"": {""theta"": {""field"": ""avg_LifeExpectancy_"", ""type"": ""quantitative""}, ""color"": {""field"": ""Continent"", ""type"": ""nominal""}}}"
571,3278,What’s the breakdown of eliminations for each team?,,,,,,,,1,1,1,1,,,,,Pie,Easy,elimination,"{""$schema"": ""https://vega.github.io/schema/vega-lite/v6.json"", ""description"": ""Vega-Lite chart for key 3278"", ""data"": {""values"": [{""Team"": ""Team Batista"", ""COUNT_"": 4}, {""Team"": ""Team Orton"", ""COUNT_"": 2}]}, ""mark"": ""arc"", ""encoding"": {""theta"": {""field"": ""COUNT_"", ""type"": ""quantitative""}, ""color"": {""field"": ""Team"", ""type"": ""nominal""}}}"
574,2443@y_name@ASC,How many actors have appeared in each musical?,,,,,,,,1,1,1,1,,,,,Bar,Hard,actor,"{""$schema"": ""https://vega.github.io/schema/vega-lite/v6.json"", ""description"": ""Vega-Lite chart for key 2443@y_name@ASC"", ""data"": {""values"": [{""Name"": ""West Side Story"", ""COUNT_"": 1}, {""Name"": ""Les Misérables"", ""COUNT_"": 2}, {""Name"": ""The Phantom of the Opera"", ""COUNT_"": 2}, {""Name"": ""The Book of Mormon"", ""COUNT_"": 4}]}, ""mark"": ""bar"", ""encoding"": {""x"": {""field"": ""Name"", ""type"": ""nominal""}, ""y"": {""field"": ""COUNT_"", ""type"": ""quantitative""}}}"
575,2450@x_name@DESC,Which nominees have been nominated for how many musicals.,,,,,,,,1,1,1,1,,,,,Bar,Medium,musical,"{""$schema"": ""https://vega.github.io/schema/vega-lite/v6.json"", ""description"": ""Vega-Lite chart for key 2450@x_name@DESC"", ""data"": {""values"": [{""Nominee"": ""Cleavant Derricks"", ""COUNT_"": 2}, {""Nominee"": ""Bob Fosse"", ""COUNT_"": 5}]}, ""mark"": ""bar"", ""encoding"": {""x"": {""field"": ""Nominee"", ""type"": ""nominal""}, ""y"": {""field"": ""COUNT_"", ""type"": ""quantitative""}}}"
578,1390@y_name@DESC,How many competitions were held in each city?,,,,,,,,1,1,1,1,,,,,Bar,Hard,city,"{""$schema"": ""https://vega.github.io/schema/vega-lite/v6.json"", ""description"": ""Vega-Lite chart for key 1390@y_name@DESC"", ""data"": {""values"": [{""Official_Name"": ""Aroostook"", ""COUNT_Official_Name_"": 2}, {""Official_Name"": ""Plaster Rock"", ""COUNT_Official_Name_"": 1}, {""Official_Name"": ""Perth-Andover"", ""COUNT_Official_Name_"": 1}, {""Official_Name"": ""Grand Falls/Grand-Sault"", ""COUNT_Official_Name_"": 1}, {""Official_Name"": ""Drummond"", ""COUNT_Official_Name_"": 1}]}, ""mark"": ""bar"", ""encoding"": {""x"": {""field"": ""Official_Name"", ""type"": ""nominal""}, ""y"": {""field"": ""COUNT_Official_Name_"", ""type"": ""quantitative""}}}"
579,3204@y_name@DESC,Show a chart with states and their counts.,,,,,,,,1,1,1,1,,,,,Bar,Medium,votes,"{""$schema"": ""https://vega.github.io/schema/vega-lite/v6.json"", ""description"": ""Vega-Lite chart for key 3204@y_name@DESC"", ""data"": {""values"": [{""state"": ""NY"", ""COUNT_state_"": 2}, {""state"": ""NJ\n"", ""COUNT_state_"": 1}, {""state"": ""CA"", ""COUNT_state_"": 1}]}, ""mark"": ""bar"", ""encoding"": {""x"": {""field"": ""state"", ""type"": ""nominal""}, ""y"": {""field"": ""COUNT_state_"", ""type"": ""quantitative""}}}"
580,1475@y_name@DESC,What’s the number of injured players each day?,,,,,,,,1,1,1,1,,,,,Bar,Hard,game,"{""$schema"": ""https://vega.github.io/schema/vega-lite/v6.json"", ""description"": ""Vega-Lite chart for key 1475@y_name@DESC"", ""data"": {""values"": [{""Date"": ""31 October 2008"", ""COUNT_Date_"": 3}, {""Date"": ""16 August 2008"", ""COUNT_Date_"": 2}, {""Date"": ""14 March 2010"", ""COUNT_Date_"": 2}, {""Date"": ""9 December 2007"", ""COUNT_Date_"": 1}, {""Date"": ""8 August 2009"", ""COUNT_Date_"": 1}, {""Date"": ""7 July 2011"", ""COUNT_Date_"": 1}, {""Date"": ""31 October 2010"", ""COUNT_Date_"": 1}, {""Date"": ""22 September 2007"", ""COUNT_Date_"": 1}, {""Date"": ""18 May 2007"", ""COUNT_Date_"": 1}, {""Date"": ""14 October 2009"", ""COUNT_Date_"": 1}, {""Date"": ""10 July 2008"", ""COUNT_Date_"": 1}]}, ""mark"": ""bar"", ""encoding"": {""x"": {""field"": ""Date"", ""type"": ""nominal""}, ""y"": {""field"": ""COUNT_Date_"", ""type"": ""quantitative""}}}"
581,1478@y_name@DESC,How many players had a foot injury or knee problem each season?,,,,,,,,1,1,0,1,,,,,Bar,Extra Hard,game,"{""$schema"": ""https://vega.github.io/schema/vega-lite/v6.json"", ""description"": ""Vega-Lite chart for key 1478@y_name@DESC"", ""data"": {""values"": [{""Season"": ""2011"", ""COUNT_Season_"": 1}, {""Season"": ""2008"", ""COUNT_Season_"": 1}, {""Season"": ""2007"", ""COUNT_Season_"": 1}, {""Season"": ""2010"", ""COUNT_Season_"": 0}, {""Season"": ""2009"", ""COUNT_Season_"": 0}]}, ""mark"": ""bar"", ""encoding"": {""x"": {""field"": ""Season"", ""type"": ""nominal""}, ""y"": {""field"": ""COUNT_Season_"", ""type"": ""quantitative""}}}"
583,1487@y_name@ASC,What’s the count of away teams for each home team?,,,,,,,,1,1,0,1,,,,,Stacked Bar,Hard,game_injury,"{""$schema"": ""https://vega.github.io/schema/vega-lite/v6.json"", ""description"": ""Vega-Lite chart for key 1487@y_name@ASC"", ""data"": {""values"": [{""classify"": ""Bunyodkor"", ""Away_team"": ""Quruvchi"", ""COUNT_Away_team_"": 0}, {""classify"": ""Bunyodkor"", ""Away_team"": ""Bunyodkor"", ""COUNT_Away_team_"": 0}, {""classify"": ""Bunyodkor"", ""Away_team"": ""Pakhtakor"", ""COUNT_Away_team_"": 9}, {""classify"": ""Pakhtakor"", ""Away_team"": ""Quruvchi"", ""COUNT_Away_team_"": 3}, {""classify"": ""Pakhtakor"", ""Away_team"": ""Bunyodkor"", ""COUNT_Away_team_"": 7}, {""classify"": ""Pakhtakor"", ""Away_team"": ""Pakhtakor"", ""COUNT_Away_team_"": 0}, {""classify"": ""Quruvchi"", ""Away_team"": ""Quruvchi"", ""COUNT_Away_team_"": 0}, {""classify"": ""Quruvchi"", ""Away_team"": ""Bunyodkor"", ""COUNT_Away_team_"": 0}, {""classify"": ""Quruvchi"", ""Away_team"": ""Pakhtakor"", ""COUNT_Away_team_"": 1}]}, ""mark"": ""bar"", ""encoding"": {""x"": {""field"": ""Away_team"", ""type"": ""nominal""}, ""y"": {""field"": ""COUNT_Away_team_"", ""type"": ""quantitative""}, ""color"": {""field"": ""classify"", ""type"": ""nominal""}}}"
589,1523@x_name@DESC,How many physicians are in each department they’re primarily affiliated with?,,,,,,,,1,1,1,1,,,,,Bar,Extra Hard,physician,"{""$schema"": ""https://vega.github.io/schema/vega-lite/v6.json"", ""description"": ""Vega-Lite chart for key 1523@x_name@DESC"", ""data"": {""values"": [{""Name"": ""Surgery"", ""COUNT_Name_"": 3}, {""Name"": ""Psychiatry"", ""COUNT_Name_"": 1}, {""Name"": ""General Medicine"", ""COUNT_Name_"": 5}]}, ""mark"": ""bar"", ""encoding"": {""x"": {""field"": ""Name"", ""type"": ""nominal""}, ""y"": {""field"": ""COUNT_Name_"", ""type"": ""quantitative""}}}"
590,1525@y_name@ASC,"Which physicians have had appointments, and how many appointments does each have?",,,,,,,,1,1,1,1,,,,,Bar,Hard,appointment,"{""$schema"": ""https://vega.github.io/schema/vega-lite/v6.json"", ""description"": ""Vega-Lite chart for key 1525@y_name@ASC"", ""data"": {""values"": [{""Name"": ""Christopher Turk"", ""COUNT_Name_"": 1}, {""Name"": ""Molly Clock"", ""COUNT_Name_"": 1}, {""Name"": ""John Dorian"", ""COUNT_Name_"": 2}, {""Name"": ""Percival Cox"", ""COUNT_Name_"": 2}, {""Name"": ""Elliot Reid"", ""COUNT_Name_"": 3}]}, ""mark"": ""bar"", ""encoding"": {""x"": {""field"": ""Name"", ""type"": ""nominal""}, ""y"": {""field"": ""COUNT_Name_"", ""type"": ""quantitative""}}}"
591,1532@x_name@DESC,What’s the prescription count for each medication brand?,,,,,,,,1,1,1,1,,,,,Bar,Hard,medication,"{""$schema"": ""https://vega.github.io/schema/vega-lite/v6.json"", ""description"": ""Vega-Lite chart for key 1532@x_name@DESC"", ""data"": {""values"": [{""Name"": ""Foo Labs"", ""count_"": 2}, {""Name"": ""X"", ""count_"": 1}]}, ""mark"": ""bar"", ""encoding"": {""x"": {""field"": ""Name"", ""type"": ""nominal""}, ""y"": {""field"": ""count_"", ""type"": ""quantitative""}}}"
594,2314@x_name@DESC,How do furniture prices compare across manufacturers?,,,,,,,,1,1,1,1,,,,,Bar,Medium,furniture,"{""$schema"": ""https://vega.github.io/schema/vega-lite/v6.json"", ""description"": ""Vega-Lite chart for key 2314@x_name@DESC"", ""data"": {""values"": [{""Name"": ""Hatstand"", ""Price_in_Dollar"": 1234}, {""Name"": ""Dining set"", ""Price_in_Dollar"": 2124}, {""Name"": ""Chabudai"", ""Price_in_Dollar"": 450}, {""Name"": ""Bookcase"", ""Price_in_Dollar"": 239}, {""Name"": ""Billiard table"", ""Price_in_Dollar"": 443}]}, ""mark"": ""bar"", ""encoding"": {""x"": {""field"": ""Name"", ""type"": ""nominal""}, ""y"": {""field"": ""Price_in_Dollar"", ""type"": ""quantitative""}}}"
595,2831@x_name@DESC,Could you show a chart of how many of each service there are?,,,,,,,,1,1,1,1,,,,,Bar,Medium,station,"{""$schema"": ""https://vega.github.io/schema/vega-lite/v6.json"", ""description"": ""Vega-Lite chart for key 2831@x_name@DESC"", ""data"": {""values"": [{""services"": ""c2c"", ""COUNT_services_"": 1}, {""services"": ""Metropolitan line and Chiltern Railways"", ""COUNT_services_"": 3}, {""services"": ""Metropolitan line"", ""COUNT_services_"": 2}, {""services"": ""London Overground and London Midland"", ""COUNT_services_"": 1}, {""services"": ""London Overground"", ""COUNT_services_"": 1}, {""services"": ""Greater Anglia"", ""COUNT_services_"": 3}]}, ""mark"": ""bar"", ""encoding"": {""x"": {""field"": ""services"", ""type"": ""nominal""}, ""y"": {""field"": ""COUNT_services_"", ""type"": ""quantitative""}}}"
596,2834@x_name@DESC,Could you show a chart of the services with each service’s count?,,,,,,,,1,1,1,1,,,,,Bar,Medium,station,"{""$schema"": ""https://vega.github.io/schema/vega-lite/v6.json"", ""description"": ""Vega-Lite chart for key 2834@x_name@DESC"", ""data"": {""values"": [{""services"": ""c2c"", ""COUNT_services_"": 1}, {""services"": ""Metropolitan line and Chiltern Railways"", ""COUNT_services_"": 3}, {""services"": ""Metropolitan line"", ""COUNT_services_"": 2}, {""services"": ""London Overground and London Midland"", ""COUNT_services_"": 1}, {""services"": ""London Overground"", ""COUNT_services_"": 1}, {""services"": ""Greater Anglia"", ""COUNT_services_"": 3}]}, ""mark"": ""bar"", ""encoding"": {""x"": {""field"": ""services"", ""type"": ""nominal""}, ""y"": {""field"": ""COUNT_services_"", ""type"": ""quantitative""}}}"
597,2838@x_name@ASC,What’s the count of train names?,,,,,,,,1,1,1,1,,,,,Bar,Medium,train,"{""$schema"": ""https://vega.github.io/schema/vega-lite/v6.json"", ""description"": ""Vega-Lite chart for key 2838@x_name@ASC"", ""data"": {""values"": [{""name"": ""Ananthapuri Express"", ""COUNT_name_"": 2}, {""name"": ""Guruvayur Express"", ""COUNT_name_"": 2}, {""name"": ""Island Express"", ""COUNT_name_"": 2}, {""name"": ""Jayanthi Janatha Express"", ""COUNT_name_"": 2}, {""name"": ""Madurai Fast Passenger"", ""COUNT_name_"": 1}, {""name"": ""Parasuram Express"", ""COUNT_name_"": 1}, {""name"": ""Quilon Fast Passenger"", ""COUNT_name_"": 1}]}, ""mark"": ""bar"", ""encoding"": {""x"": {""field"": ""name"", ""type"": ""nominal""}, ""y"": {""field"": ""COUNT_name_"", ""type"": ""quantitative""}}}"
598,2841@y_name@ASC,Could you show a chart of the average high temperature for each day of the week?,,,,,,,,1,1,1,1,,,,,Bar,Medium,weekly_weather,"{""$schema"": ""https://vega.github.io/schema/vega-lite/v6.json"", ""description"": ""Vega-Lite chart for key 2841@y_name@ASC"", ""data"": {""values"": [{""day_of_week"": ""Sunday"", ""avg_high_temperature_"": 54}, {""day_of_week"": ""Friday"", ""avg_high_temperature_"": 55}, {""day_of_week"": ""Saturday"", ""avg_high_temperature_"": 55}, {""day_of_week"": ""Monday"", ""avg_high_temperature_"": 56}, {""day_of_week"": ""Thursday"", ""avg_high_temperature_"": 57}, {""day_of_week"": ""Tuesday"", ""avg_high_temperature_"": 58}, {""day_of_week"": ""Wednesday"", ""avg_high_temperature_"": 58}]}, ""mark"": ""bar"", ""encoding"": {""x"": {""field"": ""day_of_week"", ""type"": ""nominal""}, ""y"": {""field"": ""avg_high_temperature_"", ""type"": ""quantitative""}}}"
599,2844@y_name@DESC,How many trains start from each origin?,,,,,,,,1,1,1,1,,,,,Bar,Medium,train,"{""$schema"": ""https://vega.github.io/schema/vega-lite/v6.json"", ""description"": ""Vega-Lite chart for key 2844@y_name@DESC"", ""data"": {""values"": [{""origin"": ""Kanniyakumari"", ""count_"": 2}, {""origin"": ""Chennai"", ""count_"": 2}, {""origin"": ""Trivandrum"", ""count_"": 1}, {""origin"": ""Quilon"", ""count_"": 1}, {""origin"": ""Nagercoil"", ""count_"": 1}, {""origin"": ""Mumbai"", ""count_"": 1}, {""origin"": ""Madurai"", ""count_"": 1}, {""origin"": ""Guruvayur"", ""count_"": 1}, {""origin"": ""Bangalore"", ""count_"": 1}]}, ""mark"": ""bar"", ""encoding"": {""x"": {""field"": ""origin"", ""type"": ""nominal""}, ""y"": {""field"": ""count_"", ""type"": ""quantitative""}}}"
600,2845@y_name@ASC,"What are the names of trains that run through stations for the Chiltern local authority, and how do their total counts compare?",,,,,,,,1,1,1,1,,,,,Bar,Extra Hard,station,"{""$schema"": ""https://vega.github.io/schema/vega-lite/v6.json"", ""description"": ""Vega-Lite chart for key 2845@y_name@ASC"", ""data"": {""values"": [{""name"": ""Ananthapuri Express"", ""COUNT_name_"": 1}, {""name"": ""Jayanthi Janatha Express"", ""COUNT_name_"": 1}, {""name"": ""Madurai Fast Passenger"", ""COUNT_name_"": 1}, {""name"": ""Quilon Fast Passenger"", ""COUNT_name_"": 1}, {""name"": ""Guruvayur Express"", ""COUNT_name_"": 2}, {""name"": ""Island Express"", ""COUNT_name_"": 2}]}, ""mark"": ""bar"", ""encoding"": {""x"": {""field"": ""name"", ""type"": ""nominal""}, ""y"": {""field"": ""COUNT_name_"", ""type"": ""quantitative""}}}"
601,2544@y_name@ASC,"Which countries are the perpetrators from, and how many in each?",,,,,,,,1,1,1,1,,,,,Bar,Medium,perpetrator,"{""$schema"": ""https://vega.github.io/schema/vega-lite/v6.json"", ""description"": ""Vega-Lite chart for key 2544@y_name@ASC"", ""data"": {""values"": [{""Country"": ""India"", ""COUNT_"": 1}, {""Country"": ""Japan"", ""COUNT_"": 1}, {""Country"": ""South Korea"", ""COUNT_"": 1}, {""Country"": ""China"", ""COUNT_"": 2}]}, ""mark"": ""bar"", ""encoding"": {""x"": {""field"": ""Country"", ""type"": ""nominal""}, ""y"": {""field"": ""COUNT_"", ""type"": ""quantitative""}}}"
602,2865@y_name@ASC,Which storms are there and how many regions did each affect?,,,,,,,,1,1,1,1,,,,,Bar,Hard,storm,"{""$schema"": ""https://vega.github.io/schema/vega-lite/v6.json"", ""description"": ""Vega-Lite chart for key 2865@y_name@ASC"", ""data"": {""values"": [{""Name"": ""Four"", ""count_"": 1}, {""Name"": ""Three"", ""count_"": 1}, {""Name"": ""Five"", ""count_"": 2}, {""Name"": ""One"", ""count_"": 2}]}, ""mark"": ""bar"", ""encoding"": {""x"": {""field"": ""Name"", ""type"": ""nominal""}, ""y"": {""field"": ""count_"", ""type"": ""quantitative""}}}"
603,2867@x_name@ASC,Could you plot a chart showing each region’s name and its storm count?,,,,,,,,1,1,1,1,,,,,Bar,Hard,region,"{""$schema"": ""https://vega.github.io/schema/vega-lite/v6.json"", ""description"": ""Vega-Lite chart for key 2867@x_name@ASC"", ""data"": {""values"": [{""Region_name"": ""Afghanistan"", ""count_"": 2}, {""Region_name"": ""Albania"", ""count_"": 2}, {""Region_name"": ""Algeria"", ""count_"": 1}, {""Region_name"": ""Denmark"", ""count_"": 1}]}, ""mark"": ""bar"", ""encoding"": {""x"": {""field"": ""Region_name"", ""type"": ""nominal""}, ""y"": {""field"": ""count_"", ""type"": ""quantitative""}}}"
604,2868@y_name@ASC,Could you show a chart comparing the death counts for each storm (only those with at least one fatality)?,,,,,,,,1,1,1,1,,,,,Bar,Medium,storm,"{""$schema"": ""https://vega.github.io/schema/vega-lite/v6.json"", ""description"": ""Vega-Lite chart for key 2868@y_name@ASC"", ""data"": {""values"": [{""Name"": ""Six"", ""Number_Deaths"": 2}, {""Name"": ""Five"", ""Number_Deaths"": 3}, {""Name"": ""Four"", ""Number_Deaths"": 7}, {""Name"": ""Two"", ""Number_Deaths"": 7}, {""Name"": ""Three"", ""Number_Deaths"": 52}, {""Name"": ""9 cyclones"", ""Number_Deaths"": 71}]}, ""mark"": ""bar"", ""encoding"": {""x"": {""field"": ""Name"", ""type"": ""nominal""}, ""y"": {""field"": ""Number_Deaths"", ""type"": ""quantitative""}}}"
606,1407@y_name@DESC,What’s the number of flights to each destination city?,,,,,,,,1,1,1,1,,,,,Bar,Medium,Flight,"{""$schema"": ""https://vega.github.io/schema/vega-lite/v6.json"", ""description"": ""Vega-Lite chart for key 1407@y_name@DESC"", ""data"": {""values"": [{""destination"": ""Honolulu"", ""COUNT_destination_"": 2}, {""destination"": ""Washington D.C."", ""COUNT_destination_"": 1}, {""destination"": ""Tokyo"", ""COUNT_destination_"": 1}, {""destination"": ""Sydney"", ""COUNT_destination_"": 1}, {""destination"": ""New York"", ""COUNT_destination_"": 1}, {""destination"": ""Los Angeles"", ""COUNT_destination_"": 1}, {""destination"": ""Dallas"", ""COUNT_destination_"": 1}, {""destination"": ""Chicago"", ""COUNT_destination_"": 1}, {""destination"": ""Boston"", ""COUNT_destination_"": 1}]}, ""mark"": ""bar"", ""encoding"": {""x"": {""field"": ""destination"", ""type"": ""nominal""}, ""y"": {""field"": ""COUNT_destination_"", ""type"": ""quantitative""}}}"
607,1409@y_name@DESC,"Which aircraft have the most flights, and how many each completes?",,,,,,,,1,1,1,1,,,,,Bar,Hard,Flight,"{""$schema"": ""https://vega.github.io/schema/vega-lite/v6.json"", ""description"": ""Vega-Lite chart for key 1409@y_name@DESC"", ""data"": {""values"": [{""name"": ""Lockheed L1011"", ""count_"": 2}, {""name"": ""Airbus A340-300"", ""count_"": 2}, {""name"": ""SAAB 340"", ""count_"": 1}, {""name"": ""Piper Archer III"", ""count_"": 1}, {""name"": ""Embraer ERJ-145"", ""count_"": 1}, {""name"": ""Boeing 757-300"", ""count_"": 1}, {""name"": ""Boeing 747-400"", ""count_"": 1}, {""name"": ""Boeing 737-800"", ""count_"": 1}]}, ""mark"": ""bar"", ""encoding"": {""x"": {""field"": ""name"", ""type"": ""nominal""}, ""y"": {""field"": ""count_"", ""type"": ""quantitative""}}}"
608,1413@y_name@ASC,How many flights priced above $300 go to each destination city?,,,,,,,,1,1,1,1,,,,,Bar,Hard,Flight,"{""$schema"": ""https://vega.github.io/schema/vega-lite/v6.json"", ""description"": ""Vega-Lite chart for key 1413@y_name@ASC"", ""data"": {""values"": [{""destination"": ""Tokyo"", ""COUNT_destination_"": 1}, {""destination"": ""Honolulu"", ""COUNT_destination_"": 2}]}, ""mark"": ""bar"", ""encoding"": {""x"": {""field"": ""destination"", ""type"": ""nominal""}, ""y"": {""field"": ""COUNT_destination_"", ""type"": ""quantitative""}}}"
609,1414@y_name@DESC,Could you list each aircraft’s name and distance?,,,,,,,,1,1,1,1,,,,,Bar,Easy,Aircraft,"{""$schema"": ""https://vega.github.io/schema/vega-lite/v6.json"", ""description"": ""Vega-Lite chart for key 1414@y_name@DESC"", ""data"": {""values"": [{""name"": ""Boeing 747-400"", ""distance"": 8430}, {""name"": ""Airbus A340-300"", ""distance"": 7120}, {""name"": ""Lockheed L1011"", ""distance"": 6900}, {""name"": ""Boeing 767-400ER"", ""distance"": 6475}, {""name"": ""Boeing 777-300"", ""distance"": 6441}, {""name"": ""Tupolev 154"", ""distance"": 4103}, {""name"": ""Boeing 757-300"", ""distance"": 4010}, {""name"": ""Boeing 737-800"", ""distance"": 3383}, {""name"": ""Airbus A320"", ""distance"": 2605}, {""name"": ""SAAB 340"", ""distance"": 2128}, {""name"": ""Airbus A319"", ""distance"": 1805}, {""name"": ""Embraer ERJ-145"", ""distance"": 1530}, {""name"": ""Boeing 727"", ""distance"": 1504}, {""name"": ""British Aerospace Jetstream 41"", ""distance"": 1502}, {""name"": ""Piper Archer III"", ""distance"": 520}, {""name"": ""Schwitzer 2-33"", ""distance"": 30}]}, ""mark"": ""bar"", ""encoding"": {""x"": {""field"": ""name"", ""type"": ""nominal""}, ""y"": {""field"": ""distance"", ""type"": ""quantitative""}}}"
610,2173@y_name@DESC,How many products does each manufacturer have?,,,,,,,,1,1,1,1,,,,,Bar,Hard,products,"{""$schema"": ""https://vega.github.io/schema/vega-lite/v6.json"", ""description"": ""Vega-Lite chart for key 2173@y_name@DESC"", ""data"": {""values"": [{""Name"": ""Hewlett-Packard"", ""count_"": 3}, {""Name"": ""Creative Labs"", ""count_"": 3}, {""Name"": ""Winchester"", ""count_"": 2}, {""Name"": ""Sony"", ""count_"": 1}, {""Name"": ""Iomega"", ""count_"": 1}, {""Name"": ""Fujitsu"", ""count_"": 1}]}, ""mark"": ""bar"", ""encoding"": {""x"": {""field"": ""Name"", ""type"": ""nominal""}, ""y"": {""field"": ""count_"", ""type"": ""quantitative""}}}"
611,2175@y_name@ASC,Show the maximal revenue for each headquarters.,,,,,,,,1,1,1,1,,,,,Bar,Medium,manufacturers,"{""$schema"": ""https://vega.github.io/schema/vega-lite/v6.json"", ""description"": ""Vega-Lite chart for key 2175@y_name@ASC"", ""data"": {""values"": [{""Headquarter"": ""Paris"", ""max_revenue_"": 30}, {""Headquarter"": ""Los Angeles"", ""max_revenue_"": 50}, {""Headquarter"": ""Austin"", ""max_revenue_"": 100}, {""Headquarter"": ""Tokyo"", ""max_revenue_"": 120}, {""Headquarter"": ""Taiwan"", ""max_revenue_"": 130}, {""Headquarter"": ""Beijing"", ""max_revenue_"": 200}]}, ""mark"": ""bar"", ""encoding"": {""x"": {""field"": ""Headquarter"", ""type"": ""nominal""}, ""y"": {""field"": ""max_revenue_"", ""type"": ""quantitative""}}}"
612,2176@y_name@DESC,What’s the count of distinct products made in each headquarters city?,,,,,,,,1,1,1,1,,,,,Bar,Medium,products,"{""$schema"": ""https://vega.github.io/schema/vega-lite/v6.json"", ""description"": ""Vega-Lite chart for key 2176@y_name@DESC"", ""data"": {""values"": [{""Headquarter"": ""Los Angeles"", ""count_DISTINCT_T1_name_"": 3}, {""Headquarter"": ""Austin"", ""count_DISTINCT_T1_name_"": 3}, {""Headquarter"": ""Paris"", ""count_DISTINCT_T1_name_"": 2}, {""Headquarter"": ""Tokyo"", ""count_DISTINCT_T1_name_"": 1}, {""Headquarter"": ""Taiwan"", ""count_DISTINCT_T1_name_"": 1}, {""Headquarter"": ""Beijing"", ""count_DISTINCT_T1_name_"": 1}]}, ""mark"": ""bar"", ""encoding"": {""x"": {""field"": ""Headquarter"", ""type"": ""nominal""}, ""y"": {""field"": ""count_DISTINCT_T1_name_"", ""type"": ""quantitative""}}}"
613,2177@x_name@ASC,How many products are in the store?,,,,,,,,1,1,1,1,,,,,Bar,Medium,products,"{""$schema"": ""https://vega.github.io/schema/vega-lite/v6.json"", ""description"": ""Vega-Lite chart for key 2177@x_name@ASC"", ""data"": {""values"": [{""Name"": ""CD drive"", ""COUNT_Name_"": 1}, {""Name"": ""DVD burner"", ""COUNT_Name_"": 1}, {""Name"": ""DVD drive"", ""COUNT_Name_"": 2}, {""Name"": ""Floppy disk"", ""COUNT_Name_"": 1}, {""Name"": ""Hard drive"", ""COUNT_Name_"": 1}, {""Name"": ""Memory"", ""COUNT_Name_"": 1}, {""Name"": ""Monitor"", ""COUNT_Name_"": 1}, {""Name"": ""Printer"", ""COUNT_Name_"": 1}, {""Name"": ""Toner cartridge"", ""COUNT_Name_"": 1}, {""Name"": ""ZIP drive"", ""COUNT_Name_"": 1}]}, ""mark"": ""bar"", ""encoding"": {""x"": {""field"": ""Name"", ""type"": ""nominal""}, ""y"": {""field"": ""COUNT_Name_"", ""type"": ""quantitative""}}}"
614,2178@x_name@DESC,Show a chart of each product’s total price.,,,,,,,,1,1,1,1,,,,,Bar,Medium,products,"{""$schema"": ""https://vega.github.io/schema/vega-lite/v6.json"", ""description"": ""Vega-Lite chart for key 2178@x_name@DESC"", ""data"": {""values"": [{""Name"": ""ZIP drive"", ""SUM_Price_"": 150}, {""Name"": ""Toner cartridge"", ""SUM_Price_"": 66}, {""Name"": ""Printer"", ""SUM_Price_"": 270}, {""Name"": ""Monitor"", ""SUM_Price_"": 240}, {""Name"": ""Memory"", ""SUM_Price_"": 120}, {""Name"": ""Hard drive"", ""SUM_Price_"": 240}, {""Name"": ""Floppy disk"", ""SUM_Price_"": 5}, {""Name"": ""DVD drive"", ""SUM_Price_"": 330}, {""Name"": ""DVD burner"", ""SUM_Price_"": 180}, {""Name"": ""CD drive"", ""SUM_Price_"": 90}]}, ""mark"": ""bar"", ""encoding"": {""x"": {""field"": ""Name"", ""type"": ""nominal""}, ""y"": {""field"": ""SUM_Price_"", ""type"": ""quantitative""}}}"
615,2179@y_name@DESC,What’s the average price for each product?,,,,,,,,1,1,1,1,,,,,Bar,Medium,products,"{""$schema"": ""https://vega.github.io/schema/vega-lite/v6.json"", ""description"": ""Vega-Lite chart for key 2179@y_name@DESC"", ""data"": {""values"": [{""Name"": ""Printer"", ""AVG_Price_"": 270}, {""Name"": ""Monitor"", ""AVG_Price_"": 240}, {""Name"": ""Hard drive"", ""AVG_Price_"": 240}, {""Name"": ""DVD burner"", ""AVG_Price_"": 180}, {""Name"": ""DVD drive"", ""AVG_Price_"": 165}, {""Name"": ""ZIP drive"", ""AVG_Price_"": 150}, {""Name"": ""Memory"", ""AVG_Price_"": 120}, {""Name"": ""CD drive"", ""AVG_Price_"": 90}, {""Name"": ""Toner cartridge"", ""AVG_Price_"": 66}, {""Name"": ""Floppy disk"", ""AVG_Price_"": 5}]}, ""mark"": ""bar"", ""encoding"": {""x"": {""field"": ""Name"", ""type"": ""nominal""}, ""y"": {""field"": ""AVG_Price_"", ""type"": ""quantitative""}}}"
616,2191@x_name@DESC,Could you show a chart comparing the prices of products priced between 60 and 120?,,,,,,,,1,1,1,1,,,,,Bar,Medium,products,"{""$schema"": ""https://vega.github.io/schema/vega-lite/v6.json"", ""description"": ""Vega-Lite chart for key 2191@x_name@DESC"", ""data"": {""values"": [{""Name"": ""Toner cartridge"", ""Price"": 66}, {""Name"": ""Memory"", ""Price"": 120}, {""Name"": ""CD drive"", ""Price"": 90}]}, ""mark"": ""bar"", ""encoding"": {""x"": {""field"": ""Name"", ""type"": ""nominal""}, ""y"": {""field"": ""Price"", ""type"": ""quantitative""}}}"
617,2201@x_name@DESC,What’s the total revenue for each founder’s companies?,,,,,,,,1,1,1,1,,,,,Bar,Medium,manufacturers,"{""$schema"": ""https://vega.github.io/schema/vega-lite/v6.json"", ""description"": ""Vega-Lite chart for key 2201@x_name@DESC"", ""data"": {""values"": [{""Founder"": ""Robert"", ""sum_revenue_"": 30}, {""Founder"": ""Owen"", ""sum_revenue_"": 100}, {""Founder"": ""Mary"", ""sum_revenue_"": 200}, {""Founder"": ""John"", ""sum_revenue_"": 130}, {""Founder"": ""James"", ""sum_revenue_"": 50}, {""Founder"": ""Andy"", ""sum_revenue_"": 120}]}, ""mark"": ""bar"", ""encoding"": {""x"": {""field"": ""Founder"", ""type"": ""nominal""}, ""y"": {""field"": ""sum_revenue_"", ""type"": ""quantitative""}}}"
618,2203@x_name@DESC,Can we compare each manufacturer's most expensive product?,,,,,,,,1,1,1,1,,,,,Bar,Medium,products,"{""$schema"": ""https://vega.github.io/schema/vega-lite/v6.json"", ""description"": ""Vega-Lite chart for key 2203@x_name@DESC"", ""data"": {""values"": [{""Name"": ""Winchester"", ""max_T1_Price_"": 120}, {""Name"": ""Sony"", ""max_T1_Price_"": 240}, {""Name"": ""Iomega"", ""max_T1_Price_"": 150}, {""Name"": ""Hewlett-Packard"", ""max_T1_Price_"": 270}, {""Name"": ""Fujitsu"", ""max_T1_Price_"": 240}, {""Name"": ""Creative Labs"", ""max_T1_Price_"": 180}]}, ""mark"": ""bar"", ""encoding"": {""x"": {""field"": ""Name"", ""type"": ""nominal""}, ""y"": {""field"": ""max_T1_Price_"", ""type"": ""quantitative""}}}"
619,2215@x_name@ASC,"What are the manufacturers’ headquarters for each product, how many times each appears?",,,,,,,,1,1,1,1,,,,,Bar,Hard,products,"{""$schema"": ""https://vega.github.io/schema/vega-lite/v6.json"", ""description"": ""Vega-Lite chart for key 2215@x_name@ASC"", ""data"": {""values"": [{""Headquarter"": ""Austin"", ""COUNT_Headquarter_"": 3}, {""Headquarter"": ""Beijing"", ""COUNT_Headquarter_"": 1}, {""Headquarter"": ""Los Angeles"", ""COUNT_Headquarter_"": 3}, {""Headquarter"": ""Paris"", ""COUNT_Headquarter_"": 2}, {""Headquarter"": ""Taiwan"", ""COUNT_Headquarter_"": 1}, {""Headquarter"": ""Tokyo"", ""COUNT_Headquarter_"": 1}]}, ""mark"": ""bar"", ""encoding"": {""x"": {""field"": ""Headquarter"", ""type"": ""nominal""}, ""y"": {""field"": ""COUNT_Headquarter_"", ""type"": ""quantitative""}}}"
620,2224@x_name@ASC,Could you show a chart of the revenue sum for each product’s manufacturer?,,,,,,,,1,1,1,1,,,,,Bar,Hard,products,"{""$schema"": ""https://vega.github.io/schema/vega-lite/v6.json"", ""description"": ""Vega-Lite chart for key 2224@x_name@ASC"", ""data"": {""values"": [{""Headquarter"": ""Austin"", ""SUM_Revenue_"": 300}, {""Headquarter"": ""Beijing"", ""SUM_Revenue_"": 200}, {""Headquarter"": ""Los Angeles"", ""SUM_Revenue_"": 150}, {""Headquarter"": ""Paris"", ""SUM_Revenue_"": 60}, {""Headquarter"": ""Taiwan"", ""SUM_Revenue_"": 130}, {""Headquarter"": ""Tokyo"", ""SUM_Revenue_"": 120}]}, ""mark"": ""bar"", ""encoding"": {""x"": {""field"": ""Headquarter"", ""type"": ""nominal""}, ""y"": {""field"": ""SUM_Revenue_"", ""type"": ""quantitative""}}}"
621,2225@y_name@DESC,What’s the average revenue for each manufacturer’s headquarters?,,,,,,,,1,1,1,1,,,,,Bar,Hard,products,"{""$schema"": ""https://vega.github.io/schema/vega-lite/v6.json"", ""description"": ""Vega-Lite chart for key 2225@y_name@DESC"", ""data"": {""values"": [{""Headquarter"": ""Beijing"", ""AVG_Revenue_"": 200}, {""Headquarter"": ""Taiwan"", ""AVG_Revenue_"": 130}, {""Headquarter"": ""Tokyo"", ""AVG_Revenue_"": 120}, {""Headquarter"": ""Austin"", ""AVG_Revenue_"": 100}, {""Headquarter"": ""Los Angeles"", ""AVG_Revenue_"": 50}, {""Headquarter"": ""Paris"", ""AVG_Revenue_"": 30}]}, ""mark"": ""bar"", ""encoding"": {""x"": {""field"": ""Headquarter"", ""type"": ""nominal""}, ""y"": {""field"": ""AVG_Revenue_"", ""type"": ""quantitative""}}}"
622,2235@x_name@DESC,"Could you create a chart that shows, for each product’s manufacturer, the distribution of founders and the total revenue?",,,,,,,,1,1,1,0,,,,,Bar,Hard,products,"{""$schema"": ""https://vega.github.io/schema/vega-lite/v6.json"", ""description"": ""Vega-Lite chart for key 2235@x_name@DESC"", ""data"": {""values"": [{""Founder"": ""Robert"", ""SUM_Revenue_"": 60}, {""Founder"": ""Owen"", ""SUM_Revenue_"": 300}, {""Founder"": ""Mary"", ""SUM_Revenue_"": 200}, {""Founder"": ""John"", ""SUM_Revenue_"": 130}, {""Founder"": ""James"", ""SUM_Revenue_"": 150}, {""Founder"": ""Andy"", ""SUM_Revenue_"": 120}]}, ""mark"": ""bar"", ""encoding"": {""x"": {""field"": ""Founder"", ""type"": ""nominal""}, ""y"": {""field"": ""SUM_Revenue_"", ""type"": ""quantitative""}}}"
623,2236@y_name@ASC,Could you show the distribution of founders and the average revenue for each product’s manufacturer?,,,,,,,,1,1,1,0,,,,,Bar,Hard,products,"{""$schema"": ""https://vega.github.io/schema/vega-lite/v6.json"", ""description"": ""Vega-Lite chart for key 2236@y_name@ASC"", ""data"": {""values"": [{""Founder"": ""Robert"", ""AVG_Revenue_"": 30}, {""Founder"": ""James"", ""AVG_Revenue_"": 50}, {""Founder"": ""Owen"", ""AVG_Revenue_"": 100}, {""Founder"": ""Andy"", ""AVG_Revenue_"": 120}, {""Founder"": ""John"", ""AVG_Revenue_"": 130}, {""Founder"": ""Mary"", ""AVG_Revenue_"": 200}]}, ""mark"": ""bar"", ""encoding"": {""x"": {""field"": ""Founder"", ""type"": ""nominal""}, ""y"": {""field"": ""AVG_Revenue_"", ""type"": ""quantitative""}}}"
624,2305@y_name@ASC,What are the average product prices for each manufacturer?,,,,,,,,1,1,1,1,,,,,Bar,Hard,products,"{""$schema"": ""https://vega.github.io/schema/vega-lite/v6.json"", ""description"": ""Vega-Lite chart for key 2305@y_name@ASC"", ""data"": {""values"": [{""Name"": ""Winchester"", ""avg_T1_Price_"": 62.5}, {""Name"": ""Creative Labs"", ""avg_T1_Price_"": 150}, {""Name"": ""Iomega"", ""avg_T1_Price_"": 150}, {""Name"": ""Hewlett-Packard"", ""avg_T1_Price_"": 162}, {""Name"": ""Fujitsu"", ""avg_T1_Price_"": 240}, {""Name"": ""Sony"", ""avg_T1_Price_"": 240}]}, ""mark"": ""bar"", ""encoding"": {""x"": {""field"": ""Name"", ""type"": ""nominal""}, ""y"": {""field"": ""avg_T1_Price_"", ""type"": ""quantitative""}}}"
627,2648@y_name@ASC,Could you show a chart of each class’s total count?,,,,,,,,1,1,1,1,,,,,Bar,Medium,race,"{""$schema"": ""https://vega.github.io/schema/vega-lite/v6.json"", ""description"": ""Vega-Lite chart for key 2648@y_name@ASC"", ""data"": {""values"": [{""Class"": ""GT"", ""count_"": 2}, {""Class"": ""DP/GT"", ""count_"": 5}]}, ""mark"": ""bar"", ""encoding"": {""x"": {""field"": ""Class"", ""type"": ""nominal""}, ""y"": {""field"": ""count_"", ""type"": ""quantitative""}}}"
628,2788@x_name@DESC,What’s the minimum number of hours students spend playing each position?,,,,,,,,1,1,1,1,,,,,Bar,Medium,tryout,"{""$schema"": ""https://vega.github.io/schema/vega-lite/v6.json"", ""description"": ""Vega-Lite chart for key 2788@x_name@DESC"", ""data"": {""values"": [{""pPos"": ""striker"", ""min_T2_HS_"": 1600}, {""pPos"": ""mid"", ""min_T2_HS_"": 300}, {""pPos"": ""goalie"", ""min_T2_HS_"": 1200}]}, ""mark"": ""bar"", ""encoding"": {""x"": {""field"": ""pPos"", ""type"": ""nominal""}, ""y"": {""field"": ""min_T2_HS_"", ""type"": ""quantitative""}}}"
631,298@y_name@DESC,Which days of the week have the most dates with a maximum temperature of 80°F or higher?,,,,,,,,1,1,1,1,,,,,Bar,Hard,weather,"{""$schema"": ""https://vega.github.io/schema/vega-lite/v6.json"", ""description"": ""Vega-Lite chart for key 298@y_name@DESC"", ""data"": {""values"": [{""date"": ""Mon"", ""COUNT_date_"": 25}, {""date"": ""Thur"", ""COUNT_date_"": 32}, {""date"": ""Wed"", ""COUNT_date_"": 28}, {""date"": ""Sun"", ""COUNT_date_"": 24}, {""date"": ""Sat"", ""COUNT_date_"": 25}, {""date"": ""Fri"", ""COUNT_date_"": 25}, {""date"": ""Tue"", ""COUNT_date_"": 20}]}, ""mark"": ""bar"", ""encoding"": {""x"": {""field"": ""date"", ""type"": ""nominal""}, ""y"": {""field"": ""COUNT_date_"", ""type"": ""quantitative""}}}"
632,303@x_name@DESC,Could you plot a chart of the July 2015 maximum temperatures for all regions?,,,,,,,,1,1,1,1,,,,,Line,Hard,weather,"{""$schema"": ""https://vega.github.io/schema/vega-lite/v6.json"", ""description"": ""Vega-Lite chart for key 303@x_name@DESC"", ""data"": {""values"": [{""date"": ""2015-07-01"", ""COUNT_date_"": 91}, {""date"": ""2015-07-02"", ""COUNT_date_"": 79}, {""date"": ""2015-07-03"", ""COUNT_date_"": 81}, {""date"": ""2015-07-04"", ""COUNT_date_"": 80}, {""date"": ""2015-07-05"", ""COUNT_date_"": 81}, {""date"": ""2015-07-06"", ""COUNT_date_"": 78}, {""date"": ""2015-07-07"", ""COUNT_date_"": 78}, {""date"": ""2015-07-08"", ""COUNT_date_"": 74}, {""date"": ""2015-07-09"", ""COUNT_date_"": 74}, {""date"": ""2015-07-10"", ""COUNT_date_"": 73}, {""date"": ""2015-07-11"", ""COUNT_date_"": 78}, {""date"": ""2015-07-12"", ""COUNT_date_"": 78}, {""date"": ""2015-07-13"", ""COUNT_date_"": 80}, {""date"": ""2015-07-14"", ""COUNT_date_"": 75}, {""date"": ""2015-07-15"", ""COUNT_date_"": 83}, {""date"": ""2015-07-16"", ""COUNT_date_"": 85}, {""date"": ""2015-07-17"", ""COUNT_date_"": 81}, {""date"": ""2015-07-18"", ""COUNT_date_"": 79}, {""date"": ""2015-07-19"", ""COUNT_date_"": 89}, {""date"": ""2015-07-20"", ""COUNT_date_"": 87}, {""date"": ""2015-07-21"", ""COUNT_date_"": 76}, {""date"": ""2015-07-22"", ""COUNT_date_"": 77}, {""date"": ""2015-07-23"", ""COUNT_date_"": 75}, {""date"": ""2015-07-24"", ""COUNT_date_"": 78}, {""date"": ""2015-07-25"", ""COUNT_date_"": 75}, {""date"": ""2015-07-26"", ""COUNT_date_"": 79}, {""date"": ""2015-07-27"", ""COUNT_date_"": 102}, {""date"": ""2015-07-28"", ""COUNT_date_"": 94}, {""date"": ""2015-07-29"", ""COUNT_date_"": 89}, {""date"": ""2015-07-30"", ""COUNT_date_"": 81}, {""date"": ""2015-07-31"", ""COUNT_date_"": 78}]}, ""mark"": ""line"", ""encoding"": {""x"": {""field"": ""date"", ""type"": ""nominal""}, ""y"": {""field"": ""COUNT_date_"", ""type"": ""quantitative""}}}"
633,317@y_name@DESC,"Could you show a chart that groups stations by their installation year ,how many stations were installed each year?",,,,,,,,1,1,1,1,,,,,Bar,Medium,station,"{""$schema"": ""https://vega.github.io/schema/vega-lite/v6.json"", ""description"": ""Vega-Lite chart for key 317@y_name@DESC"", ""data"": {""values"": [{""installation_date"": ""2013"", ""COUNT_installation_date_"": 67}, {""installation_date"": ""2014"", ""COUNT_installation_date_"": 3}]}, ""mark"": ""bar"", ""encoding"": {""x"": {""field"": ""installation_date"", ""type"": ""nominal""}, ""y"": {""field"": ""COUNT_installation_date_"", ""type"": ""quantitative""}}}"
635,339@x_name@DESC,"Which cities have at least 15 stations, and how many stations does each have?",,,,,,,,1,1,1,1,,,,,Bar,Medium,station,"{""$schema"": ""https://vega.github.io/schema/vega-lite/v6.json"", ""description"": ""Vega-Lite chart for key 339@x_name@DESC"", ""data"": {""values"": [{""city"": ""San Jose"", ""COUNT_"": 16}, {""city"": ""San Francisco"", ""COUNT_"": 35}]}, ""mark"": ""bar"", ""encoding"": {""x"": {""field"": ""city"", ""type"": ""nominal""}, ""y"": {""field"": ""COUNT_"", ""type"": ""quantitative""}}}"
636,349@y_name@DESC,Which days in zip code 94107 were free of both fog and rain?,,,,,,,,1,1,1,1,,,,,Bar,Hard,weather,"{""$schema"": ""https://vega.github.io/schema/vega-lite/v6.json"", ""description"": ""Vega-Lite chart for key 349@y_name@DESC"", ""data"": {""values"": [{""date"": ""2014"", ""COUNT_date_"": 275}, {""date"": ""2015"", ""COUNT_date_"": 206}, {""date"": ""2013"", ""COUNT_date_"": 106}]}, ""mark"": ""bar"", ""encoding"": {""x"": {""field"": ""date"", ""type"": ""nominal""}, ""y"": {""field"": ""COUNT_date_"", ""type"": ""quantitative""}}}"
637,2585@x_name@ASC,What’s the count of each position?,,,,,,,,1,1,1,1,,,,,Bar,Medium,pilot,"{""$schema"": ""https://vega.github.io/schema/vega-lite/v6.json"", ""description"": ""Vega-Lite chart for key 2585@x_name@ASC"", ""data"": {""values"": [{""Position"": ""Center Team"", ""COUNT_Position_"": 3}, {""Position"": ""Forward Team"", ""COUNT_Position_"": 1}, {""Position"": ""Forward-Center Team"", ""COUNT_Position_"": 1}]}, ""mark"": ""bar"", ""encoding"": {""x"": {""field"": ""Position"", ""type"": ""nominal""}, ""y"": {""field"": ""COUNT_Position_"", ""type"": ""quantitative""}}}"
638,2587@y_name@ASC,What’s the total count for each nationality?,,,,,,,,1,1,1,1,,,,,Bar,Medium,pilot,"{""$schema"": ""https://vega.github.io/schema/vega-lite/v6.json"", ""description"": ""Vega-Lite chart for key 2587@y_name@ASC"", ""data"": {""values"": [{""Nationality"": ""Nigeria"", ""COUNT_"": 1}, {""Nationality"": ""United Kindom"", ""COUNT_"": 1}, {""Nationality"": ""United States"", ""COUNT_"": 3}]}, ""mark"": ""bar"", ""encoding"": {""x"": {""field"": ""Nationality"", ""type"": ""nominal""}, ""y"": {""field"": ""COUNT_"", ""type"": ""quantitative""}}}"
639,927@y_name@ASC,"What’s the number of accounts opened each day, broken down by weekday and other account details?",,,,,,,,1,1,1,1,,,,,Stacked Bar,Extra Hard,customers_and_invoices,"{""$schema"": ""https://vega.github.io/schema/vega-lite/v6.json"", ""description"": ""Vega-Lite chart for key 927@y_name@ASC"", ""data"": {""values"": [{""classify"": ""Regular"", ""date_account_opened"": ""Thur"", ""COUNT_date_account_opened_"": 0}, {""classify"": ""Regular"", ""date_account_opened"": ""Wed"", ""COUNT_date_account_opened_"": 1}, {""classify"": ""Regular"", ""date_account_opened"": ""Sat"", ""COUNT_date_account_opened_"": 2}, {""classify"": ""Regular"", ""date_account_opened"": ""Sun"", ""COUNT_date_account_opened_"": 0}, {""classify"": ""Regular"", ""date_account_opened"": ""Tue"", ""COUNT_date_account_opened_"": 0}, {""classify"": ""Regular"", ""date_account_opened"": ""Fri"", ""COUNT_date_account_opened_"": 3}, {""classify"": ""Regular"", ""date_account_opened"": ""Mon"", ""COUNT_date_account_opened_"": 2}, {""classify"": ""VIP"", ""date_account_opened"": ""Thur"", ""COUNT_date_account_opened_"": 0}, {""classify"": ""VIP"", ""date_account_opened"": ""Wed"", ""COUNT_date_account_opened_"": 0}, {""classify"": ""VIP"", ""date_account_opened"": ""Sat"", ""COUNT_date_account_opened_"": 0}, {""classify"": ""VIP"", ""date_account_opened"": ""Sun"", ""COUNT_date_account_opened_"": 2}, {""classify"": ""VIP"", ""date_account_opened"": ""Tue"", ""COUNT_date_account_opened_"": 2}, {""classify"": ""VIP"", ""date_account_opened"": ""Fri"", ""COUNT_date_account_opened_"": 0}, {""classify"": ""VIP"", ""date_account_opened"": ""Mon"", ""COUNT_date_account_opened_"": 3}]}, ""mark"": ""bar"", ""encoding"": {""x"": {""field"": ""date_account_opened"", ""type"": ""nominal""}, ""y"": {""field"": ""COUNT_date_account_opened_"", ""type"": ""quantitative""}, ""color"": {""field"": ""classify"", ""type"": ""nominal""}}}"
641,942@x_name@DESC,What’s the number of accounts opened each year?,,,,,,,,0,1,0,0,,,,,Grouping Line,Extra Hard,customers_and_invoices,"{""$schema"": ""https://vega.github.io/schema/vega-lite/v6.json"", ""description"": ""Vega-Lite chart for key 942@x_name@DESC"", ""data"": {""values"": [{""classify"": ""Regular"", ""date_account_opened"": ""2008"", ""COUNT_date_account_opened_"": 0}, {""classify"": ""Regular"", ""date_account_opened"": ""2009"", ""COUNT_date_account_opened_"": 1}, {""classify"": ""Regular"", ""date_account_opened"": ""2010"", ""COUNT_date_account_opened_"": 2}, {""classify"": ""Regular"", ""date_account_opened"": ""2011"", ""COUNT_date_account_opened_"": 0}, {""classify"": ""Regular"", ""date_account_opened"": ""2012"", ""COUNT_date_account_opened_"": 1}, {""classify"": ""Regular"", ""date_account_opened"": ""2013"", ""COUNT_date_account_opened_"": 0}, {""classify"": ""Regular"", ""date_account_opened"": ""2014"", ""COUNT_date_account_opened_"": 2}, {""classify"": ""Regular"", ""date_account_opened"": ""2015"", ""COUNT_date_account_opened_"": 1}, {""classify"": ""Regular"", ""date_account_opened"": ""2016"", ""COUNT_date_account_opened_"": 1}, {""classify"": ""Regular"", ""date_account_opened"": ""2017"", ""COUNT_date_account_opened_"": 0}, {""classify"": ""VIP"", ""date_account_opened"": ""2008"", ""COUNT_date_account_opened_"": 1}, {""classify"": ""VIP"", ""date_account_opened"": ""2009"", ""COUNT_date_account_opened_"": 0}, {""classify"": ""VIP"", ""date_account_opened"": ""2010"", ""COUNT_date_account_opened_"": 0}, {""classify"": ""VIP"", ""date_account_opened"": ""2011"", ""COUNT_date_account_opened_"": 1}, {""classify"": ""VIP"", ""date_account_opened"": ""2012"", ""COUNT_date_account_opened_"": 1}, {""classify"": ""VIP"", ""date_account_opened"": ""2013"", ""COUNT_date_account_opened_"": 0}, {""classify"": ""VIP"", ""date_account_opened"": ""2014"", ""COUNT_date_account_opened_"": 1}, {""classify"": ""VIP"", ""date_account_opened"": ""2015"", ""COUNT_date_account_opened_"": 1}, {""classify"": ""VIP"", ""date_account_opened"": ""2016"", ""COUNT_date_account_opened_"": 1}, {""classify"": ""VIP"", ""date_account_opened"": ""2017"", ""COUNT_date_account_opened_"": 1}]}, ""mark"": ""line"", ""encoding"": {""x"": {""field"": ""date_account_opened"", ""type"": ""nominal""}, ""y"": {""field"": ""COUNT_date_account_opened_"", ""type"": ""quantitative""}, ""color"": {""field"": ""classify"", ""type"": ""nominal""}}}"
642,988@x_name@DESC,Could you show a chart of the account count per customer?,,,,,,,,1,1,1,1,,,,,Bar,Hard,Accounts,"{""$schema"": ""https://vega.github.io/schema/vega-lite/v6.json"", ""description"": ""Vega-Lite chart for key 988@x_name@DESC"", ""data"": {""values"": [{""customer_first_name"": ""Vesta"", ""count_"": 1}, {""customer_first_name"": ""Ruby"", ""count_"": 3}, {""customer_first_name"": ""Meaghan"", ""count_"": 4}, {""customer_first_name"": ""Kieran"", ""count_"": 4}, {""customer_first_name"": ""Joesph"", ""count_"": 1}, {""customer_first_name"": ""Jensen"", ""count_"": 1}, {""customer_first_name"": ""Abbey"", ""count_"": 1}]}, ""mark"": ""bar"", ""encoding"": {""x"": {""field"": ""customer_first_name"", ""type"": ""nominal""}, ""y"": {""field"": ""count_"", ""type"": ""quantitative""}}}"
643,1099@x_name@ASC,Could you plot a chart of each name’s budget in billions?,,,,,,,,1,1,1,1,,,,,Bar,Easy,department,"{""$schema"": ""https://vega.github.io/schema/vega-lite/v6.json"", ""description"": ""Vega-Lite chart for key 1099@x_name@ASC"", ""data"": {""values"": [{""Name"": ""Agriculture"", ""Budget_in_Billions"": 77.6}, {""Name"": ""Commerce"", ""Budget_in_Billions"": 6.2}, {""Name"": ""Defense"", ""Budget_in_Billions"": 439.3}, {""Name"": ""Education"", ""Budget_in_Billions"": 62.8}, {""Name"": ""Energy"", ""Budget_in_Billions"": 21.5}, {""Name"": ""Health and Human Services"", ""Budget_in_Billions"": 543.2}, {""Name"": ""Homeland Security"", ""Budget_in_Billions"": 44.6}, {""Name"": ""Housing and Urban Development"", ""Budget_in_Billions"": 46.2}, {""Name"": ""Interior"", ""Budget_in_Billions"": 10.7}, {""Name"": ""Justice"", ""Budget_in_Billions"": 23.4}, {""Name"": ""Labor"", ""Budget_in_Billions"": 59.7}, {""Name"": ""State"", ""Budget_in_Billions"": 9.96}, {""Name"": ""Transportation"", ""Budget_in_Billions"": 58}, {""Name"": ""Treasury"", ""Budget_in_Billions"": 11.1}, {""Name"": ""Veterans Affairs"", ""Budget_in_Billions"": 73.2}]}, ""mark"": ""bar"", ""encoding"": {""x"": {""field"": ""Name"", ""type"": ""nominal""}, ""y"": {""field"": ""Budget_in_Billions"", ""type"": ""quantitative""}}}"
644,1100@x_name@ASC,What’s the trend of total budget (in billions) over time?,,,,,,,,1,1,1,1,,,,,Line,Medium,department,"{""$schema"": ""https://vega.github.io/schema/vega-lite/v6.json"", ""description"": ""Vega-Lite chart for key 1100@x_name@ASC"", ""data"": {""values"": [{""Creation"": ""1789"", ""SUM_Budget_in_Billions_"": 21.060000000000002}, {""Creation"": ""1849"", ""SUM_Budget_in_Billions_"": 10.7}, {""Creation"": ""1870"", ""SUM_Budget_in_Billions_"": 23.4}, {""Creation"": ""1889"", ""SUM_Budget_in_Billions_"": 77.6}, {""Creation"": ""1903"", ""SUM_Budget_in_Billions_"": 6.2}, {""Creation"": ""1913"", ""SUM_Budget_in_Billions_"": 59.7}, {""Creation"": ""1947"", ""SUM_Budget_in_Billions_"": 439.3}, {""Creation"": ""1953"", ""SUM_Budget_in_Billions_"": 543.2}, {""Creation"": ""1965"", ""SUM_Budget_in_Billions_"": 46.2}, {""Creation"": ""1966"", ""SUM_Budget_in_Billions_"": 58.0}, {""Creation"": ""1977"", ""SUM_Budget_in_Billions_"": 21.5}, {""Creation"": ""1979"", ""SUM_Budget_in_Billions_"": 62.8}, {""Creation"": ""1989"", ""SUM_Budget_in_Billions_"": 73.2}, {""Creation"": ""2002"", ""SUM_Budget_in_Billions_"": 44.6}]}, ""mark"": ""line"", ""encoding"": {""x"": {""field"": ""Creation"", ""type"": ""nominal""}, ""y"": {""field"": ""SUM_Budget_in_Billions_"", ""type"": ""quantitative""}}}"
647,1112@x_name@DESC,What’s the average age of department heads by birth state?,,,,,,,,1,1,1,1,,,,,Bar,Medium,head,"{""$schema"": ""https://vega.github.io/schema/vega-lite/v6.json"", ""description"": ""Vega-Lite chart for key 1112@x_name@DESC"", ""data"": {""values"": [{""born_state"": ""Florida"", ""AVG_age_"": 50}, {""born_state"": ""Delaware"", ""AVG_age_"": 53}, {""born_state"": ""Connecticut"", ""AVG_age_"": 55}, {""born_state"": ""California"", ""AVG_age_"": 61.25}, {""born_state"": ""Alabama"", ""AVG_age_"": 68}]}, ""mark"": ""bar"", ""encoding"": {""x"": {""field"": ""born_state"", ""type"": ""nominal""}, ""y"": {""field"": ""AVG_age_"", ""type"": ""quantitative""}}}"
648,2475@y_name@DESC,What’s the average age of journalists for each role type?,,,,,,,,1,1,1,1,,,,,Bar,Hard,journalist,"{""$schema"": ""https://vega.github.io/schema/vega-lite/v6.json"", ""description"": ""Vega-Lite chart for key 2475@y_name@DESC"", ""data"": {""values"": [{""Work_Type"": ""Host"", ""avg_t1_age_"": 43}, {""Work_Type"": ""Music"", ""avg_t1_age_"": 35.5}, {""Work_Type"": ""Screening"", ""avg_t1_age_"": 30.33333333333333}]}, ""mark"": ""bar"", ""encoding"": {""x"": {""field"": ""Work_Type"", ""type"": ""nominal""}, ""y"": {""field"": ""avg_t1_age_"", ""type"": ""quantitative""}}}"
649,2486@x_name@DESC,What’s the count of people for each nationality?,,,,,,,,1,1,1,1,,,,,Bar,Medium,journalist,"{""$schema"": ""https://vega.github.io/schema/vega-lite/v6.json"", ""description"": ""Vega-Lite chart for key 2486@x_name@DESC"", ""data"": {""values"": [{""Nationality"": ""Wales"", ""COUNT_Nationality_"": 1}, {""Nationality"": ""Northern Ireland"", ""COUNT_Nationality_"": 1}, {""Nationality"": ""England"", ""COUNT_Nationality_"": 9}]}, ""mark"": ""bar"", ""encoding"": {""x"": {""field"": ""Nationality"", ""type"": ""nominal""}, ""y"": {""field"": ""COUNT_Nationality_"", ""type"": ""quantitative""}}}"
650,2488@y_name@DESC,What are the average ages of journalists by nationality?,,,,,,,,1,1,1,1,,,,,Bar,Medium,journalist,"{""$schema"": ""https://vega.github.io/schema/vega-lite/v6.json"", ""description"": ""Vega-Lite chart for key 2488@y_name@DESC"", ""data"": {""values"": [{""Nationality"": ""England"", ""AVG_Age_"": 34.22222222222222}, {""Nationality"": ""Northern Ireland"", ""AVG_Age_"": 29}, {""Nationality"": ""Wales"", ""AVG_Age_"": 27}]}, ""mark"": ""bar"", ""encoding"": {""x"": {""field"": ""Nationality"", ""type"": ""nominal""}, ""y"": {""field"": ""AVG_Age_"", ""type"": ""quantitative""}}}"
651,2493@y_name@DESC,Which journalists reported how many events?,,,,,,,,1,1,1,1,,,,,Bar,Hard,news_report,"{""$schema"": ""https://vega.github.io/schema/vega-lite/v6.json"", ""description"": ""Vega-Lite chart for key 2493@y_name@DESC"", ""data"": {""values"": [{""Name"": ""Jackie Waring"", ""COUNT_"": 2}, {""Name"": ""Tony Waddington"", ""COUNT_"": 1}, {""Name"": ""Tom Briggs"", ""COUNT_"": 1}, {""Name"": ""Ray Ferris"", ""COUNT_"": 1}, {""Name"": ""John Meaney"", ""COUNT_"": 1}, {""Name"": ""Herbert Swindells"", ""COUNT_"": 1}]}, ""mark"": ""bar"", ""encoding"": {""x"": {""field"": ""Name"", ""type"": ""nominal""}, ""y"": {""field"": ""COUNT_"", ""type"": ""quantitative""}}}"
652,3058@y_name@ASC,What are the languages and how many TV channels use each?,,,,,,,,1,1,1,1,,,,,Bar,Medium,TV_Channel,"{""$schema"": ""https://vega.github.io/schema/vega-lite/v6.json"", ""description"": ""Vega-Lite chart for key 3058@y_name@ASC"", ""data"": {""values"": [{""Language"": ""English"", ""count_"": 3}, {""Language"": ""Italian"", ""count_"": 12}]}, ""mark"": ""bar"", ""encoding"": {""x"": {""field"": ""Language"", ""type"": ""nominal""}, ""y"": {""field"": ""count_"", ""type"": ""quantitative""}}}"
653,2421@y_name@DESC,What’s the number of songs released for each format?,,,,,,,,1,1,1,1,,,,,Bar,Medium,files,"{""$schema"": ""https://vega.github.io/schema/vega-lite/v6.json"", ""description"": ""Vega-Lite chart for key 2421@y_name@DESC"", ""data"": {""values"": [{""formats"": ""mp4"", ""count_"": 4}, {""formats"": ""mp3"", ""count_"": 2}]}, ""mark"": ""bar"", ""encoding"": {""x"": {""field"": ""formats"", ""type"": ""nominal""}, ""y"": {""field"": ""count_"", ""type"": ""quantitative""}}}"
654,2423@y_name@DESC,What's the average rating of songs for each language?,,,,,,,,1,1,1,1,,,,,Bar,Medium,song,"{""$schema"": ""https://vega.github.io/schema/vega-lite/v6.json"", ""description"": ""Vega-Lite chart for key 2423@y_name@DESC"", ""data"": {""values"": [{""languages"": ""bangla"", ""avg_rating_"": 7.5}, {""languages"": ""english"", ""avg_rating_"": 7}]}, ""mark"": ""bar"", ""encoding"": {""x"": {""field"": ""languages"", ""type"": ""nominal""}, ""y"": {""field"": ""avg_rating_"", ""type"": ""quantitative""}}}"
655,2430@y_name@ASC,"Which countries do the female artists who sing in Bangla come from, and how many are there from each country?",,,,,,,,1,1,1,1,,,,,Bar,Extra Hard,artist,"{""$schema"": ""https://vega.github.io/schema/vega-lite/v6.json"", ""description"": ""Vega-Lite chart for key 2430@y_name@ASC"", ""data"": {""values"": [{""country"": ""India"", ""COUNT_country_"": 1}, {""country"": ""Bangladesh"", ""COUNT_country_"": 2}]}, ""mark"": ""bar"", ""encoding"": {""x"": {""field"": ""country"", ""type"": ""nominal""}, ""y"": {""field"": ""COUNT_country_"", ""type"": ""quantitative""}}}"
656,2859@y_name@ASC,How many stores are there in each city?,,,,,,,,1,1,1,1,,,,,Bar,Hard,store,"{""$schema"": ""https://vega.github.io/schema/vega-lite/v6.json"", ""description"": ""Vega-Lite chart for key 2859@y_name@ASC"", ""data"": {""values"": [{""Headquartered_City"": ""Bahawalpur City"", ""count_"": 1}, {""Headquartered_City"": ""Bhakkar City"", ""count_"": 1}, {""Headquartered_City"": ""Hafizabad City"", ""count_"": 1}, {""Headquartered_City"": ""Khanewal City"", ""count_"": 2}]}, ""mark"": ""bar"", ""encoding"": {""x"": {""field"": ""Headquartered_City"", ""type"": ""nominal""}, ""y"": {""field"": ""count_"", ""type"": ""quantitative""}}}"
657,2860@x_name@DESC,"Which districts have populations between 200,000 and 2 million, and what are their names and city populations?",,,,,,,,1,1,1,1,,,,,Bar,Medium,district,"{""$schema"": ""https://vega.github.io/schema/vega-lite/v6.json"", ""description"": ""Vega-Lite chart for key 2860@x_name@DESC"", ""data"": {""values"": [{""District_name"": ""Kasur District"", ""City_Population"": 314617}, {""District_name"": ""Jhang District"", ""City_Population"": 365198}, {""District_name"": ""Gujrat District"", ""City_Population"": 328512}, {""District_name"": ""Gujranwala District"", ""City_Population"": 1526168}, {""District_name"": ""Dera Ghazi Khan District"", ""City_Population"": 464742}, {""District_name"": ""Chiniot District"", ""City_Population"": 219254}, {""District_name"": ""Bahawalpur District"", ""City_Population"": 530438}]}, ""mark"": ""bar"", ""encoding"": {""x"": {""field"": ""District_name"", ""type"": ""nominal""}, ""y"": {""field"": ""City_Population"", ""type"": ""quantitative""}}}"
659,2497@y_name@DESC,"Which parties have “Spring” or “Technology” as their theme, and what was the most recent year for each?.",,,,,,,,1,1,1,1,,,,,Bar,Hard,party,"{""$schema"": ""https://vega.github.io/schema/vega-lite/v6.json"", ""description"": ""Vega-Lite chart for key 2497@y_name@DESC"", ""data"": {""values"": [{""Last_year"": ""2004"", ""COUNT_Last_year_"": 1}, {""Last_year"": ""2001"", ""COUNT_Last_year_"": 1}, {""Last_year"": ""2003"", ""COUNT_Last_year_"": 0}, {""Last_year"": ""2002"", ""COUNT_Last_year_"": 0}]}, ""mark"": ""bar"", ""encoding"": {""x"": {""field"": ""Last_year"", ""type"": ""nominal""}, ""y"": {""field"": ""COUNT_Last_year_"", ""type"": ""quantitative""}}}"
660,2507@y_name@ASC,Could you give me a chart that groups and counts items by location?,,,,,,,,1,1,1,1,,,,,Bar,Medium,party,"{""$schema"": ""https://vega.github.io/schema/vega-lite/v6.json"", ""description"": ""Vega-Lite chart for key 2507@y_name@ASC"", ""data"": {""values"": [{""Location"": ""Hemkade 48 Zaandam, Heineken Music Hall Amsterdam"", ""COUNT_Location_"": 1}, {""Location"": ""RAI Amsterdam"", ""COUNT_Location_"": 1}, {""Location"": ""Heineken Music Hall Amsterdam"", ""COUNT_Location_"": 2}, {""Location"": ""Hemkade 48 Zaandam"", ""COUNT_Location_"": 2}, {""Location"": ""Various locations"", ""COUNT_Location_"": 2}]}, ""mark"": ""bar"", ""encoding"": {""x"": {""field"": ""Location"", ""type"": ""nominal""}, ""y"": {""field"": ""COUNT_Location_"", ""type"": ""quantitative""}}}"
661,2735@x_name@DESC,"How many ship flags belong to ships whose captain isn’t a Midshipman,?",,,,,,,,1,1,1,1,,,,,Bar,Hard,ship,"{""$schema"": ""https://vega.github.io/schema/vega-lite/v6.json"", ""description"": ""Vega-Lite chart for key 2735@x_name@DESC"", ""data"": {""values"": [{""Flag"": ""Panama"", ""COUNT_Flag_"": 4}, {""Flag"": ""Malta"", ""COUNT_Flag_"": 1}]}, ""mark"": ""bar"", ""encoding"": {""x"": {""field"": ""Flag"", ""type"": ""nominal""}, ""y"": {""field"": ""COUNT_Flag_"", ""type"": ""quantitative""}}}"
663,2739@x_name@ASC,What are the different ship flags and how many ships fly each one?,,,,,,,,1,1,1,1,,,,,Bar,Medium,ship,"{""$schema"": ""https://vega.github.io/schema/vega-lite/v6.json"", ""description"": ""Vega-Lite chart for key 2739@x_name@ASC"", ""data"": {""values"": [{""Flag"": ""Malta"", ""count_"": 1}, {""Flag"": ""Panama"", ""count_"": 8}]}, ""mark"": ""bar"", ""encoding"": {""x"": {""field"": ""Flag"", ""type"": ""nominal""}, ""y"": {""field"": ""count_"", ""type"": ""quantitative""}}}"
664,2740@y_name@DESC,Could you plot a chart of the average captain age for each class?,,,,,,,,1,1,1,1,,,,,Bar,Medium,captain,"{""$schema"": ""https://vega.github.io/schema/vega-lite/v6.json"", ""description"": ""Vega-Lite chart for key 2740@y_name@DESC"", ""data"": {""values"": [{""Class"": ""Third-rate ship of the line"", ""avg_age_"": 51.33333333333334}, {""Class"": ""Armed schooner"", ""avg_age_"": 45}, {""Class"": ""Cutter"", ""avg_age_"": 43}, {""Class"": ""Sloop-of-war"", ""avg_age_"": 38}, {""Class"": ""Frigate"", ""avg_age_"": 38}]}, ""mark"": ""bar"", ""encoding"": {""x"": {""field"": ""Class"", ""type"": ""nominal""}, ""y"": {""field"": ""avg_age_"", ""type"": ""quantitative""}}}"
665,2747@x_name@DESC,How many captains are there for each rank?,,,,,,,,1,1,1,1,,,,,Bar,Medium,captain,"{""$schema"": ""https://vega.github.io/schema/vega-lite/v6.json"", ""description"": ""Vega-Lite chart for key 2747@x_name@DESC"", ""data"": {""values"": [{""Rank"": ""Midshipman"", ""count_"": 4}, {""Rank"": ""Lieutenant"", ""count_"": 2}, {""Rank"": ""Commander, junior captain"", ""count_"": 1}]}, ""mark"": ""bar"", ""encoding"": {""x"": {""field"": ""Rank"", ""type"": ""nominal""}, ""y"": {""field"": ""count_"", ""type"": ""quantitative""}}}"
666,2751@x_name@ASC,How many captains are there in each rank?,,,,,,,,1,1,1,1,,,,,Bar,Medium,captain,"{""$schema"": ""https://vega.github.io/schema/vega-lite/v6.json"", ""description"": ""Vega-Lite chart for key 2751@x_name@ASC"", ""data"": {""values"": [{""Rank"": ""Commander, junior captain"", ""COUNT_Rank_"": 1}, {""Rank"": ""Lieutenant"", ""COUNT_Rank_"": 2}, {""Rank"": ""Midshipman"", ""COUNT_Rank_"": 4}]}, ""mark"": ""bar"", ""encoding"": {""x"": {""field"": ""Rank"", ""type"": ""nominal""}, ""y"": {""field"": ""COUNT_Rank_"", ""type"": ""quantitative""}}}"
667,2753@y_name@DESC,How many captains are there in each class?,,,,,,,,1,1,1,1,,,,,Bar,Medium,captain,"{""$schema"": ""https://vega.github.io/schema/vega-lite/v6.json"", ""description"": ""Vega-Lite chart for key 2753@y_name@DESC"", ""data"": {""values"": [{""Class"": ""Third-rate ship of the line"", ""COUNT_Class_"": 3}, {""Class"": ""Sloop-of-war"", ""COUNT_Class_"": 1}, {""Class"": ""Frigate"", ""COUNT_Class_"": 1}, {""Class"": ""Cutter"", ""COUNT_Class_"": 1}, {""Class"": ""Armed schooner"", ""COUNT_Class_"": 1}]}, ""mark"": ""bar"", ""encoding"": {""x"": {""field"": ""Class"", ""type"": ""nominal""}, ""y"": {""field"": ""COUNT_Class_"", ""type"": ""quantitative""}}}"
668,2803@y_name@ASC,Could you list each product with its event count?,,,,,,,,1,1,1,1,,,,,Bar,Hard,Products,"{""$schema"": ""https://vega.github.io/schema/vega-lite/v6.json"", ""description"": ""Vega-Lite chart for key 2803@y_name@ASC"", ""data"": {""values"": [{""Product_Name"": ""Conference Equipments"", ""COUNT_"": 1}, {""Product_Name"": ""Dinning"", ""COUNT_"": 1}, {""Product_Name"": ""Trading Policy"", ""COUNT_"": 1}, {""Product_Name"": ""Trading Policy B"", ""COUNT_"": 1}, {""Product_Name"": ""Men suits"", ""COUNT_"": 2}, {""Product_Name"": ""Special Dinning"", ""COUNT_"": 4}, {""Product_Name"": ""TV Equipments"", ""COUNT_"": 5}]}, ""mark"": ""bar"", ""encoding"": {""x"": {""field"": ""Product_Name"", ""type"": ""nominal""}, ""y"": {""field"": ""COUNT_"", ""type"": ""quantitative""}}}"
669,2805@y_name@ASC,What’s the count of products that aren’t in any event?,,,,,,,,1,1,1,1,,,,,Bar,Hard,Products,"{""$schema"": ""https://vega.github.io/schema/vega-lite/v6.json"", ""description"": ""Vega-Lite chart for key 2805@y_name@ASC"", ""data"": {""values"": [{""Product_Name"": ""Business Policy"", ""COUNT_Product_Name_"": 1}, {""Product_Name"": ""Business Policy B"", ""COUNT_Product_Name_"": 1}, {""Product_Name"": ""Men suits"", ""COUNT_Product_Name_"": 1}, {""Product_Name"": ""Dinning"", ""COUNT_Product_Name_"": 2}]}, ""mark"": ""bar"", ""encoding"": {""x"": {""field"": ""Product_Name"", ""type"": ""nominal""}, ""y"": {""field"": ""COUNT_Product_Name_"", ""type"": ""quantitative""}}}"
670,2811@x_name@ASC,Could you show a chart of how many distinct product names there are?,,,,,,,,1,1,1,0,,,,,Bar,Medium,Products,"{""$schema"": ""https://vega.github.io/schema/vega-lite/v6.json"", ""description"": ""Vega-Lite chart for key 2811@x_name@ASC"", ""data"": {""values"": [{""Product_Name"": ""Business Policy"", ""COUNT_Product_Name_"": 1}, {""Product_Name"": ""Business Policy B"", ""COUNT_Product_Name_"": 1}, {""Product_Name"": ""Conference Equipments"", ""COUNT_Product_Name_"": 1}, {""Product_Name"": ""Dinning"", ""COUNT_Product_Name_"": 3}, {""Product_Name"": ""Men suits"", ""COUNT_Product_Name_"": 2}, {""Product_Name"": ""Special Dinning"", ""COUNT_Product_Name_"": 2}, {""Product_Name"": ""TV Equipments"", ""COUNT_Product_Name_"": 3}, {""Product_Name"": ""Trading Policy"", ""COUNT_Product_Name_"": 1}, {""Product_Name"": ""Trading Policy B"", ""COUNT_Product_Name_"": 1}]}, ""mark"": ""bar"", ""encoding"": {""x"": {""field"": ""Product_Name"", ""type"": ""nominal""}, ""y"": {""field"": ""COUNT_Product_Name_"", ""type"": ""quantitative""}}}"
671,2621@y_name@DESC,"What are the category descriptions for products whose product text includes the letter “t,” and how many items fall into each category?",,,,,,,,1,1,1,1,,,,,Bar,Extra Hard,ref_product_categories,"{""$schema"": ""https://vega.github.io/schema/vega-lite/v6.json"", ""description"": ""Vega-Lite chart for key 2621@y_name@DESC"", ""data"": {""values"": [{""product_category_description"": ""Seeds"", ""COUNT_product_category_description_"": 3}, {""product_category_description"": ""Herbs"", ""COUNT_product_category_description_"": 2}, {""product_category_description"": ""Spices"", ""COUNT_product_category_description_"": 1}]}, ""mark"": ""bar"", ""encoding"": {""x"": {""field"": ""product_category_description"", ""type"": ""nominal""}, ""y"": {""field"": ""COUNT_product_category_description_"", ""type"": ""quantitative""}}}"
672,1163@y_name@ASC,What’s the number of treatments each month?,,,,,,,,1,1,1,1,,,,,Bar,Hard,Treatments,"{""$schema"": ""https://vega.github.io/schema/vega-lite/v6.json"", ""description"": ""Vega-Lite chart for key 1163@y_name@ASC"", ""data"": {""values"": [{""date_of_treatment"": ""Feb"", ""COUNT_date_of_treatment_"": 2}, {""date_of_treatment"": ""Mar"", ""COUNT_date_of_treatment_"": 13}]}, ""mark"": ""bar"", ""encoding"": {""x"": {""field"": ""date_of_treatment"", ""type"": ""nominal""}, ""y"": {""field"": ""COUNT_date_of_treatment_"", ""type"": ""quantitative""}}}"
673,1164@y_name@ASC,What’s the number of treatments for each weekday?,,,,,,,,1,1,1,1,,,,,Bar,Hard,Treatments,"{""$schema"": ""https://vega.github.io/schema/vega-lite/v6.json"", ""description"": ""Vega-Lite chart for key 1164@y_name@ASC"", ""data"": {""values"": [{""date_of_treatment"": ""Tue"", ""COUNT_date_of_treatment_"": 1}, {""date_of_treatment"": ""Fri"", ""COUNT_date_of_treatment_"": 2}, {""date_of_treatment"": ""Mon"", ""COUNT_date_of_treatment_"": 2}, {""date_of_treatment"": ""Sat"", ""COUNT_date_of_treatment_"": 2}, {""date_of_treatment"": ""Sun"", ""COUNT_date_of_treatment_"": 2}, {""date_of_treatment"": ""Wed"", ""COUNT_date_of_treatment_"": 2}, {""date_of_treatment"": ""Thur"", ""COUNT_date_of_treatment_"": 4}]}, ""mark"": ""bar"", ""encoding"": {""x"": {""field"": ""date_of_treatment"", ""type"": ""nominal""}, ""y"": {""field"": ""COUNT_date_of_treatment_"", ""type"": ""quantitative""}}}"
675,1166@y_name@ASC,Which professionals have performed how many treatments?,,,,,,,,1,1,1,1,,,,,Bar,Hard,Treatments,"{""$schema"": ""https://vega.github.io/schema/vega-lite/v6.json"", ""description"": ""Vega-Lite chart for key 1166@y_name@ASC"", ""data"": {""values"": [{""first_name"": ""Danny"", ""COUNT_first_name_"": 1}, {""first_name"": ""Velva"", ""COUNT_first_name_"": 1}, {""first_name"": ""Domenica"", ""COUNT_first_name_"": 2}, {""first_name"": ""Karley"", ""COUNT_first_name_"": 2}, {""first_name"": ""Ruben"", ""COUNT_first_name_"": 2}, {""first_name"": ""Sigurd"", ""COUNT_first_name_"": 2}, {""first_name"": ""Vernice"", ""COUNT_first_name_"": 2}, {""first_name"": ""Monte"", ""COUNT_first_name_"": 3}]}, ""mark"": ""bar"", ""encoding"": {""x"": {""field"": ""first_name"", ""type"": ""nominal""}, ""y"": {""field"": ""COUNT_first_name_"", ""type"": ""quantitative""}}}"
676,1167@y_name@ASC,What are the ages of the abandoned dogs?,,,,,,,,1,1,1,1,,,,,Bar,Medium,Dogs,"{""$schema"": ""https://vega.github.io/schema/vega-lite/v6.json"", ""description"": ""Vega-Lite chart for key 1167@y_name@ASC"", ""data"": {""values"": [{""name"": ""Evangeline"", ""age"": 1}, {""name"": ""Lyric"", ""age"": 4}, {""name"": ""Kacey"", ""age"": 6}]}, ""mark"": ""bar"", ""encoding"": {""x"": {""field"": ""name"", ""type"": ""nominal""}, ""y"": {""field"": ""age"", ""type"": ""quantitative""}}}"
677,1169@y_name@DESC,What’s the weight of each abandoned dog?,,,,,,,,1,1,1,1,,,,,Bar,Medium,Dogs,"{""$schema"": ""https://vega.github.io/schema/vega-lite/v6.json"", ""description"": ""Vega-Lite chart for key 1169@y_name@DESC"", ""data"": {""values"": [{""name"": ""Kacey"", ""weight"": 7.57}, {""name"": ""Lyric"", ""weight"": 4.36}, {""name"": ""Evangeline"", ""weight"": 4.01}]}, ""mark"": ""bar"", ""encoding"": {""x"": {""field"": ""name"", ""type"": ""nominal""}, ""y"": {""field"": ""weight"", ""type"": ""quantitative""}}}"
678,1181@y_name@DESC,What’s the number of dogs that arrived each year?,,,,,,,,1,0,1,1,,,,,Bar,Medium,Dogs,"{""$schema"": ""https://vega.github.io/schema/vega-lite/v6.json"", ""description"": ""Vega-Lite chart for key 1181@y_name@DESC"", ""data"": {""values"": [{""date_arrived"": ""2017"", ""COUNT_date_arrived_"": 13}, {""date_arrived"": ""2018"", ""COUNT_date_arrived_"": 2}]}, ""mark"": ""bar"", ""encoding"": {""x"": {""field"": ""date_arrived"", ""type"": ""nominal""}, ""y"": {""field"": ""COUNT_date_arrived_"", ""type"": ""quantitative""}}}"
679,1184@y_name@ASC,How many dogs arrived each day?,,,,,,,,1,1,1,1,,,,,Bar,Medium,Dogs,"{""$schema"": ""https://vega.github.io/schema/vega-lite/v6.json"", ""description"": ""Vega-Lite chart for key 1184@y_name@ASC"", ""data"": {""values"": [{""date_arrived"": ""Mon"", ""COUNT_date_arrived_"": 1}, {""date_arrived"": ""Thur"", ""COUNT_date_arrived_"": 1}, {""date_arrived"": ""Sat"", ""COUNT_date_arrived_"": 2}, {""date_arrived"": ""Sun"", ""COUNT_date_arrived_"": 2}, {""date_arrived"": ""Wed"", ""COUNT_date_arrived_"": 2}, {""date_arrived"": ""Tue"", ""COUNT_date_arrived_"": 3}, {""date_arrived"": ""Fri"", ""COUNT_date_arrived_"": 4}]}, ""mark"": ""bar"", ""encoding"": {""x"": {""field"": ""date_arrived"", ""type"": ""nominal""}, ""y"": {""field"": ""COUNT_date_arrived_"", ""type"": ""quantitative""}}}"
680,1185@y_name@DESC,How many dogs departed each day?,,,,,,,,1,1,1,1,,,,,Bar,Medium,Dogs,"{""$schema"": ""https://vega.github.io/schema/vega-lite/v6.json"", ""description"": ""Vega-Lite chart for key 1185@y_name@DESC"", ""data"": {""values"": [{""date_departed"": ""Sun"", ""COUNT_date_departed_"": 12}, {""date_departed"": ""Sat"", ""COUNT_date_departed_"": 3}, {""date_departed"": ""Wed"", ""COUNT_date_departed_"": 0}, {""date_departed"": ""Tue"", ""COUNT_date_departed_"": 0}, {""date_departed"": ""Thur"", ""COUNT_date_departed_"": 0}, {""date_departed"": ""Mon"", ""COUNT_date_departed_"": 0}, {""date_departed"": ""Fri"", ""COUNT_date_departed_"": 0}]}, ""mark"": ""bar"", ""encoding"": {""x"": {""field"": ""date_departed"", ""type"": ""nominal""}, ""y"": {""field"": ""COUNT_date_departed_"", ""type"": ""quantitative""}}}"
681,1190@y_name@ASC,How many dogs received a treatment each day?,,,,,,,,1,1,1,1,,,,,Bar,Hard,Dogs,"{""$schema"": ""https://vega.github.io/schema/vega-lite/v6.json"", ""description"": ""Vega-Lite chart for key 1190@y_name@ASC"", ""data"": {""values"": [{""date_arrived"": ""Mon"", ""COUNT_date_arrived_"": 0}, {""date_arrived"": ""Wed"", ""COUNT_date_arrived_"": 0}, {""date_arrived"": ""Sat"", ""COUNT_date_arrived_"": 1}, {""date_arrived"": ""Sun"", ""COUNT_date_arrived_"": 1}, {""date_arrived"": ""Thur"", ""COUNT_date_arrived_"": 1}, {""date_arrived"": ""Tue"", ""COUNT_date_arrived_"": 2}, {""date_arrived"": ""Fri"", ""COUNT_date_arrived_"": 4}]}, ""mark"": ""bar"", ""encoding"": {""x"": {""field"": ""date_arrived"", ""type"": ""nominal""}, ""y"": {""field"": ""COUNT_date_arrived_"", ""type"": ""quantitative""}}}"
682,1197@x_name@ASC,How many dogs does each owner have?,,,,,,,,1,1,1,1,,,,,Bar,Hard,Owners,"{""$schema"": ""https://vega.github.io/schema/vega-lite/v6.json"", ""description"": ""Vega-Lite chart for key 1197@x_name@ASC"", ""data"": {""values"": [{""first_name"": ""Cindy"", ""COUNT_first_name_"": 1}, {""first_name"": ""Emelie"", ""COUNT_first_name_"": 1}, {""first_name"": ""Gay"", ""COUNT_first_name_"": 1}, {""first_name"": ""Jaclyn"", ""COUNT_first_name_"": 2}, {""first_name"": ""Johann"", ""COUNT_first_name_"": 1}, {""first_name"": ""Kade"", ""COUNT_first_name_"": 1}, {""first_name"": ""Lorenz"", ""COUNT_first_name_"": 1}, {""first_name"": ""Melisa"", ""COUNT_first_name_"": 1}, {""first_name"": ""Nora"", ""COUNT_first_name_"": 1}, {""first_name"": ""Orlando"", ""COUNT_first_name_"": 1}, {""first_name"": ""Rachelle"", ""COUNT_first_name_"": 3}, {""first_name"": ""Rolando"", ""COUNT_first_name_"": 1}]}, ""mark"": ""bar"", ""encoding"": {""x"": {""field"": ""first_name"", ""type"": ""nominal""}, ""y"": {""field"": ""COUNT_first_name_"", ""type"": ""quantitative""}}}"
683,1200@y_name@ASC,What’s the average cost for each treatment type?,,,,,,,,1,1,1,1,,,,,Bar,Hard,Treatments,"{""$schema"": ""https://vega.github.io/schema/vega-lite/v6.json"", ""description"": ""Vega-Lite chart for key 1200@y_name@ASC"", ""data"": {""values"": [{""treatment_type_description"": ""Take for a Walk"", ""AVG_cost_of_treatment_"": 478.4}, {""treatment_type_description"": ""Physical examination"", ""AVG_cost_of_treatment_"": 485.8}, {""treatment_type_description"": ""Vaccination"", ""AVG_cost_of_treatment_"": 508.0}]}, ""mark"": ""bar"", ""encoding"": {""x"": {""field"": ""treatment_type_description"", ""type"": ""nominal""}, ""y"": {""field"": ""AVG_cost_of_treatment_"", ""type"": ""quantitative""}}}"
684,2075@y_name@DESC,Could you show a chart of the proportion of each thing type that’s either closed or has a status record before 2017‑06‑19 02:59:21r?,,,,,,,,1,1,1,1,,,,,Bar,Extra Hard,Timed_Status_of_Things,"{""$schema"": ""https://vega.github.io/schema/vega-lite/v6.json"", ""description"": ""Vega-Lite chart for key 2075@y_name@DESC"", ""data"": {""values"": [{""Type_of_Thing_Code"": ""Commen"", ""COUNT_Type_of_Thing_Code_"": 7}, {""Type_of_Thing_Code"": ""Electronics"", ""COUNT_Type_of_Thing_Code_"": 5}, {""Type_of_Thing_Code"": ""Furniture"", ""COUNT_Type_of_Thing_Code_"": 1}]}, ""mark"": ""bar"", ""encoding"": {""x"": {""field"": ""Type_of_Thing_Code"", ""type"": ""nominal""}, ""y"": {""field"": ""COUNT_Type_of_Thing_Code_"", ""type"": ""quantitative""}}}"
685,2079@y_name@DESC,How many residents moved in on each weekday?,,,,,,,,1,1,1,1,,,,,Bar,Medium,residents,"{""$schema"": ""https://vega.github.io/schema/vega-lite/v6.json"", ""description"": ""Vega-Lite chart for key 2079@y_name@DESC"", ""data"": {""values"": [{""date_moved_in"": ""Friday"", ""COUNT_date_moved_in_"": 9}, {""date_moved_in"": ""Saturday"", ""COUNT_date_moved_in_"": 1}, {""date_moved_in"": ""Tuesday"", ""COUNT_date_moved_in_"": 5}]}, ""mark"": ""bar"", ""encoding"": {""x"": {""field"": ""date_moved_in"", ""type"": ""nominal""}, ""y"": {""field"": ""COUNT_date_moved_in_"", ""type"": ""quantitative""}}}"
686,2087@y_name@DESC,Could you show a chart comparing the item counts for each type?,,,,,,,,1,1,1,1,,,,,Bar,Medium,Things,"{""$schema"": ""https://vega.github.io/schema/vega-lite/v6.json"", ""description"": ""Vega-Lite chart for key 2087@y_name@DESC"", ""data"": {""values"": [{""Type_of_Thing_Code"": ""Commen"", ""COUNT_Type_of_Thing_Code_"": 8}, {""Type_of_Thing_Code"": ""Electronics"", ""COUNT_Type_of_Thing_Code_"": 5}, {""Type_of_Thing_Code"": ""Furniture"", ""COUNT_Type_of_Thing_Code_"": 2}]}, ""mark"": ""bar"", ""encoding"": {""x"": {""field"": ""Type_of_Thing_Code"", ""type"": ""nominal""}, ""y"": {""field"": ""COUNT_Type_of_Thing_Code_"", ""type"": ""quantitative""}}}"
687,2088@x_name@ASC,How many items are associated with each organization detail?,,,,,,,,1,1,1,1,,,,,Bar,Hard,Things,"{""$schema"": ""https://vega.github.io/schema/vega-lite/v6.json"", ""description"": ""Vega-Lite chart for key 2088@x_name@ASC"", ""data"": {""values"": [{""organization_details"": ""Denesik and Sons Party"", ""COUNT_organization_details_"": 10}, {""organization_details"": ""Reinger, Hudson and Nolan Group"", ""COUNT_organization_details_"": 2}, {""organization_details"": ""Robel-Schulist Group"", ""COUNT_organization_details_"": 3}]}, ""mark"": ""bar"", ""encoding"": {""x"": {""field"": ""organization_details"", ""type"": ""nominal""}, ""y"": {""field"": ""COUNT_organization_details_"", ""type"": ""quantitative""}}}"
688,2097@y_name@DESC,How many customers moved in each year?,,,,,,,,1,1,1,1,,,,,Bar,Hard,Customers,"{""$schema"": ""https://vega.github.io/schema/vega-lite/v6.json"", ""description"": ""Vega-Lite chart for key 2097@y_name@DESC"", ""data"": {""values"": [{""date_moved_in"": ""2015"", ""COUNT_date_moved_in_"": 9}, {""date_moved_in"": ""2016"", ""COUNT_date_moved_in_"": 4}]}, ""mark"": ""bar"", ""encoding"": {""x"": {""field"": ""date_moved_in"", ""type"": ""nominal""}, ""y"": {""field"": ""COUNT_date_moved_in_"", ""type"": ""quantitative""}}}"
689,2102@y_name@DESC,What’s the count of customers for each day‑of‑week move‑in date?,,,,,,,,1,1,1,1,,,,,Bar,Hard,Customers,"{""$schema"": ""https://vega.github.io/schema/vega-lite/v6.json"", ""description"": ""Vega-Lite chart for key 2102@y_name@DESC"", ""data"": {""values"": [{""date_moved_in"": ""Fri"", ""COUNT_date_moved_in_"": 9}, {""date_moved_in"": ""Tue"", ""COUNT_date_moved_in_"": 4}, {""date_moved_in"": ""Wed"", ""COUNT_date_moved_in_"": 0}, {""date_moved_in"": ""Thur"", ""COUNT_date_moved_in_"": 0}, {""date_moved_in"": ""Sun"", ""COUNT_date_moved_in_"": 0}, {""date_moved_in"": ""Sat"", ""COUNT_date_moved_in_"": 0}, {""date_moved_in"": ""Mon"", ""COUNT_date_moved_in_"": 0}]}, ""mark"": ""bar"", ""encoding"": {""x"": {""field"": ""date_moved_in"", ""type"": ""nominal""}, ""y"": {""field"": ""COUNT_date_moved_in_"", ""type"": ""quantitative""}}}"
690,2109@y_name@ASC,Could you show a chart of the number of records for each date_moved_in?,,,,,,,,1,1,1,0,,,,,Bar,Medium,customer_events,"{""$schema"": ""https://vega.github.io/schema/vega-lite/v6.json"", ""description"": ""Vega-Lite chart for key 2109@y_name@ASC"", ""data"": {""values"": [{""date_moved_in"": ""2016-09-27"", ""COUNT_date_moved_in_"": 4}, {""date_moved_in"": ""2015-03-27"", ""COUNT_date_moved_in_"": 9}]}, ""mark"": ""bar"", ""encoding"": {""x"": {""field"": ""date_moved_in"", ""type"": ""nominal""}, ""y"": {""field"": ""COUNT_date_moved_in_"", ""type"": ""quantitative""}}}"
691,907@x_name@ASC,What are the book categories and how many books are in each?,,,,,,,,1,1,1,1,,,,,Bar,Medium,book_club,"{""$schema"": ""https://vega.github.io/schema/vega-lite/v6.json"", ""description"": ""Vega-Lite chart for key 907@x_name@ASC"", ""data"": {""values"": [{""Category"": ""Gay M/SF"", ""count_"": 5}, {""Category"": ""Gay SF/F"", ""count_"": 2}, {""Category"": ""Lesb. M/SF"", ""count_"": 5}]}, ""mark"": ""bar"", ""encoding"": {""x"": {""field"": ""Category"", ""type"": ""nominal""}, ""y"": {""field"": ""count_"", ""type"": ""quantitative""}}}"
692,3288@x_name@DESC,How many matches were played each year?,,,,,,,,1,1,1,1,,,,,Bar,Medium,matches,"{""$schema"": ""https://vega.github.io/schema/vega-lite/v6.json"", ""description"": ""Vega-Lite chart for key 3288@x_name@DESC"", ""data"": {""values"": [{""year"": ""2017"", ""count_"": 108}, {""year"": ""2016"", ""count_"": 158}, {""year"": ""2013"", ""count_"": 12}]}, ""mark"": ""bar"", ""encoding"": {""x"": {""field"": ""year"", ""type"": ""nominal""}, ""y"": {""field"": ""count_"", ""type"": ""quantitative""}}}"
693,3290@y_name@ASC,How many matches were played each year?,,,,,,,,1,1,0,1,,,,,Bar,Medium,matches,"{""$schema"": ""https://vega.github.io/schema/vega-lite/v6.json"", ""description"": ""Vega-Lite chart for key 3290@y_name@ASC"", ""data"": {""values"": [{""year"": ""2014"", ""count_"": 0}, {""year"": ""2015"", ""count_"": 0}, {""year"": ""2013"", ""count_"": 12}, {""year"": ""2017"", ""count_"": 108}, {""year"": ""2016"", ""count_"": 158}]}, ""mark"": ""bar"", ""encoding"": {""x"": {""field"": ""year"", ""type"": ""nominal""}, ""y"": {""field"": ""count_"", ""type"": ""quantitative""}}}"
694,443@x_name@ASC,What’s the count of items directed by each director?,,,,,,,,1,1,1,1,,,,,Bar,Medium,film,"{""$schema"": ""https://vega.github.io/schema/vega-lite/v6.json"", ""description"": ""Vega-Lite chart for key 443@x_name@ASC"", ""data"": {""values"": [{""Directed_by"": ""Bill Schreiner"", ""COUNT_Directed_by_"": 4}, {""Directed_by"": ""Jesus Salvador Treviño"", ""COUNT_Directed_by_"": 1}]}, ""mark"": ""bar"", ""encoding"": {""x"": {""field"": ""Directed_by"", ""type"": ""nominal""}, ""y"": {""field"": ""COUNT_Directed_by_"", ""type"": ""quantitative""}}}"
696,447@x_name@ASC,What are the titles and highest prices of each film?,,,,,,,,1,1,1,1,,,,,Bar,Medium,schedule,"{""$schema"": ""https://vega.github.io/schema/vega-lite/v6.json"", ""description"": ""Vega-Lite chart for key 447@x_name@ASC"", ""data"": {""values"": [{""Title"": ""The Case of the Bermuda Triangle"", ""max_T1_price_"": 9.99}, {""Title"": ""The Case of the Mystery Weekend"", ""max_T1_price_"": 15.99}, {""Title"": ""The Case of the Piggy Banker"", ""max_T1_price_"": 12.99}, {""Title"": ""The Case of the Smart Dummy"", ""max_T1_price_"": 12.99}, {""Title"": ""The Case: Off the Record"", ""max_T1_price_"": 8.99}]}, ""mark"": ""bar"", ""encoding"": {""x"": {""field"": ""Title"", ""type"": ""nominal""}, ""y"": {""field"": ""max_T1_price_"", ""type"": ""quantitative""}}}"
697,453@y_name@ASC,What’s the average price for each cinema?,,,,,,,,1,1,1,1,,,,,Bar,Hard,schedule,"{""$schema"": ""https://vega.github.io/schema/vega-lite/v6.json"", ""description"": ""Vega-Lite chart for key 453@y_name@ASC"", ""data"": {""values"": [{""Name"": ""Carrowleagh"", ""AVG_Price_"": 9.99}, {""Name"": ""Mount Callan"", ""AVG_Price_"": 9.99}, {""Name"": ""Codling"", ""AVG_Price_"": 11.656666666666666}, {""Name"": ""Gortahile"", ""AVG_Price_"": 12.99}, {""Name"": ""Oriel"", ""AVG_Price_"": 15.99}]}, ""mark"": ""bar"", ""encoding"": {""x"": {""field"": ""Name"", ""type"": ""nominal""}, ""y"": {""field"": ""AVG_Price_"", ""type"": ""quantitative""}}}"
698,455@y_name@ASC,How many cinemas are showing each film?,,,,,,,,1,1,1,1,,,,,Bar,Hard,schedule,"{""$schema"": ""https://vega.github.io/schema/vega-lite/v6.json"", ""description"": ""Vega-Lite chart for key 455@y_name@ASC"", ""data"": {""values"": [{""Title"": ""The Case of the Bermuda Triangle"", ""COUNT_Title_"": 1}, {""Title"": ""The Case of the Piggy Banker"", ""COUNT_Title_"": 1}, {""Title"": ""The Case of the Smart Dummy"", ""COUNT_Title_"": 1}, {""Title"": ""The Case: Off the Record"", ""COUNT_Title_"": 1}, {""Title"": ""The Case of the Mystery Weekend"", ""COUNT_Title_"": 3}]}, ""mark"": ""bar"", ""encoding"": {""x"": {""field"": ""Title"", ""type"": ""nominal""}, ""y"": {""field"": ""COUNT_Title_"", ""type"": ""quantitative""}}}"
699,458@x_name@DESC,How many films does each cinema have?,,,,,,,,1,1,1,1,,,,,Bar,Hard,schedule,"{""$schema"": ""https://vega.github.io/schema/vega-lite/v6.json"", ""description"": ""Vega-Lite chart for key 458@x_name@DESC"", ""data"": {""values"": [{""Name"": ""Oriel"", ""COUNT_Name_"": 1}, {""Name"": ""Mount Callan"", ""COUNT_Name_"": 1}, {""Name"": ""Gortahile"", ""COUNT_Name_"": 1}, {""Name"": ""Codling"", ""COUNT_Name_"": 3}, {""Name"": ""Carrowleagh"", ""COUNT_Name_"": 1}]}, ""mark"": ""bar"", ""encoding"": {""x"": {""field"": ""Name"", ""type"": ""nominal""}, ""y"": {""field"": ""COUNT_Name_"", ""type"": ""quantitative""}}}"
700,459@x_name@DESC,What’s the total price for each day in the schedule?,,,,,,,,1,1,1,1,,,,,Bar,Hard,schedule,"{""$schema"": ""https://vega.github.io/schema/vega-lite/v6.json"", ""description"": ""Vega-Lite chart for key 459@x_name@DESC"", ""data"": {""values"": [{""Date"": ""21 May"", ""SUM_Price_"": 25.98}, {""Date"": ""21 Jun"", ""SUM_Price_"": 8.99}, {""Date"": ""20 May"", ""SUM_Price_"": 9.99}, {""Date"": ""2 Aug"", ""SUM_Price_"": 12.99}, {""Date"": ""19 May"", ""SUM_Price_"": 15.99}, {""Date"": ""11 July"", ""SUM_Price_"": 9.99}]}, ""mark"": ""bar"", ""encoding"": {""x"": {""field"": ""Date"", ""type"": ""nominal""}, ""y"": {""field"": ""SUM_Price_"", ""type"": ""quantitative""}}}"
701,465@y_name@ASC,How many cinemas opened each year?,,,,,,,,1,1,1,1,,,,,Bar,Medium,cinema,"{""$schema"": ""https://vega.github.io/schema/vega-lite/v6.json"", ""description"": ""Vega-Lite chart for key 465@y_name@ASC"", ""data"": {""values"": [{""Openning_year"": ""2009"", ""COUNT_Openning_year_"": 1}, {""Openning_year"": ""2012"", ""COUNT_Openning_year_"": 1}, {""Openning_year"": ""2013"", ""COUNT_Openning_year_"": 1}, {""Openning_year"": ""2015"", ""COUNT_Openning_year_"": 1}, {""Openning_year"": ""2010"", ""COUNT_Openning_year_"": 3}, {""Openning_year"": ""2011"", ""COUNT_Openning_year_"": 3}]}, ""mark"": ""bar"", ""encoding"": {""x"": {""field"": ""Openning_year"", ""type"": ""nominal""}, ""y"": {""field"": ""COUNT_Openning_year_"", ""type"": ""quantitative""}}}"
702,468@y_name@DESC,What’s the total cinema capacity for each year?,,,,,,,,1,1,1,1,,,,,Bar,Medium,cinema,"{""$schema"": ""https://vega.github.io/schema/vega-lite/v6.json"", ""description"": ""Vega-Lite chart for key 468@y_name@DESC"", ""data"": {""values"": [{""Openning_year"": ""2010"", ""SUM_Capacity_"": 1633}, {""Openning_year"": ""2011"", ""SUM_Capacity_"": 1336}, {""Openning_year"": ""2012"", ""SUM_Capacity_"": 368}, {""Openning_year"": ""2015"", ""SUM_Capacity_"": 364}, {""Openning_year"": ""2013"", ""SUM_Capacity_"": 330}, {""Openning_year"": ""2009"", ""SUM_Capacity_"": 305}]}, ""mark"": ""bar"", ""encoding"": {""x"": {""field"": ""Openning_year"", ""type"": ""nominal""}, ""y"": {""field"": ""SUM_Capacity_"", ""type"": ""quantitative""}}}"
703,469@y_name@DESC,What’s the average capacity of cinemas that opened each year?,,,,,,,,1,1,1,1,,,,,Bar,Medium,cinema,"{""$schema"": ""https://vega.github.io/schema/vega-lite/v6.json"", ""description"": ""Vega-Lite chart for key 469@y_name@DESC"", ""data"": {""values"": [{""Openning_year"": ""2010"", ""AVG_Capacity_"": 544.3333333333334}, {""Openning_year"": ""2011"", ""AVG_Capacity_"": 445.3333333333333}, {""Openning_year"": ""2012"", ""AVG_Capacity_"": 368}, {""Openning_year"": ""2015"", ""AVG_Capacity_"": 364}, {""Openning_year"": ""2013"", ""AVG_Capacity_"": 330}, {""Openning_year"": ""2009"", ""AVG_Capacity_"": 305}]}, ""mark"": ""bar"", ""encoding"": {""x"": {""field"": ""Openning_year"", ""type"": ""nominal""}, ""y"": {""field"": ""AVG_Capacity_"", ""type"": ""quantitative""}}}"
704,474@x_name@DESC,Could you display a chart of capacity by name?,,,,,,,,1,1,1,1,,,,,Bar,Easy,cinema,"{""$schema"": ""https://vega.github.io/schema/vega-lite/v6.json"", ""description"": ""Vega-Lite chart for key 474@x_name@DESC"", ""data"": {""values"": [{""Name"": ""Oriel"", ""Capacity"": 330}, {""Name"": ""Mount Callan"", ""Capacity"": 908}, {""Name"": ""Moneypoint"", ""Capacity"": 225}, {""Name"": ""Grouse Lodge"", ""Capacity"": 203}, {""Name"": ""Gortahile"", ""Capacity"": 208}, {""Name"": ""Glenough"", ""Capacity"": 325}, {""Name"": ""Glenmore"", ""Capacity"": 305}, {""Name"": ""Dublin Array"", ""Capacity"": 364}, {""Name"": ""Codling"", ""Capacity"": 1100}, {""Name"": ""Carrowleagh"", ""Capacity"": 368}]}, ""mark"": ""bar"", ""encoding"": {""x"": {""field"": ""Name"", ""type"": ""nominal""}, ""y"": {""field"": ""Capacity"", ""type"": ""quantitative""}}}"
705,1437@x_name@DESC,How many races with results were held in each year after 2014?,,,,,,,,1,1,0,1,,,,,Bar,Extra Hard,races,"{""$schema"": ""https://vega.github.io/schema/vega-lite/v6.json"", ""description"": ""Vega-Lite chart for key 1437@x_name@DESC"", ""data"": {""values"": [{""year"": ""2017"", ""COUNT_year_"": 400}, {""year"": ""2016"", ""COUNT_year_"": 462}, {""year"": ""2015"", ""COUNT_year_"": 378}]}, ""mark"": ""bar"", ""encoding"": {""x"": {""field"": ""year"", ""type"": ""nominal""}, ""y"": {""field"": ""COUNT_year_"", ""type"": ""quantitative""}}}"
706,1448@x_name@ASC,How many races each year included a driver named Lewis?,,,,,,,,1,1,1,1,,,,,Line,Extra Hard,results,"{""$schema"": ""https://vega.github.io/schema/vega-lite/v6.json"", ""description"": ""Vega-Lite chart for key 1448@x_name@ASC"", ""data"": {""values"": [{""year"": ""2007"", ""COUNT_year_"": 17}, {""year"": ""2008"", ""COUNT_year_"": 18}, {""year"": ""2009"", ""COUNT_year_"": 17}, {""year"": ""2010"", ""COUNT_year_"": 19}, {""year"": ""2011"", ""COUNT_year_"": 19}, {""year"": ""2012"", ""COUNT_year_"": 20}, {""year"": ""2013"", ""COUNT_year_"": 19}, {""year"": ""2014"", ""COUNT_year_"": 19}, {""year"": ""2015"", ""COUNT_year_"": 19}, {""year"": ""2016"", ""COUNT_year_"": 21}, {""year"": ""2017"", ""COUNT_year_"": 20}]}, ""mark"": ""line"", ""encoding"": {""x"": {""field"": ""year"", ""type"": ""nominal""}, ""y"": {""field"": ""COUNT_year_"", ""type"": ""quantitative""}}}"
707,3220@x_name@ASC,How many different grape varieties are used in each wine?,,,,,,,,1,1,1,1,,,,,Bar,Medium,WINE,"{""$schema"": ""https://vega.github.io/schema/vega-lite/v6.json"", ""description"": ""Vega-Lite chart for key 3220@x_name@ASC"", ""data"": {""values"": [{""Grape"": ""Barbera"", ""COUNT_Grape_"": 1}, {""Grape"": ""Cabernet Franc"", ""COUNT_Grape_"": 1}, {""Grape"": ""Cabernet Sauvingnon"", ""COUNT_Grape_"": 68}, {""Grape"": ""Chardonnay"", ""COUNT_Grape_"": 104}, {""Grape"": ""Grenache"", ""COUNT_Grape_"": 10}, {""Grape"": ""Malbec"", ""COUNT_Grape_"": 1}, {""Grape"": ""Marsanne"", ""COUNT_Grape_"": 1}, {""Grape"": ""Merlot"", ""COUNT_Grape_"": 10}, {""Grape"": ""Petite Sirah"", ""COUNT_Grape_"": 6}, {""Grape"": ""Pinot Noir"", ""COUNT_Grape_"": 109}, {""Grape"": ""Roussanne"", ""COUNT_Grape_"": 1}, {""Grape"": ""Sangiovese"", ""COUNT_Grape_"": 1}, {""Grape"": ""Sauvignon Blanc"", ""COUNT_Grape_"": 46}, {""Grape"": ""Syrah"", ""COUNT_Grape_"": 61}, {""Grape"": ""Tempranillo"", ""COUNT_Grape_"": 1}, {""Grape"": ""Viognier"", ""COUNT_Grape_"": 1}, {""Grape"": ""Zinfandel"", ""COUNT_Grape_"": 78}]}, ""mark"": ""bar"", ""encoding"": {""x"": {""field"": ""Grape"", ""type"": ""nominal""}, ""y"": {""field"": ""COUNT_Grape_"", ""type"": ""quantitative""}}}"
709,3226@y_name@DESC,"Which wines cost under $50 and are from Monterey County, and how many of each are there?",,,,,,,,1,1,1,1,,,,,Bar,Extra Hard,APPELLATIONS,"{""$schema"": ""https://vega.github.io/schema/vega-lite/v6.json"", ""description"": ""Vega-Lite chart for key 3226@y_name@DESC"", ""data"": {""values"": [{""Name"": ""Rosellas Vineyard"", ""COUNT_Name_"": 4}, {""Name"": ""Pinot Noir"", ""COUNT_Name_"": 4}, {""Name"": ""Garys Vineyard"", ""COUNT_Name_"": 3}, {""Name"": ""Chardonnay"", ""COUNT_Name_"": 2}, {""Name"": ""Sleepy Hollow Vineyard"", ""COUNT_Name_"": 1}, {""Name"": ""Sarmento Vineyard"", ""COUNT_Name_"": 1}, {""Name"": ""Metallico Un-Oaked"", ""COUNT_Name_"": 1}, {""Name"": ""Kali Hart"", ""COUNT_Name_"": 1}]}, ""mark"": ""bar"", ""encoding"": {""x"": {""field"": ""Name"", ""type"": ""nominal""}, ""y"": {""field"": ""COUNT_Name_"", ""type"": ""quantitative""}}}"
710,3236@x_name@ASC,Could you show a chart of the number of wineries for wines priced over 100?,,,,,,,,1,1,1,1,,,,,Bar,Hard,WINE,"{""$schema"": ""https://vega.github.io/schema/vega-lite/v6.json"", ""description"": ""Vega-Lite chart for key 3236@x_name@ASC"", ""data"": {""values"": [{""Winery"": ""Bucella"", ""COUNT_Winery_"": 1}, {""Winery"": ""Carter"", ""COUNT_Winery_"": 2}, {""Winery"": ""Casa Piena"", ""COUNT_Winery_"": 1}, {""Winery"": ""Caymus"", ""COUNT_Winery_"": 1}, {""Winery"": ""Chappellet"", ""COUNT_Winery_"": 1}, {""Winery"": ""Chimeney Rock"", ""COUNT_Winery_"": 1}, {""Winery"": ""Darioush"", ""COUNT_Winery_"": 1}, {""Winery"": ""David Arthur"", ""COUNT_Winery_"": 1}, {""Winery"": ""Dos Lagos"", ""COUNT_Winery_"": 1}, {""Winery"": ""Hourglass"", ""COUNT_Winery_"": 1}, {""Winery"": ""Janzen"", ""COUNT_Winery_"": 1}, {""Winery"": ""Lewis"", ""COUNT_Winery_"": 3}, {""Winery"": ""Morlet"", ""COUNT_Winery_"": 1}, {""Winery"": ""Paul Hobbs"", ""COUNT_Winery_"": 1}, {""Winery"": ""Sine Qua Non"", ""COUNT_Winery_"": 4}]}, ""mark"": ""bar"", ""encoding"": {""x"": {""field"": ""Winery"", ""type"": ""nominal""}, ""y"": {""field"": ""COUNT_Winery_"", ""type"": ""quantitative""}}}"
711,3238@y_name@ASC,How many wines are there for each grape?,,,,,,,,1,1,1,1,,,,,Bar,Medium,WINE,"{""$schema"": ""https://vega.github.io/schema/vega-lite/v6.json"", ""description"": ""Vega-Lite chart for key 3238@y_name@ASC"", ""data"": {""values"": [{""Grape"": ""Barbera"", ""count_"": 1}, {""Grape"": ""Cabernet Franc"", ""count_"": 1}, {""Grape"": ""Malbec"", ""count_"": 1}, {""Grape"": ""Marsanne"", ""count_"": 1}, {""Grape"": ""Roussanne"", ""count_"": 1}, {""Grape"": ""Sangiovese"", ""count_"": 1}, {""Grape"": ""Tempranillo"", ""count_"": 1}, {""Grape"": ""Viognier"", ""count_"": 1}, {""Grape"": ""Petite Sirah"", ""count_"": 6}, {""Grape"": ""Grenache"", ""count_"": 10}, {""Grape"": ""Merlot"", ""count_"": 10}, {""Grape"": ""Sauvignon Blanc"", ""count_"": 46}, {""Grape"": ""Syrah"", ""count_"": 61}, {""Grape"": ""Cabernet Sauvingnon"", ""count_"": 68}, {""Grape"": ""Zinfandel"", ""count_"": 78}, {""Grape"": ""Chardonnay"", ""count_"": 104}, {""Grape"": ""Pinot Noir"", ""count_"": 109}]}, ""mark"": ""bar"", ""encoding"": {""x"": {""field"": ""Grape"", ""type"": ""nominal""}, ""y"": {""field"": ""count_"", ""type"": ""quantitative""}}}"
715,1508@x_name@ASC,What are the main industries and their total market values?,,,,,,,,1,1,1,1,,,,,Bar,Medium,company,"{""$schema"": ""https://vega.github.io/schema/vega-lite/v6.json"", ""description"": ""Vega-Lite chart for key 1508@x_name@ASC"", ""data"": {""values"": [{""Main_Industry"": ""Banking"", ""sum_market_value_"": 580.4000000000002}, {""Main_Industry"": ""Conglomerate"", ""sum_market_value_"": 415.9}, {""Main_Industry"": ""Oil and gas"", ""sum_market_value_"": 1257.1}]}, ""mark"": ""bar"", ""encoding"": {""x"": {""field"": ""Main_Industry"", ""type"": ""nominal""}, ""y"": {""field"": ""sum_market_value_"", ""type"": ""quantitative""}}}"
716,1510@y_name@ASC,Which main industries have how many companies without a gas station?,,,,,,,,1,1,1,1,,,,,Bar,Hard,company,"{""$schema"": ""https://vega.github.io/schema/vega-lite/v6.json"", ""description"": ""Vega-Lite chart for key 1510@y_name@ASC"", ""data"": {""values"": [{""Main_Industry"": ""Conglomerate"", ""COUNT_Main_Industry_"": 2}, {""Main_Industry"": ""Banking"", ""COUNT_Main_Industry_"": 3}]}, ""mark"": ""bar"", ""encoding"": {""x"": {""field"": ""Main_Industry"", ""type"": ""nominal""}, ""y"": {""field"": ""COUNT_Main_Industry_"", ""type"": ""quantitative""}}}"
717,1511@x_name@ASC,How many gas stations does each manager have?,,,,,,,,1,1,1,1,,,,,Bar,Medium,gas_station,"{""$schema"": ""https://vega.github.io/schema/vega-lite/v6.json"", ""description"": ""Vega-Lite chart for key 1511@x_name@ASC"", ""data"": {""values"": [{""Manager_Name"": ""BrianWingrave"", ""COUNT_Manager_Name_"": 1}, {""Manager_Name"": ""Bryan Taylor"", ""COUNT_Manager_Name_"": 1}, {""Manager_Name"": ""BryanDenman"", ""COUNT_Manager_Name_"": 1}, {""Manager_Name"": ""Colin Denman"", ""COUNT_Manager_Name_"": 2}, {""Manager_Name"": ""Jon Rowe"", ""COUNT_Manager_Name_"": 1}, {""Manager_Name"": ""Luke Rowe"", ""COUNT_Manager_Name_"": 1}, {""Manager_Name"": ""Simon Cope Derek Marloe"", ""COUNT_Manager_Name_"": 1}, {""Manager_Name"": ""SimonMarloe"", ""COUNT_Manager_Name_"": 1}, {""Manager_Name"": ""Tom Whit"", ""COUNT_Manager_Name_"": 1}, {""Manager_Name"": ""Tony Bristow"", ""COUNT_Manager_Name_"": 1}]}, ""mark"": ""bar"", ""encoding"": {""x"": {""field"": ""Manager_Name"", ""type"": ""nominal""}, ""y"": {""field"": ""COUNT_Manager_Name_"", ""type"": ""quantitative""}}}"
719,1518@x_name@ASC,How many companies are headquartered in each locationr?,,,,,,,,1,1,1,1,,,,,Bar,Medium,company,"{""$schema"": ""https://vega.github.io/schema/vega-lite/v6.json"", ""description"": ""Vega-Lite chart for key 1518@x_name@ASC"", ""data"": {""values"": [{""Headquarters"": ""Brazil"", ""COUNT_Headquarters_"": 1}, {""Headquarters"": ""China"", ""COUNT_Headquarters_"": 2}, {""Headquarters"": ""Netherlands"", ""COUNT_Headquarters_"": 1}, {""Headquarters"": ""UK"", ""COUNT_Headquarters_"": 2}, {""Headquarters"": ""USA"", ""COUNT_Headquarters_"": 4}]}, ""mark"": ""bar"", ""encoding"": {""x"": {""field"": ""Headquarters"", ""type"": ""nominal""}, ""y"": {""field"": ""COUNT_Headquarters_"", ""type"": ""quantitative""}}}"
720,2459@y_name@DESC,Show a chart with joband average age.,,,,,,,,1,1,1,1,,,,,Bar,Medium,Person,"{""$schema"": ""https://vega.github.io/schema/vega-lite/v6.json"", ""description"": ""Vega-Lite chart for key 2459@y_name@DESC"", ""data"": {""values"": [{""job"": ""doctor"", ""avg_age_"": 45}, {""job"": ""engineer"", ""avg_age_"": 35}, {""job"": ""student"", ""avg_age_"": 25.5}]}, ""mark"": ""bar"", ""encoding"": {""x"": {""field"": ""job"", ""type"": ""nominal""}, ""y"": {""field"": ""avg_age_"", ""type"": ""quantitative""}}}"
721,2461@y_name@DESC,What’s the average age of male employees for each job title?,,,,,,,,1,1,1,1,,,,,Bar,Hard,Person,"{""$schema"": ""https://vega.github.io/schema/vega-lite/v6.json"", ""description"": ""Vega-Lite chart for key 2461@y_name@DESC"", ""data"": {""values"": [{""job"": ""doctor"", ""avg_age_"": 45}, {""job"": ""engineer"", ""avg_age_"": 35}]}, ""mark"": ""bar"", ""encoding"": {""x"": {""field"": ""job"", ""type"": ""nominal""}, ""y"": {""field"": ""avg_age_"", ""type"": ""quantitative""}}}"
722,2465@x_name@DESC,How many people under 40 are there for each gender?,,,,,,,,1,1,1,1,,,,,Bar,Hard,Person,"{""$schema"": ""https://vega.github.io/schema/vega-lite/v6.json"", ""description"": ""Vega-Lite chart for key 2465@x_name@DESC"", ""data"": {""values"": [{""gender"": ""male"", ""count_"": 1}, {""gender"": ""female"", ""count_"": 2}]}, ""mark"": ""bar"", ""encoding"": {""x"": {""field"": ""gender"", ""type"": ""nominal""}, ""y"": {""field"": ""count_"", ""type"": ""quantitative""}}}"
723,2317@x_name@ASC,What are the draft pick numbers and classes for defenders?,,,,,,,,1,1,1,1,,,,,Bar,Medium,match_season,"{""$schema"": ""https://vega.github.io/schema/vega-lite/v6.json"", ""description"": ""Vega-Lite chart for key 2317@x_name@ASC"", ""data"": {""values"": [{""Draft_Class"": ""1996 MLS Inaugural Player Draft"", ""Draft_Pick_Number"": 87}, {""Draft_Class"": ""1999 MLS College Draft"", ""Draft_Pick_Number"": 5}, {""Draft_Class"": ""2000 MLS SuperDraft"", ""Draft_Pick_Number"": 4}, {""Draft_Class"": ""2005 MLS SuperDraft"", ""Draft_Pick_Number"": 9}, {""Draft_Class"": ""2006 MLS SuperDraft"", ""Draft_Pick_Number"": 37}, {""Draft_Class"": ""2008 MLS SuperDraft"", ""Draft_Pick_Number"": 4}, {""Draft_Class"": ""2009 MLS SuperDraft"", ""Draft_Pick_Number"": 3}]}, ""mark"": ""bar"", ""encoding"": {""x"": {""field"": ""Draft_Class"", ""type"": ""nominal""}, ""y"": {""field"": ""Draft_Pick_Number"", ""type"": ""quantitative""}}}"
724,2321@y_name@ASC,Could you show a chart of the total counts for each position?,,,,,,,,1,1,1,1,,,,,Bar,Medium,match_season,"{""$schema"": ""https://vega.github.io/schema/vega-lite/v6.json"", ""description"": ""Vega-Lite chart for key 2321@y_name@ASC"", ""data"": {""values"": [{""Position"": ""Forward"", ""COUNT_"": 3}, {""Position"": ""Midfielder"", ""COUNT_"": 6}, {""Position"": ""Defender"", ""COUNT_"": 7}]}, ""mark"": ""bar"", ""encoding"": {""x"": {""field"": ""Position"", ""type"": ""nominal""}, ""y"": {""field"": ""COUNT_"", ""type"": ""quantitative""}}}"
725,2565@y_name@ASC,How many chips does each company have for phones with a “Graphics” screen mode?,,,,,,,,1,1,1,1,,,,,Bar,Extra Hard,screen_mode,"{""$schema"": ""https://vega.github.io/schema/vega-lite/v6.json"", ""description"": ""Vega-Lite chart for key 2565@y_name@ASC"", ""data"": {""values"": [{""Company_name"": ""Sony Mobile Communications"", ""COUNT_Company_name_"": 1}, {""Company_name"": ""Nokia Corporation"", ""COUNT_Company_name_"": 2}, {""Company_name"": ""Samsung Electronics Co Ltd"", ""COUNT_Company_name_"": 2}]}, ""mark"": ""bar"", ""encoding"": {""x"": {""field"": ""Company_name"", ""type"": ""nominal""}, ""y"": {""field"": ""COUNT_Company_name_"", ""type"": ""quantitative""}}}"
726,2566@y_name@DESC,What’s the total number of chips per company for phones launched in 2002 or with more than 32 GB RAM?,,,,,,,,1,1,1,1,,,,,Bar,Extra Hard,chip_model,"{""$schema"": ""https://vega.github.io/schema/vega-lite/v6.json"", ""description"": ""Vega-Lite chart for key 2566@y_name@DESC"", ""data"": {""values"": [{""Company_name"": ""Nokia Corporation"", ""COUNT_Company_name_"": 2}, {""Company_name"": ""Sony Mobile Communications"", ""COUNT_Company_name_"": 1}, {""Company_name"": ""Samsung Electronics Co Ltd"", ""COUNT_Company_name_"": 1}, {""Company_name"": ""LG Electronics"", ""COUNT_Company_name_"": 1}, {""Company_name"": ""Huawei Technologies Co.Ltd."", ""COUNT_Company_name_"": 1}, {""Company_name"": ""HTC Corporation"", ""COUNT_Company_name_"": 1}]}, ""mark"": ""bar"", ""encoding"": {""x"": {""field"": ""Company_name"", ""type"": ""nominal""}, ""y"": {""field"": ""COUNT_Company_name_"", ""type"": ""quantitative""}}}"
727,2551@y_name@ASC,Could you show a chart of each pet’s ID and weight for pets older than one year?,,,,,,,,1,1,1,0,,,,,Bar,Medium,pets,"{""$schema"": ""https://vega.github.io/schema/vega-lite/v6.json"", ""description"": ""Vega-Lite chart for key 2551@y_name@ASC"", ""data"": {""values"": [{""PetID"": ""2001"", ""weight"": 12}, {""PetID"": ""2002"", ""weight"": 13.4}]}, ""mark"": ""bar"", ""encoding"": {""x"": {""field"": ""PetID"", ""type"": ""nominal""}, ""y"": {""field"": ""weight"", ""type"": ""quantitative""}}}"
728,2558@x_name@ASC,Could you show a chart of each pet type’s maximum weight?,,,,,,,,1,1,1,1,,,,,Bar,Easy,pets,"{""$schema"": ""https://vega.github.io/schema/vega-lite/v6.json"", ""description"": ""Vega-Lite chart for key 2558@x_name@ASC"", ""data"": {""values"": [{""PetType"": ""cat"", ""max_weight_"": 12}, {""PetType"": ""dog"", ""max_weight_"": 13.4}]}, ""mark"": ""bar"", ""encoding"": {""x"": {""field"": ""PetType"", ""type"": ""nominal""}, ""y"": {""field"": ""max_weight_"", ""type"": ""quantitative""}}}"
730,2959@y_name@ASC,Could you list the descriptions of all project outcomes and show how many there are of eachr?,,,,,,,,1,1,1,1,,,,,Bar,Hard,Research_outcomes,"{""$schema"": ""https://vega.github.io/schema/vega-lite/v6.json"", ""description"": ""Vega-Lite chart for key 2959@y_name@ASC"", ""data"": {""values"": [{""outcome_description"": ""Research Patent"", ""COUNT_outcome_description_"": 5}, {""outcome_description"": ""Published Research Paper"", ""COUNT_outcome_description_"": 10}]}, ""mark"": ""bar"", ""encoding"": {""x"": {""field"": ""outcome_description"", ""type"": ""nominal""}, ""y"": {""field"": ""COUNT_outcome_description_"", ""type"": ""quantitative""}}}"
731,2509@x_name@ASC,What’s the number of events per party?,,,,,,,,1,1,1,1,,,,,Bar,Hard,party_events,"{""$schema"": ""https://vega.github.io/schema/vega-lite/v6.json"", ""description"": ""Vega-Lite chart for key 2509@x_name@ASC"", ""data"": {""values"": [{""Party_name"": ""3"", ""count_"": 3}, {""Party_name"": ""Convention Peoples Party"", ""count_"": 3}, {""Party_name"": ""Progress Party"", ""count_"": 2}]}, ""mark"": ""bar"", ""encoding"": {""x"": {""field"": ""Party_name"", ""type"": ""nominal""}, ""y"": {""field"": ""count_"", ""type"": ""quantitative""}}}"
732,2513@x_name@ASC,How many members does each party have?,,,,,,,,1,1,1,1,,,,,Bar,Hard,Member,"{""$schema"": ""https://vega.github.io/schema/vega-lite/v6.json"", ""description"": ""Vega-Lite chart for key 2513@x_name@ASC"", ""data"": {""values"": [{""Party_name"": ""3"", ""count_"": 9}, {""Party_name"": ""Convention Peoples Party"", ""count_"": 2}, {""Party_name"": ""Progress Party"", ""count_"": 4}]}, ""mark"": ""bar"", ""encoding"": {""x"": {""field"": ""Party_name"", ""type"": ""nominal""}, ""y"": {""field"": ""count_"", ""type"": ""quantitative""}}}"
735,1622@y_name@ASC,"For each department teammate of Clara (but not Clara herself), group their hire dates by month and count how many were hired in each month,",,,,,,,,1,1,1,1,,,,,Bar,Hard,employees,"{""$schema"": ""https://vega.github.io/schema/vega-lite/v6.json"", ""description"": ""Vega-Lite chart for key 1622@y_name@ASC"", ""data"": {""values"": [{""HIRE_DATE"": ""Sept"", ""COUNT_HIRE_DATE_"": 3}, {""HIRE_DATE"": ""Aug"", ""COUNT_HIRE_DATE_"": 30}]}, ""mark"": ""bar"", ""encoding"": {""x"": {""field"": ""HIRE_DATE"", ""type"": ""nominal""}, ""y"": {""field"": ""COUNT_HIRE_DATE_"", ""type"": ""quantitative""}}}"
736,1626@y_name@ASC,What’s the average salary for each job title?,,,,,,,,1,1,1,1,,,,,Bar,Hard,employees,"{""$schema"": ""https://vega.github.io/schema/vega-lite/v6.json"", ""description"": ""Vega-Lite chart for key 1626@y_name@ASC"", ""data"": {""values"": [{""JOB_TITLE"": ""Purchasing Clerk"", ""AVG_salary_"": 2780}, {""JOB_TITLE"": ""Stock Clerk"", ""AVG_salary_"": 2785}, {""JOB_TITLE"": ""Shipping Clerk"", ""AVG_salary_"": 3215}, {""JOB_TITLE"": ""Administration Assistant"", ""AVG_salary_"": 4400}, {""JOB_TITLE"": ""Programmer"", ""AVG_salary_"": 5760}, {""JOB_TITLE"": ""Marketing Representative"", ""AVG_salary_"": 6000}, {""JOB_TITLE"": ""Human Resources Representative"", ""AVG_salary_"": 6500}, {""JOB_TITLE"": ""Stock Manager"", ""AVG_salary_"": 7280}, {""JOB_TITLE"": ""Accountant"", ""AVG_salary_"": 7920}, {""JOB_TITLE"": ""Public Accountant"", ""AVG_salary_"": 8300}, {""JOB_TITLE"": ""Sales Representative"", ""AVG_salary_"": 8350}, {""JOB_TITLE"": ""Public Relations Representative"", ""AVG_salary_"": 10000}, {""JOB_TITLE"": ""Purchasing Manager"", ""AVG_salary_"": 11000}, {""JOB_TITLE"": ""Accounting Manager"", ""AVG_salary_"": 12000}, {""JOB_TITLE"": ""Finance Manager"", ""AVG_salary_"": 12000}, {""JOB_TITLE"": ""Sales Manager"", ""AVG_salary_"": 12200}, {""JOB_TITLE"": ""Marketing Manager"", ""AVG_salary_"": 13000}, {""JOB_TITLE"": ""Administration Vice President"", ""AVG_salary_"": 17000}, {""JOB_TITLE"": ""President"", ""AVG_salary_"": 24000}]}, ""mark"": ""bar"", ""encoding"": {""x"": {""field"": ""JOB_TITLE"", ""type"": ""nominal""}, ""y"": {""field"": ""AVG_salary_"", ""type"": ""quantitative""}}}"
738,1632@y_name@ASC,Which departments have how many employees?,,,,,,,,1,1,1,1,,,,,Bar,Hard,employees,"{""$schema"": ""https://vega.github.io/schema/vega-lite/v6.json"", ""description"": ""Vega-Lite chart for key 1632@y_name@ASC"", ""data"": {""values"": [{""DEPARTMENT_NAME"": ""Administration"", ""COUNT_"": 1}, {""DEPARTMENT_NAME"": ""Human Resources"", ""COUNT_"": 1}, {""DEPARTMENT_NAME"": ""Public Relations"", ""COUNT_"": 1}, {""DEPARTMENT_NAME"": ""Accounting"", ""COUNT_"": 2}, {""DEPARTMENT_NAME"": ""Marketing"", ""COUNT_"": 2}, {""DEPARTMENT_NAME"": ""Executive"", ""COUNT_"": 3}, {""DEPARTMENT_NAME"": ""IT"", ""COUNT_"": 5}, {""DEPARTMENT_NAME"": ""Finance"", ""COUNT_"": 6}, {""DEPARTMENT_NAME"": ""Purchasing"", ""COUNT_"": 6}, {""DEPARTMENT_NAME"": ""Sales"", ""COUNT_"": 34}, {""DEPARTMENT_NAME"": ""Shipping"", ""COUNT_"": 45}]}, ""mark"": ""bar"", ""encoding"": {""x"": {""field"": ""DEPARTMENT_NAME"", ""type"": ""nominal""}, ""y"": {""field"": ""COUNT_"", ""type"": ""quantitative""}}}"
739,1671@y_name@ASC,Show a chart of first names and salaries for employees whose departments aren’t managed by anyone with an ID between 100 and 200.,,,,,,,,1,1,1,1,,,,,Bar,Medium,employees,"{""$schema"": ""https://vega.github.io/schema/vega-lite/v6.json"", ""description"": ""Vega-Lite chart for key 1671@y_name@ASC"", ""data"": {""values"": [{""FIRST_NAME"": ""Pat"", ""SALARY"": 6000}, {""FIRST_NAME"": ""Susan"", ""SALARY"": 6500}, {""FIRST_NAME"": ""Kimberely"", ""SALARY"": 7000}, {""FIRST_NAME"": ""William"", ""SALARY"": 8300}, {""FIRST_NAME"": ""Hermann"", ""SALARY"": 10000}, {""FIRST_NAME"": ""Shelley"", ""SALARY"": 12000}, {""FIRST_NAME"": ""Michael"", ""SALARY"": 13000}]}, ""mark"": ""bar"", ""encoding"": {""x"": {""field"": ""FIRST_NAME"", ""type"": ""nominal""}, ""y"": {""field"": ""SALARY"", ""type"": ""quantitative""}}}"
740,1696@x_name@DESC,For employees whose department managers don’t have IDs between 100 and 200?,,,,,,,,1,1,1,1,,,,,Line,Medium,employees,"{""$schema"": ""https://vega.github.io/schema/vega-lite/v6.json"", ""description"": ""Vega-Lite chart for key 1696@x_name@DESC"", ""data"": {""values"": [{""HIRE_DATE"": ""1987-10-01"", ""SALARY"": 8300}, {""HIRE_DATE"": ""1987-09-30"", ""SALARY"": 12000}, {""HIRE_DATE"": ""1987-09-29"", ""SALARY"": 10000}, {""HIRE_DATE"": ""1987-09-28"", ""SALARY"": 6500}, {""HIRE_DATE"": ""1987-09-27"", ""SALARY"": 6000}, {""HIRE_DATE"": ""1987-09-26"", ""SALARY"": 13000}, {""HIRE_DATE"": ""1987-09-03"", ""SALARY"": 7000}]}, ""mark"": ""line"", ""encoding"": {""x"": {""field"": ""HIRE_DATE"", ""type"": ""nominal""}, ""y"": {""field"": ""SALARY"", ""type"": ""quantitative""}}}"
742,1703@y_name@DESC,How many employees have each job ID among those earning more than the top‑paid PU_MAN?,,,,,,,,1,1,1,0,,,,,Bar,Hard,employees,"{""$schema"": ""https://vega.github.io/schema/vega-lite/v6.json"", ""description"": ""Vega-Lite chart for key 1703@y_name@DESC"", ""data"": {""values"": [{""JOB_ID"": ""SA_MAN"", ""COUNT_JOB_ID_"": 3}, {""JOB_ID"": ""AD_VP"", ""COUNT_JOB_ID_"": 2}, {""JOB_ID"": ""SA_REP"", ""COUNT_JOB_ID_"": 1}, {""JOB_ID"": ""MK_MAN"", ""COUNT_JOB_ID_"": 1}, {""JOB_ID"": ""FI_MGR"", ""COUNT_JOB_ID_"": 1}, {""JOB_ID"": ""AD_PRES"", ""COUNT_JOB_ID_"": 1}, {""JOB_ID"": ""AC_MGR"", ""COUNT_JOB_ID_"": 1}]}, ""mark"": ""bar"", ""encoding"": {""x"": {""field"": ""JOB_ID"", ""type"": ""nominal""}, ""y"": {""field"": ""COUNT_JOB_ID_"", ""type"": ""quantitative""}}}"
745,1802@y_name@DESC,"Which first names ending in “m” are most common among employees, and how frequently does each occur?",,,,,,,,1,1,1,0,,,,,Bar,Extra Hard,employees,"{""$schema"": ""https://vega.github.io/schema/vega-lite/v6.json"", ""description"": ""Vega-Lite chart for key 1802@y_name@DESC"", ""data"": {""values"": [{""FIRST_NAME"": ""William"", ""COUNT_FIRST_NAME_"": 2}, {""FIRST_NAME"": ""Payam"", ""COUNT_FIRST_NAME_"": 1}, {""FIRST_NAME"": ""Adam"", ""COUNT_FIRST_NAME_"": 1}]}, ""mark"": ""bar"", ""encoding"": {""x"": {""field"": ""FIRST_NAME"", ""type"": ""nominal""}, ""y"": {""field"": ""COUNT_FIRST_NAME_"", ""type"": ""quantitative""}}}"
748,1956@y_name@DESC,How many employees are in department 80 for each job title?,,,,,,,,1,1,1,1,,,,,Bar,Extra Hard,employees,"{""$schema"": ""https://vega.github.io/schema/vega-lite/v6.json"", ""description"": ""Vega-Lite chart for key 1956@y_name@DESC"", ""data"": {""values"": [{""JOB_TITLE"": ""Sales Representative"", ""COUNT_JOB_TITLE_"": 29}, {""JOB_TITLE"": ""Sales Manager"", ""COUNT_JOB_TITLE_"": 5}]}, ""mark"": ""bar"", ""encoding"": {""x"": {""field"": ""JOB_TITLE"", ""type"": ""nominal""}, ""y"": {""field"": ""COUNT_JOB_TITLE_"", ""type"": ""quantitative""}}}"
749,1963@y_name@DESC,Could you list each department with its employee count ?,,,,,,,,1,1,1,1,,,,,Bar,Hard,employees,"{""$schema"": ""https://vega.github.io/schema/vega-lite/v6.json"", ""description"": ""Vega-Lite chart for key 1963@y_name@DESC"", ""data"": {""values"": [{""DEPARTMENT_NAME"": ""Shipping"", ""COUNT_"": 45}, {""DEPARTMENT_NAME"": ""Sales"", ""COUNT_"": 34}, {""DEPARTMENT_NAME"": ""Purchasing"", ""COUNT_"": 6}, {""DEPARTMENT_NAME"": ""Finance"", ""COUNT_"": 6}, {""DEPARTMENT_NAME"": ""IT"", ""COUNT_"": 5}, {""DEPARTMENT_NAME"": ""Executive"", ""COUNT_"": 3}, {""DEPARTMENT_NAME"": ""Marketing"", ""COUNT_"": 2}, {""DEPARTMENT_NAME"": ""Accounting"", ""COUNT_"": 2}, {""DEPARTMENT_NAME"": ""Public Relations"", ""COUNT_"": 1}, {""DEPARTMENT_NAME"": ""Human Resources"", ""COUNT_"": 1}, {""DEPARTMENT_NAME"": ""Administration"", ""COUNT_"": 1}]}, ""mark"": ""bar"", ""encoding"": {""x"": {""field"": ""DEPARTMENT_NAME"", ""type"": ""nominal""}, ""y"": {""field"": ""COUNT_"", ""type"": ""quantitative""}}}"
750,2726@x_name@DESC,"Which projects require more than 300 hours, and how many scientists are assigned to eachr?",,,,,,,,1,1,1,1,,,,,Bar,Extra Hard,projects,"{""$schema"": ""https://vega.github.io/schema/vega-lite/v6.json"", ""description"": ""Vega-Lite chart for key 2726@x_name@DESC"", ""data"": {""values"": [{""Name"": ""Juicy: Extracting Apple Juice with Pectinase"", ""count_"": 1}, {""Name"": ""Build Your Own Telescope"", ""count_"": 3}, {""Name"": ""Aerodynamics and Ice Hockey"", ""count_"": 1}, {""Name"": ""A Silver-Cleaning Battery"", ""count_"": 2}]}, ""mark"": ""bar"", ""encoding"": {""x"": {""field"": ""Name"", ""type"": ""nominal""}, ""y"": {""field"": ""count_"", ""type"": ""quantitative""}}}"
753,748@y_name@DESC,"How many paragraphs are in the document titled “Customer reviews,”?",,,,,,,,1,1,1,1,,,,,Bar,Extra Hard,Paragraphs,"{""$schema"": ""https://vega.github.io/schema/vega-lite/v6.json"", ""description"": ""Vega-Lite chart for key 748@y_name@DESC"", ""data"": {""values"": [{""Paragraph_Text"": ""Korea"", ""COUNT_Paragraph_Text_"": 2}, {""Paragraph_Text"": ""Ukraine"", ""COUNT_Paragraph_Text_"": 1}]}, ""mark"": ""bar"", ""encoding"": {""x"": {""field"": ""Paragraph_Text"", ""type"": ""nominal""}, ""y"": {""field"": ""COUNT_Paragraph_Text_"", ""type"": ""quantitative""}}}"
754,753@x_name@DESC,What are the different template type codes and how many templates correspond to each?,,,,,,,,1,1,1,1,,,,,Bar,Medium,Templates,"{""$schema"": ""https://vega.github.io/schema/vega-lite/v6.json"", ""description"": ""Vega-Lite chart for key 753@x_name@DESC"", ""data"": {""values"": [{""Template_Type_Code"": ""PPT"", ""count_"": 3}, {""Template_Type_Code"": ""PP"", ""count_"": 6}, {""Template_Type_Code"": ""CV"", ""count_"": 2}, {""Template_Type_Code"": ""BK"", ""count_"": 6}, {""Template_Type_Code"": ""AD"", ""count_"": 3}]}, ""mark"": ""bar"", ""encoding"": {""x"": {""field"": ""Template_Type_Code"", ""type"": ""nominal""}, ""y"": {""field"": ""count_"", ""type"": ""quantitative""}}}"
755,754@y_name@ASC,How many templates of each type have a version number greater than 5?,,,,,,,,1,1,1,1,,,,,Bar,Hard,Templates,"{""$schema"": ""https://vega.github.io/schema/vega-lite/v6.json"", ""description"": ""Vega-Lite chart for key 754@y_name@ASC"", ""data"": {""values"": [{""Template_Type_Code"": ""CV"", ""COUNT_Template_Type_Code_"": 1}, {""Template_Type_Code"": ""PPT"", ""COUNT_Template_Type_Code_"": 1}, {""Template_Type_Code"": ""BK"", ""COUNT_Template_Type_Code_"": 2}, {""Template_Type_Code"": ""PP"", ""COUNT_Template_Type_Code_"": 2}, {""Template_Type_Code"": ""AD"", ""COUNT_Template_Type_Code_"": 3}]}, ""mark"": ""bar"", ""encoding"": {""x"": {""field"": ""Template_Type_Code"", ""type"": ""nominal""}, ""y"": {""field"": ""COUNT_Template_Type_Code_"", ""type"": ""quantitative""}}}"
756,763@y_name@ASC,Show a chart with document descriptions and their counts.,,,,,,,,1,1,1,1,,,,,Bar,Medium,Documents,"{""$schema"": ""https://vega.github.io/schema/vega-lite/v6.json"", ""description"": ""Vega-Lite chart for key 763@y_name@ASC"", ""data"": {""values"": [{""Document_Description"": ""b"", ""COUNT_Document_Description_"": 1}, {""Document_Description"": ""f"", ""COUNT_Document_Description_"": 1}, {""Document_Description"": ""k"", ""COUNT_Document_Description_"": 1}, {""Document_Description"": ""n"", ""COUNT_Document_Description_"": 1}, {""Document_Description"": ""r"", ""COUNT_Document_Description_"": 1}, {""Document_Description"": ""u"", ""COUNT_Document_Description_"": 1}, {""Document_Description"": ""z"", ""COUNT_Document_Description_"": 1}, {""Document_Description"": ""h"", ""COUNT_Document_Description_"": 2}, {""Document_Description"": ""w"", ""COUNT_Document_Description_"": 2}, {""Document_Description"": ""y"", ""COUNT_Document_Description_"": 4}]}, ""mark"": ""bar"", ""encoding"": {""x"": {""field"": ""Document_Description"", ""type"": ""nominal""}, ""y"": {""field"": ""COUNT_Document_Description_"", ""type"": ""quantitative""}}}"
757,2625@x_name@ASC,What’s the total channel rating for each owner?,,,,,,,,1,1,1,1,,,,,Bar,Medium,channel,"{""$schema"": ""https://vega.github.io/schema/vega-lite/v6.json"", ""description"": ""Vega-Lite chart for key 2625@x_name@ASC"", ""data"": {""values"": [{""Owner"": ""Anhui Television"", ""sum_Rating_in_percent_"": 0.2}, {""Owner"": ""CCTV"", ""sum_Rating_in_percent_"": 2.43}, {""Owner"": ""HBS"", ""sum_Rating_in_percent_"": 0.53}, {""Owner"": ""Shandong Television"", ""sum_Rating_in_percent_"": 0.19}]}, ""mark"": ""bar"", ""encoding"": {""x"": {""field"": ""Owner"", ""type"": ""nominal""}, ""y"": {""field"": ""sum_Rating_in_percent_"", ""type"": ""quantitative""}}}"
758,609@x_name@ASC,How many Psychology courses are offered in each building?,,,,,,,,1,1,1,1,,,,,Bar,Extra Hard,course,"{""$schema"": ""https://vega.github.io/schema/vega-lite/v6.json"", ""description"": ""Vega-Lite chart for key 609@x_name@ASC"", ""data"": {""values"": [{""building"": ""Chandler"", ""COUNT_building_"": 1}, {""building"": ""Fairchild"", ""COUNT_building_"": 2}, {""building"": ""Lambeau"", ""COUNT_building_"": 2}, {""building"": ""Lamberton"", ""COUNT_building_"": 1}, {""building"": ""Main"", ""COUNT_building_"": 1}, {""building"": ""Nassau"", ""COUNT_building_"": 1}, {""building"": ""Saucon"", ""COUNT_building_"": 1}, {""building"": ""Stabler"", ""COUNT_building_"": 1}, {""building"": ""Taylor"", ""COUNT_building_"": 1}, {""building"": ""Whitman"", ""COUNT_building_"": 1}]}, ""mark"": ""bar"", ""encoding"": {""x"": {""field"": ""building"", ""type"": ""nominal""}, ""y"": {""field"": ""COUNT_building_"", ""type"": ""quantitative""}}}"
759,619@x_name@ASC,What’s the minimum salary in each department?,,,,,,,,1,1,1,1,,,,,Bar,Easy,instructor,"{""$schema"": ""https://vega.github.io/schema/vega-lite/v6.json"", ""description"": ""Vega-Lite chart for key 619@x_name@ASC"", ""data"": {""values"": [{""dept_name"": ""Accounting"", ""min_salary_"": 32241.56}, {""dept_name"": ""Astronomy"", ""min_salary_"": 79070.08}, {""dept_name"": ""Athletics"", ""min_salary_"": 50482.03}, {""dept_name"": ""Biology"", ""min_salary_"": 45538.32}, {""dept_name"": ""Comp. Sci."", ""min_salary_"": 80797.83}, {""dept_name"": ""Cybernetics"", ""min_salary_"": 79866.95}, {""dept_name"": ""Elec. Eng."", ""min_salary_"": 34272.67}, {""dept_name"": ""English"", ""min_salary_"": 35023.18}, {""dept_name"": ""Finance"", ""min_salary_"": 105311.38}, {""dept_name"": ""Geology"", ""min_salary_"": 99382.59}, {""dept_name"": ""Languages"", ""min_salary_"": 32570.5}, {""dept_name"": ""Marketing"", ""min_salary_"": 43770.36}, {""dept_name"": ""Mech. Eng."", ""min_salary_"": 51647.57}, {""dept_name"": ""Physics"", ""min_salary_"": 108011.81}, {""dept_name"": ""Pol. Sci."", ""min_salary_"": 87549.8}, {""dept_name"": ""Psychology"", ""min_salary_"": 59706.49}, {""dept_name"": ""Statistics"", ""min_salary_"": 45310.53}]}, ""mark"": ""bar"", ""encoding"": {""x"": {""field"": ""dept_name"", ""type"": ""nominal""}, ""y"": {""field"": ""min_salary_"", ""type"": ""quantitative""}}}"
763,627@y_name@DESC,What’s the average salary for each department?,,,,,,,,1,1,1,1,,,,,Bar,Medium,instructor,"{""$schema"": ""https://vega.github.io/schema/vega-lite/v6.json"", ""description"": ""Vega-Lite chart for key 627@y_name@DESC"", ""data"": {""values"": [{""dept_name"": ""Physics"", ""AVG_salary_"": 114576.9}, {""dept_name"": ""Finance"", ""AVG_salary_"": 105311.38}, {""dept_name"": ""Pol. Sci."", ""AVG_salary_"": 100053.07333333332}, {""dept_name"": ""Geology"", ""AVG_salary_"": 99382.59}, {""dept_name"": ""Comp. Sci."", ""AVG_salary_"": 98133.47}, {""dept_name"": ""Cybernetics"", ""AVG_salary_"": 96346.5675}, {""dept_name"": ""Marketing"", ""AVG_salary_"": 84097.4375}, {""dept_name"": ""Mech. Eng."", ""AVG_salary_"": 79813.02}, {""dept_name"": ""Astronomy"", ""AVG_salary_"": 79070.08}, {""dept_name"": ""Athletics"", ""AVG_salary_"": 77098.198}, {""dept_name"": ""Elec. Eng."", ""AVG_salary_"": 74162.73999999999}, {""dept_name"": ""English"", ""AVG_salary_"": 72089.04999999999}, {""dept_name"": ""Statistics"", ""AVG_salary_"": 67795.44166666667}, {""dept_name"": ""Biology"", ""AVG_salary_"": 61287.25}, {""dept_name"": ""Psychology"", ""AVG_salary_"": 61143.05}, {""dept_name"": ""Languages"", ""AVG_salary_"": 57421.85666666667}, {""dept_name"": ""Accounting"", ""AVG_salary_"": 48716.5925}]}, ""mark"": ""bar"", ""encoding"": {""x"": {""field"": ""dept_name"", ""type"": ""nominal""}, ""y"": {""field"": ""AVG_salary_"", ""type"": ""quantitative""}}}"
764,630@y_name@DESC,What’s the count of instructors per department?,,,,,,,,1,1,1,1,,,,,Bar,Medium,department,"{""$schema"": ""https://vega.github.io/schema/vega-lite/v6.json"", ""description"": ""Vega-Lite chart for key 630@y_name@DESC"", ""data"": {""values"": [{""dept_name"": ""Statistics"", ""count_DISTINCT_T3_id_"": 6}, {""dept_name"": ""Athletics"", ""count_DISTINCT_T3_id_"": 5}, {""dept_name"": ""Marketing"", ""count_DISTINCT_T3_id_"": 4}, {""dept_name"": ""English"", ""count_DISTINCT_T3_id_"": 4}, {""dept_name"": ""Elec. Eng."", ""count_DISTINCT_T3_id_"": 4}, {""dept_name"": ""Cybernetics"", ""count_DISTINCT_T3_id_"": 4}, {""dept_name"": ""Accounting"", ""count_DISTINCT_T3_id_"": 4}, {""dept_name"": ""Pol. Sci."", ""count_DISTINCT_T3_id_"": 3}, {""dept_name"": ""Languages"", ""count_DISTINCT_T3_id_"": 3}, {""dept_name"": ""Psychology"", ""count_DISTINCT_T3_id_"": 2}, {""dept_name"": ""Physics"", ""count_DISTINCT_T3_id_"": 2}, {""dept_name"": ""Mech. Eng."", ""count_DISTINCT_T3_id_"": 2}, {""dept_name"": ""Comp. Sci."", ""count_DISTINCT_T3_id_"": 2}, {""dept_name"": ""Biology"", ""count_DISTINCT_T3_id_"": 2}, {""dept_name"": ""Geology"", ""count_DISTINCT_T3_id_"": 1}, {""dept_name"": ""Finance"", ""count_DISTINCT_T3_id_"": 1}, {""dept_name"": ""Astronomy"", ""count_DISTINCT_T3_id_"": 1}]}, ""mark"": ""bar"", ""encoding"": {""x"": {""field"": ""dept_name"", ""type"": ""nominal""}, ""y"": {""field"": ""count_DISTINCT_T3_id_"", ""type"": ""quantitative""}}}"
765,633@y_name@DESC,What’s the average number of credits for courses that have more than one prerequisite in each department?,,,,,,,,1,1,1,1,,,,,Bar,Hard,course,"{""$schema"": ""https://vega.github.io/schema/vega-lite/v6.json"", ""description"": ""Vega-Lite chart for key 633@y_name@DESC"", ""data"": {""values"": [{""dept_name"": ""Pol. Sci."", ""AVG_credits_"": 4.0}, {""dept_name"": ""Comp. Sci."", ""AVG_credits_"": 4.0}, {""dept_name"": ""Astronomy"", ""AVG_credits_"": 4.0}, {""dept_name"": ""Finance"", ""AVG_credits_"": 3.8}, {""dept_name"": ""Physics"", ""AVG_credits_"": 3.75}, {""dept_name"": ""Civil Eng."", ""AVG_credits_"": 3.5714285714285716}, {""dept_name"": ""English"", ""AVG_credits_"": 3.5}, {""dept_name"": ""Elec. Eng."", ""AVG_credits_"": 3.5}, {""dept_name"": ""Biology"", ""AVG_credits_"": 3.4}, {""dept_name"": ""Math"", ""AVG_credits_"": 3.3333333333333335}, {""dept_name"": ""Cybernetics"", ""AVG_credits_"": 3.3333333333333335}, {""dept_name"": ""Athletics"", ""AVG_credits_"": 3.3333333333333335}, {""dept_name"": ""Statistics"", ""AVG_credits_"": 3.25}, {""dept_name"": ""Mech. Eng."", ""AVG_credits_"": 3.2222222222222223}, {""dept_name"": ""Marketing"", ""AVG_credits_"": 3.2}, {""dept_name"": ""Geology"", ""AVG_credits_"": 3.2}, {""dept_name"": ""Psychology"", ""AVG_credits_"": 3.111111111111111}, {""dept_name"": ""History"", ""AVG_credits_"": 3.0}, {""dept_name"": ""Accounting"", ""AVG_credits_"": 3.0}]}, ""mark"": ""bar"", ""encoding"": {""x"": {""field"": ""dept_name"", ""type"": ""nominal""}, ""y"": {""field"": ""AVG_credits_"", ""type"": ""quantitative""}}}"
766,636@y_name@DESC,What’s the average number of credits for courses that have more than one prerequisite?,,,,,,,,1,1,1,1,,,,,Bar,Hard,course,"{""$schema"": ""https://vega.github.io/schema/vega-lite/v6.json"", ""description"": ""Vega-Lite chart for key 636@y_name@DESC"", ""data"": {""values"": [{""title"": ""World History"", ""AVG_credits_"": 4}, {""title"": ""Groups and Rings"", ""AVG_credits_"": 4}, {""title"": ""Game Programming"", ""AVG_credits_"": 4}, {""title"": ""Embedded Systems"", ""AVG_credits_"": 4}, {""title"": ""International Practicum"", ""AVG_credits_"": 3.5}, {""title"": ""Rock and Roll"", ""AVG_credits_"": 3}, {""title"": ""Ponzi Schemes"", ""AVG_credits_"": 3}, {""title"": ""Operating Systems"", ""AVG_credits_"": 3}, {""title"": ""Immunology"", ""AVG_credits_"": 3}, {""title"": ""Graph Theory"", ""AVG_credits_"": 3}, {""title"": ""Fiction Writing"", ""AVG_credits_"": 3}, {""title"": ""Electron Microscopy"", ""AVG_credits_"": 3}, {""title"": ""Elastic Structures"", ""AVG_credits_"": 3}, {""title"": ""Differential Geometry"", ""AVG_credits_"": 3}, {""title"": ""Cat Herding"", ""AVG_credits_"": 3}, {""title"": ""Aquatic Chemistry"", ""AVG_credits_"": 3}]}, ""mark"": ""bar"", ""encoding"": {""x"": {""field"": ""title"", ""type"": ""nominal""}, ""y"": {""field"": ""AVG_credits_"", ""type"": ""quantitative""}}}"
770,648@x_name@ASC,"How many courses are offered each year, broken down by semester ?",,,,,,,,1,1,1,1,,,,,Grouping Line,Extra Hard,college_2,"{""$schema"": ""https://vega.github.io/schema/vega-lite/v6.json"", ""description"": ""Vega-Lite chart for key 648@x_name@ASC"", ""data"": {""values"": [{""classify"": ""Fall"", ""year"": ""2001"", ""count_"": 2}, {""classify"": ""Fall"", ""year"": ""2002"", ""count_"": 9}, {""classify"": ""Fall"", ""year"": ""2003"", ""count_"": 6}, {""classify"": ""Fall"", ""year"": ""2004"", ""count_"": 3}, {""classify"": ""Fall"", ""year"": ""2005"", ""count_"": 4}, {""classify"": ""Fall"", ""year"": ""2006"", ""count_"": 8}, {""classify"": ""Fall"", ""year"": ""2007"", ""count_"": 6}, {""classify"": ""Fall"", ""year"": ""2008"", ""count_"": 1}, {""classify"": ""Fall"", ""year"": ""2009"", ""count_"": 7}, {""classify"": ""Fall"", ""year"": ""2010"", ""count_"": 5}, {""classify"": ""Spring"", ""year"": ""2001"", ""count_"": 3}, {""classify"": ""Spring"", ""year"": ""2002"", ""count_"": 4}, {""classify"": ""Spring"", ""year"": ""2003"", ""count_"": 6}, {""classify"": ""Spring"", ""year"": ""2004"", ""count_"": 4}, {""classify"": ""Spring"", ""year"": ""2005"", ""count_"": 4}, {""classify"": ""Spring"", ""year"": ""2006"", ""count_"": 5}, {""classify"": ""Spring"", ""year"": ""2007"", ""count_"": 6}, {""classify"": ""Spring"", ""year"": ""2008"", ""count_"": 9}, {""classify"": ""Spring"", ""year"": ""2009"", ""count_"": 2}, {""classify"": ""Spring"", ""year"": ""2010"", ""count_"": 6}]}, ""mark"": ""line"", ""encoding"": {""x"": {""field"": ""year"", ""type"": ""nominal""}, ""y"": {""field"": ""count_"", ""type"": ""quantitative""}, ""color"": {""field"": ""classify"", ""type"": ""nominal""}}}"
771,652@x_name@DESC,How many courses did each instructor teach in 2008?,,,,,,,,1,1,1,0,,,,,Bar,Extra Hard,course,"{""$schema"": ""https://vega.github.io/schema/vega-lite/v6.json"", ""description"": ""Vega-Lite chart for key 652@x_name@DESC"", ""data"": {""values"": [{""name"": ""Ullman "", ""COUNT_name_"": 1}, {""name"": ""Mingoz"", ""COUNT_name_"": 2}, {""name"": ""Mahmoud"", ""COUNT_name_"": 1}, {""name"": ""Jaekel"", ""COUNT_name_"": 1}, {""name"": ""Dale"", ""COUNT_name_"": 2}, {""name"": ""DAgostino"", ""COUNT_name_"": 2}, {""name"": ""Bietzk"", ""COUNT_name_"": 1}]}, ""mark"": ""bar"", ""encoding"": {""x"": {""field"": ""name"", ""type"": ""nominal""}, ""y"": {""field"": ""COUNT_name_"", ""type"": ""quantitative""}}}"
772,653@x_name@DESC,What’s the count of instructors for each course in 2008t?,,,,,,,,1,1,1,1,,,,,Bar,Extra Hard,course,"{""$schema"": ""https://vega.github.io/schema/vega-lite/v6.json"", ""description"": ""Vega-Lite chart for key 653@x_name@DESC"", ""data"": {""values"": [{""title"": ""World History"", ""COUNT_title_"": 1}, {""title"": ""Transaction Processing"", ""COUNT_title_"": 1}, {""title"": ""Surfing"", ""COUNT_title_"": 1}, {""title"": ""Race Car Driving"", ""COUNT_title_"": 1}, {""title"": ""Networking"", ""COUNT_title_"": 1}, {""title"": ""Marine Mammals"", ""COUNT_title_"": 1}, {""title"": ""Embedded Systems"", ""COUNT_title_"": 1}, {""title"": ""Elastic Structures"", ""COUNT_title_"": 2}, {""title"": ""Animal Behavior"", ""COUNT_title_"": 1}]}, ""mark"": ""bar"", ""encoding"": {""x"": {""field"": ""title"", ""type"": ""nominal""}, ""y"": {""field"": ""COUNT_title_"", ""type"": ""quantitative""}}}"
773,654@x_name@DESC,What’s the total number of students per department?,,,,,,,,1,1,1,1,,,,,Bar,Medium,student,"{""$schema"": ""https://vega.github.io/schema/vega-lite/v6.json"", ""description"": ""Vega-Lite chart for key 654@x_name@DESC"", ""data"": {""values"": [{""dept_name"": ""Statistics"", ""count_"": 85}, {""dept_name"": ""Psychology"", ""count_"": 100}, {""dept_name"": ""Pol. Sci."", ""count_"": 109}, {""dept_name"": ""Physics"", ""count_"": 96}, {""dept_name"": ""Mech. Eng."", ""count_"": 105}, {""dept_name"": ""Math"", ""count_"": 91}, {""dept_name"": ""Marketing"", ""count_"": 85}, {""dept_name"": ""Languages"", ""count_"": 119}, {""dept_name"": ""History"", ""count_"": 117}, {""dept_name"": ""Geology"", ""count_"": 92}, {""dept_name"": ""Finance"", ""count_"": 97}, {""dept_name"": ""English"", ""count_"": 95}, {""dept_name"": ""Elec. Eng."", ""count_"": 98}, {""dept_name"": ""Cybernetics"", ""count_"": 86}, {""dept_name"": ""Comp. Sci."", ""count_"": 108}, {""dept_name"": ""Civil Eng."", ""count_"": 120}, {""dept_name"": ""Biology"", ""count_"": 100}, {""dept_name"": ""Athletics"", ""count_"": 92}, {""dept_name"": ""Astronomy"", ""count_"": 106}, {""dept_name"": ""Accounting"", ""count_"": 99}]}, ""mark"": ""bar"", ""encoding"": {""x"": {""field"": ""dept_name"", ""type"": ""nominal""}, ""y"": {""field"": ""count_"", ""type"": ""quantitative""}}}"
774,655@x_name@DESC,"Which departments have budgets above the average, and what are their names and budget amounts?",,,,,,,,1,1,1,1,,,,,Bar,Medium,department,"{""$schema"": ""https://vega.github.io/schema/vega-lite/v6.json"", ""description"": ""Vega-Lite chart for key 655@x_name@DESC"", ""data"": {""values"": [{""dept_name"": ""Psychology"", ""budget"": 848175.04}, {""dept_name"": ""Pol. Sci."", ""budget"": 573745.09}, {""dept_name"": ""Physics"", ""budget"": 942162.76}, {""dept_name"": ""Math"", ""budget"": 777605.11}, {""dept_name"": ""Languages"", ""budget"": 601283.6}, {""dept_name"": ""History"", ""budget"": 699140.86}, {""dept_name"": ""Finance"", ""budget"": 866831.75}, {""dept_name"": ""English"", ""budget"": 611042.66}, {""dept_name"": ""Cybernetics"", ""budget"": 794541.46}, {""dept_name"": ""Biology"", ""budget"": 647610.55}, {""dept_name"": ""Athletics"", ""budget"": 734550.7}, {""dept_name"": ""Astronomy"", ""budget"": 617253.94}]}, ""mark"": ""bar"", ""encoding"": {""x"": {""field"": ""dept_name"", ""type"": ""nominal""}, ""y"": {""field"": ""budget"", ""type"": ""quantitative""}}}"
775,657@y_name@ASC,"Which departments have budgets above the average for each building, and how many there are in total?",,,,,,,,1,1,1,1,,,,,Bar,Hard,department,"{""$schema"": ""https://vega.github.io/schema/vega-lite/v6.json"", ""description"": ""Vega-Lite chart for key 657@y_name@ASC"", ""data"": {""values"": [{""building"": ""Brodhead"", ""COUNT_building_"": 1}, {""building"": ""Bronfman"", ""COUNT_building_"": 1}, {""building"": ""Linderman"", ""COUNT_building_"": 1}, {""building"": ""Mercer"", ""COUNT_building_"": 1}, {""building"": ""Palmer"", ""COUNT_building_"": 1}, {""building"": ""Thompson"", ""COUNT_building_"": 1}, {""building"": ""Whitman"", ""COUNT_building_"": 1}, {""building"": ""Wrigley"", ""COUNT_building_"": 1}, {""building"": ""Candlestick"", ""COUNT_building_"": 2}, {""building"": ""Taylor"", ""COUNT_building_"": 2}]}, ""mark"": ""bar"", ""encoding"": {""x"": {""field"": ""building"", ""type"": ""nominal""}, ""y"": {""field"": ""COUNT_building_"", ""type"": ""quantitative""}}}"
776,713@y_name@DESC,Could you list each teacher with the count of courses they teach?,,,,,,,,1,1,1,1,,,,,Bar,Hard,course_arrange,"{""$schema"": ""https://vega.github.io/schema/vega-lite/v6.json"", ""description"": ""Vega-Lite chart for key 713@y_name@DESC"", ""data"": {""values"": [{""Name"": ""Anne Walker"", ""COUNT_"": 2}, {""Name"": ""Vicente Carretero"", ""COUNT_"": 1}, {""Name"": ""Lucy Wong"", ""COUNT_"": 1}, {""Name"": ""Kearsley Brown"", ""COUNT_"": 1}, {""Name"": ""Gustaaf Deloor"", ""COUNT_"": 1}]}, ""mark"": ""bar"", ""encoding"": {""x"": {""field"": ""Name"", ""type"": ""nominal""}, ""y"": {""field"": ""COUNT_"", ""type"": ""quantitative""}}}"
777,715@y_name@DESC,What’s the number of courses each teacher teaches?,,,,,,,,1,1,1,1,,,,,Bar,Hard,course_arrange,"{""$schema"": ""https://vega.github.io/schema/vega-lite/v6.json"", ""description"": ""Vega-Lite chart for key 715@y_name@DESC"", ""data"": {""values"": [{""Name"": ""Anne Walker"", ""COUNT_Name_"": 2}, {""Name"": ""Vicente Carretero"", ""COUNT_Name_"": 1}, {""Name"": ""Lucy Wong"", ""COUNT_Name_"": 1}, {""Name"": ""Kearsley Brown"", ""COUNT_Name_"": 1}, {""Name"": ""Gustaaf Deloor"", ""COUNT_Name_"": 1}]}, ""mark"": ""bar"", ""encoding"": {""x"": {""field"": ""Name"", ""type"": ""nominal""}, ""y"": {""field"": ""COUNT_Name_"", ""type"": ""quantitative""}}}"
778,719@x_name@DESC,How many courses does each teacher teach?,,,,,,,,1,1,1,1,,,,,Bar,Hard,course_arrange,"{""$schema"": ""https://vega.github.io/schema/vega-lite/v6.json"", ""description"": ""Vega-Lite chart for key 719@x_name@DESC"", ""data"": {""values"": [{""Name"": ""Vicente Carretero"", ""COUNT_Name_"": 1}, {""Name"": ""Lucy Wong"", ""COUNT_Name_"": 1}, {""Name"": ""Kearsley Brown"", ""COUNT_Name_"": 1}, {""Name"": ""Gustaaf Deloor"", ""COUNT_Name_"": 1}, {""Name"": ""Anne Walker"", ""COUNT_Name_"": 2}]}, ""mark"": ""bar"", ""encoding"": {""x"": {""field"": ""Name"", ""type"": ""nominal""}, ""y"": {""field"": ""COUNT_Name_"", ""type"": ""quantitative""}}}"
779,380@x_name@ASC,Could you show a chart of the average height for each sex?,,,,,,,,1,1,1,1,,,,,Bar,Medium,people,"{""$schema"": ""https://vega.github.io/schema/vega-lite/v6.json"", ""description"": ""Vega-Lite chart for key 380@x_name@ASC"", ""data"": {""values"": [{""Sex"": ""F"", ""AVG_Height_"": 197.5}, {""Sex"": ""M"", ""AVG_Height_"": 195.14285714285714}]}, ""mark"": ""bar"", ""encoding"": {""x"": {""field"": ""Sex"", ""type"": ""nominal""}, ""y"": {""field"": ""AVG_Height_"", ""type"": ""quantitative""}}}"
780,383@x_name@ASC,Could you show a chart of the average weight for each sex?,,,,,,,,1,1,1,1,,,,,Bar,Medium,people,"{""$schema"": ""https://vega.github.io/schema/vega-lite/v6.json"", ""description"": ""Vega-Lite chart for key 383@x_name@ASC"", ""data"": {""values"": [{""Sex"": ""F"", ""AVG_Weight_"": 92}, {""Sex"": ""M"", ""AVG_Weight_"": 86.71428571428571}]}, ""mark"": ""bar"", ""encoding"": {""x"": {""field"": ""Sex"", ""type"": ""nominal""}, ""y"": {""field"": ""AVG_Weight_"", ""type"": ""quantitative""}}}"
781,394@y_name@DESC,Could you show a chart comparing heights for each name?,,,,,,,,1,1,1,1,,,,,Bar,Easy,people,"{""$schema"": ""https://vega.github.io/schema/vega-lite/v6.json"", ""description"": ""Vega-Lite chart for key 394@y_name@DESC"", ""data"": {""values"": [{""Name"": ""Laurent Capet"", ""Height"": 202}, {""Name"": ""Stéphane Antiga"", ""Height"": 200}, {""Name"": ""Dominique Daquin"", ""Height"": 197}, {""Name"": ""Vincent Montméat"", ""Height"": 196}, {""Name"": ""Guillaume Samica"", ""Height"": 196}, {""Name"": ""Frantz Granvorka"", ""Height"": 195}, {""Name"": ""Philippe Barça-Cysique"", ""Height"": 194}, {""Name"": ""Loïc De Kergret"", ""Height"": 193}, {""Name"": ""Hubert Henno"", ""Height"": 188}]}, ""mark"": ""bar"", ""encoding"": {""x"": {""field"": ""Name"", ""type"": ""nominal""}, ""y"": {""field"": ""Height"", ""type"": ""quantitative""}}}"
782,395@x_name@ASC,Could you display a chart of Name versus Weight?,,,,,,,,1,1,1,1,,,,,Bar,Easy,people,"{""$schema"": ""https://vega.github.io/schema/vega-lite/v6.json"", ""description"": ""Vega-Lite chart for key 395@x_name@ASC"", ""data"": {""values"": [{""Name"": ""Dominique Daquin"", ""Weight"": 85}, {""Name"": ""Frantz Granvorka"", ""Weight"": 90}, {""Name"": ""Guillaume Samica"", ""Weight"": 82}, {""Name"": ""Hubert Henno"", ""Weight"": 83}, {""Name"": ""Laurent Capet"", ""Weight"": 92}, {""Name"": ""Loïc De Kergret"", ""Weight"": 89}, {""Name"": ""Philippe Barça-Cysique"", ""Weight"": 88}, {""Name"": ""Stéphane Antiga"", ""Weight"": 94}, {""Name"": ""Vincent Montméat"", ""Weight"": 88}]}, ""mark"": ""bar"", ""encoding"": {""x"": {""field"": ""Name"", ""type"": ""nominal""}, ""y"": {""field"": ""Weight"", ""type"": ""quantitative""}}}"
783,406@x_name@ASC,What’s the minimum weight for each sex?,,,,,,,,1,1,1,1,,,,,Bar,Easy,people,"{""$schema"": ""https://vega.github.io/schema/vega-lite/v6.json"", ""description"": ""Vega-Lite chart for key 406@x_name@ASC"", ""data"": {""values"": [{""Sex"": ""F"", ""min_weight_"": 90}, {""Sex"": ""M"", ""min_weight_"": 82}]}, ""mark"": ""bar"", ""encoding"": {""x"": {""field"": ""Sex"", ""type"": ""nominal""}, ""y"": {""field"": ""min_weight_"", ""type"": ""quantitative""}}}"
784,723@y_name@ASC,How many employees are in each role?,,,,,,,,1,1,1,1,,,,,Bar,Hard,ROLES,"{""$schema"": ""https://vega.github.io/schema/vega-lite/v6.json"", ""description"": ""Vega-Lite chart for key 723@y_name@ASC"", ""data"": {""values"": [{""role_description"": ""Manager"", ""count_"": 1}, {""role_description"": ""Proof Manager"", ""count_"": 1}, {""role_description"": ""Editor"", ""count_"": 2}, {""role_description"": ""Photo"", ""count_"": 2}]}, ""mark"": ""bar"", ""encoding"": {""x"": {""field"": ""role_description"", ""type"": ""nominal""}, ""y"": {""field"": ""count_"", ""type"": ""quantitative""}}}"
785,725@x_name@DESC,Could you show a chart of the employee count for each roler?,,,,,,,,1,1,1,1,,,,,Bar,Hard,ROLES,"{""$schema"": ""https://vega.github.io/schema/vega-lite/v6.json"", ""description"": ""Vega-Lite chart for key 725@x_name@DESC"", ""data"": {""values"": [{""role_code"": ""PT"", ""count_"": 2}, {""role_code"": ""PR"", ""count_"": 1}, {""role_code"": ""MG"", ""count_"": 1}, {""role_code"": ""ED"", ""count_"": 2}]}, ""mark"": ""bar"", ""encoding"": {""x"": {""field"": ""role_code"", ""type"": ""nominal""}, ""y"": {""field"": ""count_"", ""type"": ""quantitative""}}}"
786,726@y_name@DESC,"What’s the count of documents for each receipt date, grouped by weekday?",,,,,,,,1,1,1,1,,,,,Bar,Medium,Documents,"{""$schema"": ""https://vega.github.io/schema/vega-lite/v6.json"", ""description"": ""Vega-Lite chart for key 726@y_name@DESC"", ""data"": {""values"": [{""receipt_date"": ""Mon"", ""COUNT_receipt_date_"": 4}, {""receipt_date"": ""Fri"", ""COUNT_receipt_date_"": 3}, {""receipt_date"": ""Wed"", ""COUNT_receipt_date_"": 2}, {""receipt_date"": ""Sun"", ""COUNT_receipt_date_"": 2}, {""receipt_date"": ""Sat"", ""COUNT_receipt_date_"": 2}, {""receipt_date"": ""Tue"", ""COUNT_receipt_date_"": 1}, {""receipt_date"": ""Thur"", ""COUNT_receipt_date_"": 1}]}, ""mark"": ""bar"", ""encoding"": {""x"": {""field"": ""receipt_date"", ""type"": ""nominal""}, ""y"": {""field"": ""COUNT_receipt_date_"", ""type"": ""quantitative""}}}"
787,3208@x_name@DESC,Could you show the names and ages of all male individuals who don’t have a wedding?,,,,,,,,1,1,1,1,,,,,Bar,Medium,people,"{""$schema"": ""https://vega.github.io/schema/vega-lite/v6.json"", ""description"": ""Vega-Lite chart for key 3208@x_name@DESC"", ""data"": {""values"": [{""Name"": ""Graeme McDowell"", ""Age"": 34}, {""Name"": ""Adam Scott"", ""Age"": 26}]}, ""mark"": ""bar"", ""encoding"": {""x"": {""field"": ""Name"", ""type"": ""nominal""}, ""y"": {""field"": ""Age"", ""type"": ""quantitative""}}}"
790,3216@y_name@ASC,Could you show a chart of the total counts per country?,,,,,,,,1,1,1,0,,,,,Bar,Medium,people,"{""$schema"": ""https://vega.github.io/schema/vega-lite/v6.json"", ""description"": ""Vega-Lite chart for key 3216@y_name@ASC"", ""data"": {""values"": [{""Country"": ""Australia"", ""count_"": 1}, {""Country"": ""Canada"", ""count_"": 1}, {""Country"": ""Northern Ireland"", ""count_"": 1}, {""Country"": ""Sweden"", ""count_"": 1}, {""Country"": ""United States"", ""count_"": 8}]}, ""mark"": ""bar"", ""encoding"": {""x"": {""field"": ""Country"", ""type"": ""nominal""}, ""y"": {""field"": ""count_"", ""type"": ""quantitative""}}}"
792,2066@y_name@DESC,"Which customer’s name contains an “a,” and what’s their account balance?",,,,,,,,1,1,1,0,,,,,Bar,Hard,customer,"{""$schema"": ""https://vega.github.io/schema/vega-lite/v6.json"", ""description"": ""Vega-Lite chart for key 2066@y_name@DESC"", ""data"": {""values"": [{""cust_name"": ""Mary"", ""acc_bal"": 2000}, {""cust_name"": ""Jack"", ""acc_bal"": 1000}]}, ""mark"": ""bar"", ""encoding"": {""x"": {""field"": ""cust_name"", ""type"": ""nominal""}, ""y"": {""field"": ""acc_bal"", ""type"": ""quantitative""}}}"
793,2072@y_name@ASC,Which bank branches are there and what’s the total loan amount for each?,,,,,,,,1,1,1,1,,,,,Bar,Hard,bank,"{""$schema"": ""https://vega.github.io/schema/vega-lite/v6.json"", ""description"": ""Vega-Lite chart for key 2072@y_name@ASC"", ""data"": {""values"": [{""bname"": ""morningside"", ""sum_amount_"": 2050}, {""bname"": ""downtown"", ""sum_amount_"": 3000}, {""bname"": ""broadway"", ""sum_amount_"": 5000}]}, ""mark"": ""bar"", ""encoding"": {""x"": {""field"": ""bname"", ""type"": ""nominal""}, ""y"": {""field"": ""sum_amount_"", ""type"": ""quantitative""}}}"
794,2655@x_name@ASC,"Which railway builders are there, and how many railways has each built?",,,,,,,,1,1,1,1,,,,,Bar,Medium,railway,"{""$schema"": ""https://vega.github.io/schema/vega-lite/v6.json"", ""description"": ""Vega-Lite chart for key 2655@x_name@ASC"", ""data"": {""values"": [{""Builder"": ""Avonside"", ""COUNT_"": 1}, {""Builder"": ""GER Hartford"", ""COUNT_"": 1}, {""Builder"": ""GER Stratford"", ""COUNT_"": 1}, {""Builder"": ""GNR Doncaster"", ""COUNT_"": 1}, {""Builder"": ""GWR Swindon"", ""COUNT_"": 2}, {""Builder"": ""MR Derby"", ""COUNT_"": 1}, {""Builder"": ""SECR Ashford"", ""COUNT_"": 1}, {""Builder"": ""Stephenson"", ""COUNT_"": 1}, {""Builder"": ""Swindon Works"", ""COUNT_"": 1}]}, ""mark"": ""bar"", ""encoding"": {""x"": {""field"": ""Builder"", ""type"": ""nominal""}, ""y"": {""field"": ""COUNT_"", ""type"": ""quantitative""}}}"
795,2658@y_name@ASC,What’s the count of trains in each name category?,,,,,,,,1,1,1,1,,,,,Bar,Medium,train,"{""$schema"": ""https://vega.github.io/schema/vega-lite/v6.json"", ""description"": ""Vega-Lite chart for key 2658@y_name@ASC"", ""data"": {""values"": [{""Name"": ""Ballarshah-Mumbai Pass"", ""COUNT_Name_"": 1}, {""Name"": ""Kazipet-Nagpur Pass"", ""COUNT_Name_"": 1}, {""Name"": ""Lucknow-Chennai Exp"", ""COUNT_Name_"": 1}, {""Name"": ""Nagpur-Kazipet Pass"", ""COUNT_Name_"": 1}, {""Name"": ""Nandigram Exp"", ""COUNT_Name_"": 1}, {""Name"": ""Sewagram Exp"", ""COUNT_Name_"": 1}, {""Name"": ""Wardha-Ballarshah Pass"", ""COUNT_Name_"": 1}, {""Name"": ""Andaman Exp"", ""COUNT_Name_"": 2}]}, ""mark"": ""bar"", ""encoding"": {""x"": {""field"": ""Name"", ""type"": ""nominal""}, ""y"": {""field"": ""COUNT_Name_"", ""type"": ""quantitative""}}}"
796,2659@x_name@ASC,Can you show a chart of total trains per arrival time?,,,,,,,,1,1,1,1,,,,,Bar,Medium,train,"{""$schema"": ""https://vega.github.io/schema/vega-lite/v6.json"", ""description"": ""Vega-Lite chart for key 2659@x_name@ASC"", ""data"": {""values"": [{""Arrival"": ""05:09"", ""COUNT_Arrival_"": 1}, {""Arrival"": ""08:54"", ""COUNT_Arrival_"": 1}, {""Arrival"": ""09:08"", ""COUNT_Arrival_"": 1}, {""Arrival"": ""09:48"", ""COUNT_Arrival_"": 1}, {""Arrival"": ""13:04"", ""COUNT_Arrival_"": 2}, {""Arrival"": ""13:28"", ""COUNT_Arrival_"": 1}, {""Arrival"": ""23:39"", ""COUNT_Arrival_"": 1}, {""Arrival"": ""23:44"", ""COUNT_Arrival_"": 1}]}, ""mark"": ""bar"", ""encoding"": {""x"": {""field"": ""Arrival"", ""type"": ""nominal""}, ""y"": {""field"": ""COUNT_Arrival_"", ""type"": ""quantitative""}}}"
797,2691@x_name@ASC,What are the category names and how many films belong to each?,,,,,,,,1,1,1,1,,,,,Bar,Hard,film_category,"{""$schema"": ""https://vega.github.io/schema/vega-lite/v6.json"", ""description"": ""Vega-Lite chart for key 2691@x_name@ASC"", ""data"": {""values"": [{""name"": ""Action"", ""count_"": 64}, {""name"": ""Animation"", ""count_"": 66}, {""name"": ""Children"", ""count_"": 60}, {""name"": ""Classics"", ""count_"": 57}, {""name"": ""Comedy"", ""count_"": 58}, {""name"": ""Documentary"", ""count_"": 68}, {""name"": ""Drama"", ""count_"": 62}, {""name"": ""Family"", ""count_"": 69}, {""name"": ""Foreign"", ""count_"": 73}, {""name"": ""Games"", ""count_"": 61}, {""name"": ""Horror"", ""count_"": 56}, {""name"": ""Music"", ""count_"": 51}, {""name"": ""New"", ""count_"": 63}, {""name"": ""Sci-Fi"", ""count_"": 61}, {""name"": ""Sports"", ""count_"": 74}, {""name"": ""Travel"", ""count_"": 57}]}, ""mark"": ""bar"", ""encoding"": {""x"": {""field"": ""name"", ""type"": ""nominal""}, ""y"": {""field"": ""count_"", ""type"": ""quantitative""}}}"
798,2360@y_name@DESC,How many reviews has each director received?,,,,,,,,1,1,1,1,,,,,Bar,Hard,Movie,"{""$schema"": ""https://vega.github.io/schema/vega-lite/v6.json"", ""description"": ""Vega-Lite chart for key 2360@y_name@DESC"", ""data"": {""values"": [{""director"": ""Steven Spielberg"", ""count_"": 5}, {""director"": ""Victor Fleming"", ""count_"": 3}, {""director"": ""Robert Wise"", ""count_"": 2}, {""director"": ""James Cameron"", ""count_"": 2}]}, ""mark"": ""bar"", ""encoding"": {""x"": {""field"": ""director"", ""type"": ""nominal""}, ""y"": {""field"": ""count_"", ""type"": ""quantitative""}}}"
799,2369@y_name@DESC,What’s the average star rating for each movie title?,,,,,,,,1,1,1,1,,,,,Bar,Hard,Rating,"{""$schema"": ""https://vega.github.io/schema/vega-lite/v6.json"", ""description"": ""Vega-Lite chart for key 2369@y_name@DESC"", ""data"": {""values"": [{""title"": ""Snow White"", ""AVG_stars_"": 4.5}, {""title"": ""Avatar"", ""AVG_stars_"": 4.0}, {""title"": ""Raiders of the Lost Ark"", ""AVG_stars_"": 3.3333333333333335}, {""title"": ""Gone with the Wind"", ""AVG_stars_"": 3.0}, {""title"": ""The Sound of Music"", ""AVG_stars_"": 2.5}, {""title"": ""E.T."", ""AVG_stars_"": 2.5}]}, ""mark"": ""bar"", ""encoding"": {""x"": {""field"": ""title"", ""type"": ""nominal""}, ""y"": {""field"": ""AVG_stars_"", ""type"": ""quantitative""}}}"
800,2383@x_name@ASC,What are the titles of all movies and their lowest ratings?,,,,,,,,1,1,1,1,,,,,Bar,Medium,Rating,"{""$schema"": ""https://vega.github.io/schema/vega-lite/v6.json"", ""description"": ""Vega-Lite chart for key 2383@x_name@ASC"", ""data"": {""values"": [{""title"": ""Avatar"", ""min_T1_stars_"": 3}, {""title"": ""E.T."", ""min_T1_stars_"": 2}, {""title"": ""Gone with the Wind"", ""min_T1_stars_"": 2}, {""title"": ""Raiders of the Lost Ark"", ""min_T1_stars_"": 2}, {""title"": ""Snow White"", ""min_T1_stars_"": 4}, {""title"": ""The Sound of Music"", ""min_T1_stars_"": 2}]}, ""mark"": ""bar"", ""encoding"": {""x"": {""field"": ""title"", ""type"": ""nominal""}, ""y"": {""field"": ""min_T1_stars_"", ""type"": ""quantitative""}}}"
801,2398@y_name@DESC,What’s the highest movie rating for each director (ignoring movies with no director)?,,,,,,,,1,1,1,1,,,,,Bar,Hard,Rating,"{""$schema"": ""https://vega.github.io/schema/vega-lite/v6.json"", ""description"": ""Vega-Lite chart for key 2398@y_name@DESC"", ""data"": {""values"": [{""director"": ""James Cameron"", ""max_T1_stars_"": 5}, {""director"": ""Victor Fleming"", ""max_T1_stars_"": 4}, {""director"": ""Steven Spielberg"", ""max_T1_stars_"": 4}, {""director"": ""Robert Wise"", ""max_T1_stars_"": 3}]}, ""mark"": ""bar"", ""encoding"": {""x"": {""field"": ""director"", ""type"": ""nominal""}, ""y"": {""field"": ""max_T1_stars_"", ""type"": ""quantitative""}}}"
802,2402@y_name@ASC,What’s the average number of stars each reviewer gives a movie?,,,,,,,,1,1,1,1,,,,,Bar,Hard,Rating,"{""$schema"": ""https://vega.github.io/schema/vega-lite/v6.json"", ""description"": ""Vega-Lite chart for key 2402@y_name@ASC"", ""data"": {""values"": [{""name"": ""Brittany Harris"", ""avg_T1_stars_"": 2.6666666666666665}, {""name"": ""Ashley White"", ""avg_T1_stars_"": 3}, {""name"": ""Chris Jackson"", ""avg_T1_stars_"": 3}, {""name"": ""Mike Anderson"", ""avg_T1_stars_"": 3}, {""name"": ""Sarah Martinez"", ""avg_T1_stars_"": 3}, {""name"": ""Daniel Lewis"", ""avg_T1_stars_"": 4}, {""name"": ""Elizabeth Thomas"", ""avg_T1_stars_"": 4}, {""name"": ""James Cameron"", ""avg_T1_stars_"": 5}]}, ""mark"": ""bar"", ""encoding"": {""x"": {""field"": ""name"", ""type"": ""nominal""}, ""y"": {""field"": ""avg_T1_stars_"", ""type"": ""quantitative""}}}"
803,2405@y_name@DESC,Which movies have a rating between 3 and 5 stars?,,,,,,,,1,1,1,1,,,,,Bar,Extra Hard,Rating,"{""$schema"": ""https://vega.github.io/schema/vega-lite/v6.json"", ""description"": ""Vega-Lite chart for key 2405@y_name@DESC"", ""data"": {""values"": [{""title"": ""Snow White"", ""COUNT_title_"": 2}, {""title"": ""Raiders of the Lost Ark"", ""COUNT_title_"": 2}, {""title"": ""Gone with the Wind"", ""COUNT_title_"": 2}, {""title"": ""Avatar"", ""COUNT_title_"": 2}, {""title"": ""The Sound of Music"", ""COUNT_title_"": 1}, {""title"": ""E.T."", ""COUNT_title_"": 1}]}, ""mark"": ""bar"", ""encoding"": {""x"": {""field"": ""title"", ""type"": ""nominal""}, ""y"": {""field"": ""COUNT_title_"", ""type"": ""quantitative""}}}"
804,1432@y_name@DESC,"Which companies have ever operated flights for each type, and how many there are per type?",,,,,,,,1,1,1,1,,,,,Bar,Hard,operate_company,"{""$schema"": ""https://vega.github.io/schema/vega-lite/v6.json"", ""description"": ""Vega-Lite chart for key 1432@y_name@DESC"", ""data"": {""values"": [{""Type"": ""Subsidiary"", ""COUNT_Type_"": 9}, {""Type"": ""Joint Venture"", ""COUNT_Type_"": 3}, {""Type"": ""Corporate"", ""COUNT_Type_"": 1}]}, ""mark"": ""bar"", ""encoding"": {""x"": {""field"": ""Type"", ""type"": ""nominal""}, ""y"": {""field"": ""COUNT_Type_"", ""type"": ""quantitative""}}}"
805,679@x_name@ASC,Could you display a chart that lists each headquarters along with the number of companies there?,,,,,,,,1,1,1,1,,,,,Bar,Medium,company,"{""$schema"": ""https://vega.github.io/schema/vega-lite/v6.json"", ""description"": ""Vega-Lite chart for key 679@x_name@ASC"", ""data"": {""values"": [{""Headquarters"": ""Brazil"", ""COUNT_"": 1}, {""Headquarters"": ""China"", ""COUNT_"": 4}, {""Headquarters"": ""France"", ""COUNT_"": 1}, {""Headquarters"": ""Germany"", ""COUNT_"": 1}, {""Headquarters"": ""Netherlands"", ""COUNT_"": 1}, {""Headquarters"": ""Russia"", ""COUNT_"": 1}, {""Headquarters"": ""UK"", ""COUNT_"": 2}, {""Headquarters"": ""USA"", ""COUNT_"": 8}]}, ""mark"": ""bar"", ""encoding"": {""x"": {""field"": ""Headquarters"", ""type"": ""nominal""}, ""y"": {""field"": ""COUNT_"", ""type"": ""quantitative""}}}"
806,680@y_name@DESC,Could you show a chart of the number of headquarters per industry?,,,,,,,,0,1,0,0,,,,,Stacked Bar,Hard,company_employee,"{""$schema"": ""https://vega.github.io/schema/vega-lite/v6.json"", ""description"": ""Vega-Lite chart for key 680@y_name@DESC"", ""data"": {""values"": [{""classify"": ""Automotive"", ""Headquarters"": ""USA"", ""COUNT_Headquarters_"": 0}, {""classify"": ""Automotive"", ""Headquarters"": ""China"", ""COUNT_Headquarters_"": 0}, {""classify"": ""Automotive"", ""Headquarters"": ""UK"", ""COUNT_Headquarters_"": 0}, {""classify"": ""Automotive"", ""Headquarters"": ""Russia"", ""COUNT_Headquarters_"": 0}, {""classify"": ""Automotive"", ""Headquarters"": ""Netherlands"", ""COUNT_Headquarters_"": 0}, {""classify"": ""Automotive"", ""Headquarters"": ""Germany"", ""COUNT_Headquarters_"": 1}, {""classify"": ""Automotive"", ""Headquarters"": ""France"", ""COUNT_Headquarters_"": 0}, {""classify"": ""Automotive"", ""Headquarters"": ""Brazil"", ""COUNT_Headquarters_"": 0}, {""classify"": ""Banking"", ""Headquarters"": ""USA"", ""COUNT_Headquarters_"": 3}, {""classify"": ""Banking"", ""Headquarters"": ""China"", ""COUNT_Headquarters_"": 3}, {""classify"": ""Banking"", ""Headquarters"": ""UK"", ""COUNT_Headquarters_"": 1}, {""classify"": ""Banking"", ""Headquarters"": ""Russia"", ""COUNT_Headquarters_"": 0}, {""classify"": ""Banking"", ""Headquarters"": ""Netherlands"", ""COUNT_Headquarters_"": 0}, {""classify"": ""Banking"", ""Headquarters"": ""Germany"", ""COUNT_Headquarters_"": 0}, {""classify"": ""Banking"", ""Headquarters"": ""France"", ""COUNT_Headquarters_"": 0}, {""classify"": ""Banking"", ""Headquarters"": ""Brazil"", ""COUNT_Headquarters_"": 0}, {""classify"": ""Conglomerate"", ""Headquarters"": ""USA"", ""COUNT_Headquarters_"": 2}, {""classify"": ""Conglomerate"", ""Headquarters"": ""China"", ""COUNT_Headquarters_"": 0}, {""classify"": ""Conglomerate"", ""Headquarters"": ""UK"", ""COUNT_Headquarters_"": 0}, {""classify"": ""Conglomerate"", ""Headquarters"": ""Russia"", ""COUNT_Headquarters_"": 0}, {""classify"": ""Conglomerate"", ""Headquarters"": ""Netherlands"", ""COUNT_Headquarters_"": 0}, {""classify"": ""Conglomerate"", ""Headquarters"": ""Germany"", ""COUNT_Headquarters_"": 0}, {""classify"": ""Conglomerate"", ""Headquarters"": ""France"", ""COUNT_Headquarters_"": 0}, {""classify"": ""Conglomerate"", ""Headquarters"": ""Brazil"", ""COUNT_Headquarters_"": 0}, {""classify"": ""Oil and gas"", ""Headquarters"": ""USA"", ""COUNT_Headquarters_"": 2}, {""classify"": ""Oil and gas"", ""Headquarters"": ""China"", ""COUNT_Headquarters_"": 1}, {""classify"": ""Oil and gas"", ""Headquarters"": ""UK"", ""COUNT_Headquarters_"": 1}, {""classify"": ""Oil and gas"", ""Headquarters"": ""Russia"", ""COUNT_Headquarters_"": 1}, {""classify"": ""Oil and gas"", ""Headquarters"": ""Netherlands"", ""COUNT_Headquarters_"": 1}, {""classify"": ""Oil and gas"", ""Headquarters"": ""Germany"", ""COUNT_Headquarters_"": 0}, {""classify"": ""Oil and gas"", ""Headquarters"": ""France"", ""COUNT_Headquarters_"": 1}, {""classify"": ""Oil and gas"", ""Headquarters"": ""Brazil"", ""COUNT_Headquarters_"": 1}, {""classify"": ""Retailing"", ""Headquarters"": ""USA"", ""COUNT_Headquarters_"": 1}, {""classify"": ""Retailing"", ""Headquarters"": ""China"", ""COUNT_Headquarters_"": 0}, {""classify"": ""Retailing"", ""Headquarters"": ""UK"", ""COUNT_Headquarters_"": 0}, {""classify"": ""Retailing"", ""Headquarters"": ""Russia"", ""COUNT_Headquarters_"": 0}, {""classify"": ""Retailing"", ""Headquarters"": ""Netherlands"", ""COUNT_Headquarters_"": 0}, {""classify"": ""Retailing"", ""Headquarters"": ""Germany"", ""COUNT_Headquarters_"": 0}, {""classify"": ""Retailing"", ""Headquarters"": ""France"", ""COUNT_Headquarters_"": 0}, {""classify"": ""Retailing"", ""Headquarters"": ""Brazil"", ""COUNT_Headquarters_"": 0}]}, ""mark"": ""bar"", ""encoding"": {""x"": {""field"": ""Headquarters"", ""type"": ""nominal""}, ""y"": {""field"": ""COUNT_Headquarters_"", ""type"": ""quantitative""}, ""color"": {""field"": ""classify"", ""type"": ""nominal""}}}"
807,682@x_name@ASC,"Could you list the industries, showing how many there are for each?",,,,,,,,1,1,1,1,,,,,Bar,Medium,company,"{""$schema"": ""https://vega.github.io/schema/vega-lite/v6.json"", ""description"": ""Vega-Lite chart for key 682@x_name@ASC"", ""data"": {""values"": [{""Industry"": ""Automotive"", ""COUNT_Industry_"": 1}, {""Industry"": ""Banking"", ""COUNT_Industry_"": 7}, {""Industry"": ""Conglomerate"", ""COUNT_Industry_"": 2}, {""Industry"": ""Oil and gas"", ""COUNT_Industry_"": 8}, {""Industry"": ""Retailing"", ""COUNT_Industry_"": 1}]}, ""mark"": ""bar"", ""encoding"": {""x"": {""field"": ""Industry"", ""type"": ""nominal""}, ""y"": {""field"": ""COUNT_Industry_"", ""type"": ""quantitative""}}}"
808,2494@x_name@DESC,Could you show a chart of how many orchestras each record company manages?,,,,,,,,1,1,1,1,,,,,Bar,Medium,orchestra,"{""$schema"": ""https://vega.github.io/schema/vega-lite/v6.json"", ""description"": ""Vega-Lite chart for key 2494@x_name@DESC"", ""data"": {""values"": [{""Record_Company"": ""RCA"", ""COUNT_"": 1}, {""Record_Company"": ""Philips Classics Records"", ""COUNT_"": 1}, {""Record_Company"": ""Philips"", ""COUNT_"": 1}, {""Record_Company"": ""Mercury Records"", ""COUNT_"": 1}, {""Record_Company"": ""Kultur"", ""COUNT_"": 1}, {""Record_Company"": ""Koch Records / Naxos Records"", ""COUNT_"": 1}, {""Record_Company"": ""EMI"", ""COUNT_"": 1}, {""Record_Company"": ""Deutsche Grammophon"", ""COUNT_"": 1}, {""Record_Company"": ""Delos Records"", ""COUNT_"": 1}, {""Record_Company"": ""Decca Records"", ""COUNT_"": 2}, {""Record_Company"": ""Columbia Masterworks"", ""COUNT_"": 1}]}, ""mark"": ""bar"", ""encoding"": {""x"": {""field"": ""Record_Company"", ""type"": ""nominal""}, ""y"": {""field"": ""COUNT_"", ""type"": ""quantitative""}}}"
809,415@x_name@DESC,What’s the average weight for each year?,,,,,,,,1,1,1,1,,,,,Line,Medium,CARS_DATA,"{""$schema"": ""https://vega.github.io/schema/vega-lite/v6.json"", ""description"": ""Vega-Lite chart for key 415@x_name@DESC"", ""data"": {""values"": [{""Year"": ""1982"", ""avg_Weight_"": 2453.548387096774}, {""Year"": ""1981"", ""avg_Weight_"": 2532.1666666666665}, {""Year"": ""1980"", ""avg_Weight_"": 2436.655172413793}, {""Year"": ""1979"", ""avg_Weight_"": 3055.3448275862074}, {""Year"": ""1978"", ""avg_Weight_"": 2861.805555555556}, {""Year"": ""1977"", ""avg_Weight_"": 2997.357142857143}, {""Year"": ""1976"", ""avg_Weight_"": 3078.7352941176473}, {""Year"": ""1975"", ""avg_Weight_"": 3176.8}, {""Year"": ""1974"", ""avg_Weight_"": 2877.925925925926}, {""Year"": ""1973"", ""avg_Weight_"": 3419.025}, {""Year"": ""1972"", ""avg_Weight_"": 3237.714285714286}, {""Year"": ""1971"", ""avg_Weight_"": 2960.3448275862074}, {""Year"": ""1970"", ""avg_Weight_"": 3441.3142857142852}]}, ""mark"": ""line"", ""encoding"": {""x"": {""field"": ""Year"", ""type"": ""nominal""}, ""y"": {""field"": ""avg_Weight_"", ""type"": ""quantitative""}}}"
810,420@x_name@ASC,Could you show how many countries each continent has?,,,,,,,,1,1,1,1,,,,,Bar,Hard,CONTINENTS,"{""$schema"": ""https://vega.github.io/schema/vega-lite/v6.json"", ""description"": ""Vega-Lite chart for key 420@x_name@ASC"", ""data"": {""values"": [{""Continent"": ""africa"", ""count_"": 2}, {""Continent"": ""america"", ""count_"": 3}, {""Continent"": ""asia"", ""count_"": 2}, {""Continent"": ""australia"", ""count_"": 2}, {""Continent"": ""europe"", ""count_"": 6}]}, ""mark"": ""bar"", ""encoding"": {""x"": {""field"": ""Continent"", ""type"": ""nominal""}, ""y"": {""field"": ""count_"", ""type"": ""quantitative""}}}"
812,1032@y_name@DESC,What’s the count of each transaction type?,,,,,,,,1,1,1,1,,,,,Bar,Medium,Financial_transactions,"{""$schema"": ""https://vega.github.io/schema/vega-lite/v6.json"", ""description"": ""Vega-Lite chart for key 1032@y_name@DESC"", ""data"": {""values"": [{""transaction_type"": ""Refund"", ""count_"": 9}, {""transaction_type"": ""Payment"", ""count_"": 6}]}, ""mark"": ""bar"", ""encoding"": {""x"": {""field"": ""transaction_type"", ""type"": ""nominal""}, ""y"": {""field"": ""count_"", ""type"": ""quantitative""}}}"
813,1043@y_name@DESC,What’s the count of each card type code?,,,,,,,,1,1,1,1,,,,,Bar,Medium,Customers_cards,"{""$schema"": ""https://vega.github.io/schema/vega-lite/v6.json"", ""description"": ""Vega-Lite chart for key 1043@y_name@DESC"", ""data"": {""values"": [{""card_type_code"": ""Debit"", ""COUNT_card_type_code_"": 8}, {""card_type_code"": ""Credit"", ""COUNT_card_type_code_"": 7}]}, ""mark"": ""bar"", ""encoding"": {""x"": {""field"": ""card_type_code"", ""type"": ""nominal""}, ""y"": {""field"": ""COUNT_card_type_code_"", ""type"": ""quantitative""}}}"
815,2162@y_name@ASC,How many technicians are assigned to repair machines with point values over 70?,,,,,,,,1,1,1,1,,,,,Bar,Extra Hard,repair_assignment,"{""$schema"": ""https://vega.github.io/schema/vega-lite/v6.json"", ""description"": ""Vega-Lite chart for key 2162@y_name@ASC"", ""data"": {""values"": [{""Name"": ""Eddie Collins"", ""COUNT_Name_"": 1}, {""Name"": ""Tony Sewell"", ""COUNT_Name_"": 1}, {""Name"": ""Joe Sewell"", ""COUNT_Name_"": 5}]}, ""mark"": ""bar"", ""encoding"": {""x"": {""field"": ""Name"", ""type"": ""nominal""}, ""y"": {""field"": ""COUNT_Name_"", ""type"": ""quantitative""}}}"
816,2164@y_name@ASC,Could you show a chart that groups technicians by the machines they’re assigned to repair and counts them?,,,,,,,,1,1,1,1,,,,,Bar,Hard,repair_assignment,"{""$schema"": ""https://vega.github.io/schema/vega-lite/v6.json"", ""description"": ""Vega-Lite chart for key 2164@y_name@ASC"", ""data"": {""values"": [{""Name"": ""Charlie Hollocher"", ""COUNT_Name_"": 1}, {""Name"": ""Eddie Collins"", ""COUNT_Name_"": 1}, {""Name"": ""John Brown"", ""COUNT_Name_"": 1}, {""Name"": ""Tony Sewell"", ""COUNT_Name_"": 1}, {""Name"": ""Joe Sewell"", ""COUNT_Name_"": 5}]}, ""mark"": ""bar"", ""encoding"": {""x"": {""field"": ""Name"", ""type"": ""nominal""}, ""y"": {""field"": ""COUNT_Name_"", ""type"": ""quantitative""}}}"
817,2165@y_name@DESC,"Which technician isn’t on the “NYY” team, and how many are there for each?",,,,,,,,1,1,1,1,,,,,Bar,Hard,technician,"{""$schema"": ""https://vega.github.io/schema/vega-lite/v6.json"", ""description"": ""Vega-Lite chart for key 2165@y_name@DESC"", ""data"": {""values"": [{""Name"": ""Eddie Collins"", ""COUNT_Name_"": 2}, {""Name"": ""Tony Sewell"", ""COUNT_Name_"": 1}, {""Name"": ""Mickey Cochrane"", ""COUNT_Name_"": 1}, {""Name"": ""Mark Sewell"", ""COUNT_Name_"": 1}, {""Name"": ""Lou Boudreau"", ""COUNT_Name_"": 1}, {""Name"": ""Joe Cochrane"", ""COUNT_Name_"": 1}, {""Name"": ""Charlie Hollocher"", ""COUNT_Name_"": 1}]}, ""mark"": ""bar"", ""encoding"": {""x"": {""field"": ""Name"", ""type"": ""nominal""}, ""y"": {""field"": ""COUNT_Name_"", ""type"": ""quantitative""}}}"
818,2169@y_name@ASC,Could you show the various technician teams along with their headcounts?,,,,,,,,1,1,1,1,,,,,Bar,Medium,technician,"{""$schema"": ""https://vega.github.io/schema/vega-lite/v6.json"", ""description"": ""Vega-Lite chart for key 2169@y_name@ASC"", ""data"": {""values"": [{""Team"": ""CHC"", ""COUNT_"": 1}, {""Team"": ""PHA"", ""COUNT_"": 1}, {""Team"": ""CWS"", ""COUNT_"": 2}, {""Team"": ""NYY"", ""COUNT_"": 2}, {""Team"": ""CLE"", ""COUNT_"": 4}]}, ""mark"": ""bar"", ""encoding"": {""x"": {""field"": ""Team"", ""type"": ""nominal""}, ""y"": {""field"": ""COUNT_"", ""type"": ""quantitative""}}}"
819,2766@y_name@ASC,"For each branch ID, which branch names were registered after 2015?",,,,,,,,1,1,1,1,,,,,Bar,Extra Hard,membership_register_branch,"{""$schema"": ""https://vega.github.io/schema/vega-lite/v6.json"", ""description"": ""Vega-Lite chart for key 2766@y_name@ASC"", ""data"": {""values"": [{""Name"": ""Brooke Greville"", ""count_"": 1}, {""Name"": ""Cochrane"", ""count_"": 1}, {""Name"": ""Popert"", ""count_"": 1}, {""Name"": ""Taverner"", ""count_"": 1}, {""Name"": ""Zytogorski"", ""count_"": 1}, {""Name"": ""Alexandre"", ""count_"": 3}]}, ""mark"": ""bar"", ""encoding"": {""x"": {""field"": ""Name"", ""type"": ""nominal""}, ""y"": {""field"": ""count_"", ""type"": ""quantitative""}}}"
820,3279@y_name@ASC,Which teams have eliminations and how many each?,,,,,,,,1,1,1,1,,,,,Bar,Medium,elimination,"{""$schema"": ""https://vega.github.io/schema/vega-lite/v6.json"", ""description"": ""Vega-Lite chart for key 3279@y_name@ASC"", ""data"": {""values"": [{""Team"": ""Team Orton"", ""COUNT_"": 2}, {""Team"": ""Team Batista"", ""COUNT_"": 4}]}, ""mark"": ""bar"", ""encoding"": {""x"": {""field"": ""Team"", ""type"": ""nominal""}, ""y"": {""field"": ""COUNT_"", ""type"": ""quantitative""}}}"
821,3283@y_name@ASC,How many teams are in elimination?,,,,,,,,1,1,1,1,,,,,Bar,Medium,elimination,"{""$schema"": ""https://vega.github.io/schema/vega-lite/v6.json"", ""description"": ""Vega-Lite chart for key 3283@y_name@ASC"", ""data"": {""values"": [{""Team"": ""Team Orton"", ""COUNT_Team_"": 2}, {""Team"": ""Team Batista"", ""COUNT_Team_"": 4}]}, ""mark"": ""bar"", ""encoding"": {""x"": {""field"": ""Team"", ""type"": ""nominal""}, ""y"": {""field"": ""COUNT_Team_"", ""type"": ""quantitative""}}}"
822,2537@y_name@DESC,Which performance dates had violinists attending?,,,,,,,,1,1,1,1,,,,,Bar,Extra Hard,member_attendance,"{""$schema"": ""https://vega.github.io/schema/vega-lite/v6.json"", ""description"": ""Vega-Lite chart for key 2537@y_name@DESC"", ""data"": {""values"": [{""Date"": ""February 2"", ""COUNT_Date_"": 2}, {""Date"": ""February 5"", ""COUNT_Date_"": 1}, {""Date"": ""February 11"", ""COUNT_Date_"": 1}]}, ""mark"": ""bar"", ""encoding"": {""x"": {""field"": ""Date"", ""type"": ""nominal""}, ""y"": {""field"": ""COUNT_Date_"", ""type"": ""quantitative""}}}"
823,2539@y_name@ASC,How do the total counts for each location compare?,,,,,,,,1,1,1,1,,,,,Bar,Medium,performance,"{""$schema"": ""https://vega.github.io/schema/vega-lite/v6.json"", ""description"": ""Vega-Lite chart for key 2539@y_name@ASC"", ""data"": {""values"": [{""Location"": ""Bell Centre"", ""COUNT_Location_"": 1}, {""Location"": ""Madison Square Garden"", ""COUNT_Location_"": 1}, {""Location"": ""Scotiabank Place"", ""COUNT_Location_"": 1}, {""Location"": ""TD Garden"", ""COUNT_Location_"": 1}, {""Location"": ""Verizon Center"", ""COUNT_Location_"": 2}]}, ""mark"": ""bar"", ""encoding"": {""x"": {""field"": ""Location"", ""type"": ""nominal""}, ""y"": {""field"": ""COUNT_Location_"", ""type"": ""quantitative""}}}"
824,1069@x_name@DESC,Could you list each party with its member count?,,,,,,,,1,1,1,1,,,,,Bar,Medium,people,"{""$schema"": ""https://vega.github.io/schema/vega-lite/v6.json"", ""description"": ""Vega-Lite chart for key 1069@x_name@DESC"", ""data"": {""values"": [{""Party"": ""Republican"", ""COUNT_"": 4}, {""Party"": ""Independent Democrat"", ""COUNT_"": 1}, {""Party"": ""Democratic"", ""COUNT_"": 3}, {""Party"": ""Anti-Lecompton Democrat"", ""COUNT_"": 2}]}, ""mark"": ""bar"", ""encoding"": {""x"": {""field"": ""Party"", ""type"": ""nominal""}, ""y"": {""field"": ""COUNT_"", ""type"": ""quantitative""}}}"
825,1077@y_name@ASC,How many debates have been held at each venue?,,,,,,,,1,1,1,1,,,,,Bar,Medium,debate,"{""$schema"": ""https://vega.github.io/schema/vega-lite/v6.json"", ""description"": ""Vega-Lite chart for key 1077@y_name@ASC"", ""data"": {""values"": [{""Venue"": ""Abu Dhabi , UAE"", ""COUNT_Venue_"": 1}, {""Venue"": ""Doha , Qatar"", ""COUNT_Venue_"": 1}, {""Venue"": ""Dubai , UAE"", ""COUNT_Venue_"": 1}, {""Venue"": ""Manama , Bahrain"", ""COUNT_Venue_"": 3}]}, ""mark"": ""bar"", ""encoding"": {""x"": {""field"": ""Venue"", ""type"": ""nominal""}, ""y"": {""field"": ""COUNT_Venue_"", ""type"": ""quantitative""}}}"
826,1078@x_name@ASC,What’s the count of affirmative‑side debates at each venue?,,,,,,,,1,1,1,1,,,,,Bar,Hard,debate_people,"{""$schema"": ""https://vega.github.io/schema/vega-lite/v6.json"", ""description"": ""Vega-Lite chart for key 1078@x_name@ASC"", ""data"": {""values"": [{""Venue"": ""Abu Dhabi , UAE"", ""COUNT_Venue_"": 1}, {""Venue"": ""Dubai , UAE"", ""COUNT_Venue_"": 1}, {""Venue"": ""Manama , Bahrain"", ""COUNT_Venue_"": 3}]}, ""mark"": ""bar"", ""encoding"": {""x"": {""field"": ""Venue"", ""type"": ""nominal""}, ""y"": {""field"": ""COUNT_Venue_"", ""type"": ""quantitative""}}}"
827,1080@x_name@DESC,How many debates has each person had on the affirmative sider?,,,,,,,,1,1,1,1,,,,,Bar,Hard,debate_people,"{""$schema"": ""https://vega.github.io/schema/vega-lite/v6.json"", ""description"": ""Vega-Lite chart for key 1080@x_name@DESC"", ""data"": {""values"": [{""Name"": ""William B. Maclay"", ""COUNT_Name_"": 2}, {""Name"": ""Thomas J. Barr"", ""COUNT_Name_"": 1}, {""Name"": ""Luther C. Carter"", ""COUNT_Name_"": 1}, {""Name"": ""James Humphrey"", ""COUNT_Name_"": 1}]}, ""mark"": ""bar"", ""encoding"": {""x"": {""field"": ""Name"", ""type"": ""nominal""}, ""y"": {""field"": ""COUNT_Name_"", ""type"": ""quantitative""}}}"
828,1083@x_name@DESC,"Which people have been on the affirmative side of debates, and how many times each?",,,,,,,,1,1,1,1,,,,,Bar,Hard,debate_people,"{""$schema"": ""https://vega.github.io/schema/vega-lite/v6.json"", ""description"": ""Vega-Lite chart for key 1083@x_name@DESC"", ""data"": {""values"": [{""Name"": ""William B. Maclay"", ""COUNT_"": 2}, {""Name"": ""Thomas J. Barr"", ""COUNT_"": 1}, {""Name"": ""Luther C. Carter"", ""COUNT_"": 1}, {""Name"": ""James Humphrey"", ""COUNT_"": 1}]}, ""mark"": ""bar"", ""encoding"": {""x"": {""field"": ""Name"", ""type"": ""nominal""}, ""y"": {""field"": ""COUNT_"", ""type"": ""quantitative""}}}"
829,1250@y_name@DESC,How many failed tests were completed on each date?,,,,,,,,1,1,1,0,,,,,Bar,Extra Hard,Student_Course_Enrolment,"{""$schema"": ""https://vega.github.io/schema/vega-lite/v6.json"", ""description"": ""Vega-Lite chart for key 1250@y_name@DESC"", ""data"": {""values"": [{""date_of_completion"": ""2018-03-22"", ""COUNT_date_of_completion_"": 2}, {""date_of_completion"": ""2018-03-07"", ""COUNT_date_of_completion_"": 1}, {""date_of_completion"": ""2018-03-06"", ""COUNT_date_of_completion_"": 1}, {""date_of_completion"": ""2018-03-04"", ""COUNT_date_of_completion_"": 1}, {""date_of_completion"": ""2018-03-02"", ""COUNT_date_of_completion_"": 1}, {""date_of_completion"": ""2018-02-26"", ""COUNT_date_of_completion_"": 1}]}, ""mark"": ""bar"", ""encoding"": {""x"": {""field"": ""date_of_completion"", ""type"": ""nominal""}, ""y"": {""field"": ""COUNT_date_of_completion_"", ""type"": ""quantitative""}}}"
831,1273@x_name@DESC,What are the courses and their enrollment numbers?,,,,,,,,1,1,1,1,,,,,Bar,Hard,Courses,"{""$schema"": ""https://vega.github.io/schema/vega-lite/v6.json"", ""description"": ""Vega-Lite chart for key 1273@x_name@DESC"", ""data"": {""values"": [{""course_name"": ""modern Arts"", ""COUNT_"": 2}, {""course_name"": ""database"", ""COUNT_"": 2}, {""course_name"": ""advanced database"", ""COUNT_"": 2}, {""course_name"": ""Writing in French"", ""COUNT_"": 2}, {""course_name"": ""Spanish"", ""COUNT_"": 2}, {""course_name"": ""Japanese"", ""COUNT_"": 2}, {""course_name"": ""French"", ""COUNT_"": 3}, {""course_name"": ""Chinese Painting"", ""COUNT_"": 1}, {""course_name"": ""Art history"", ""COUNT_"": 2}, {""course_name"": ""AI"", ""COUNT_"": 2}]}, ""mark"": ""bar"", ""encoding"": {""x"": {""field"": ""course_name"", ""type"": ""nominal""}, ""y"": {""field"": ""COUNT_"", ""type"": ""quantitative""}}}"
832,1278@y_name@ASC,Could you show how many courses each subject has?,,,,,,,,1,1,1,1,,,,,Bar,Hard,Courses,"{""$schema"": ""https://vega.github.io/schema/vega-lite/v6.json"", ""description"": ""Vega-Lite chart for key 1278@y_name@ASC"", ""data"": {""values"": [{""subject_name"": ""Arts"", ""COUNT_"": 4}, {""subject_name"": ""Language"", ""COUNT_"": 5}, {""subject_name"": ""Computer Science"", ""COUNT_"": 6}]}, ""mark"": ""bar"", ""encoding"": {""x"": {""field"": ""subject_name"", ""type"": ""nominal""}, ""y"": {""field"": ""COUNT_"", ""type"": ""quantitative""}}}"
833,1289@y_name@DESC,What’s the count of courses per subject?,,,,,,,,1,1,1,1,,,,,Bar,Hard,Courses,"{""$schema"": ""https://vega.github.io/schema/vega-lite/v6.json"", ""description"": ""Vega-Lite chart for key 1289@y_name@DESC"", ""data"": {""values"": [{""subject_name"": ""Computer Science"", ""COUNT_"": 6}, {""subject_name"": ""Language"", ""COUNT_"": 5}, {""subject_name"": ""Arts"", ""COUNT_"": 4}]}, ""mark"": ""bar"", ""encoding"": {""x"": {""field"": ""subject_name"", ""type"": ""nominal""}, ""y"": {""field"": ""COUNT_"", ""type"": ""quantitative""}}}"
834,1293@y_name@DESC,What’s the monthly enrollment count for the “Spanish” course?,,,,,,,,1,1,1,1,,,,,Bar,Extra Hard,Courses,"{""$schema"": ""https://vega.github.io/schema/vega-lite/v6.json"", ""description"": ""Vega-Lite chart for key 1293@y_name@DESC"", ""data"": {""values"": [{""date_of_enrolment"": ""Dec"", ""COUNT_date_of_enrolment_"": 1}, {""date_of_enrolment"": ""Aug"", ""COUNT_date_of_enrolment_"": 1}, {""date_of_enrolment"": ""Sept"", ""COUNT_date_of_enrolment_"": 0}, {""date_of_enrolment"": ""Oct"", ""COUNT_date_of_enrolment_"": 0}, {""date_of_enrolment"": ""Nov"", ""COUNT_date_of_enrolment_"": 0}]}, ""mark"": ""bar"", ""encoding"": {""x"": {""field"": ""date_of_enrolment"", ""type"": ""nominal""}, ""y"": {""field"": ""COUNT_date_of_enrolment_"", ""type"": ""quantitative""}}}"
835,1298@y_name@ASC,How many students enrolled each month?,,,,,,,,1,1,1,1,,,,,Bar,Medium,Student_Course_Enrolment,"{""$schema"": ""https://vega.github.io/schema/vega-lite/v6.json"", ""description"": ""Vega-Lite chart for key 1298@y_name@ASC"", ""data"": {""values"": [{""date_of_enrolment"": ""July"", ""COUNT_date_of_enrolment_"": 1}, {""date_of_enrolment"": ""Aug"", ""COUNT_date_of_enrolment_"": 3}, {""date_of_enrolment"": ""Nov"", ""COUNT_date_of_enrolment_"": 3}, {""date_of_enrolment"": ""Sept"", ""COUNT_date_of_enrolment_"": 3}, {""date_of_enrolment"": ""Dec"", ""COUNT_date_of_enrolment_"": 4}, {""date_of_enrolment"": ""Oct"", ""COUNT_date_of_enrolment_"": 6}]}, ""mark"": ""bar"", ""encoding"": {""x"": {""field"": ""date_of_enrolment"", ""type"": ""nominal""}, ""y"": {""field"": ""COUNT_date_of_enrolment_"", ""type"": ""quantitative""}}}"
836,1299@y_name@DESC,What’s the count of enrolled students for each day?,,,,,,,,1,1,1,1,,,,,Bar,Medium,Student_Course_Enrolment,"{""$schema"": ""https://vega.github.io/schema/vega-lite/v6.json"", ""description"": ""Vega-Lite chart for key 1299@y_name@DESC"", ""data"": {""values"": [{""date_of_enrolment"": ""Thur"", ""COUNT_date_of_enrolment_"": 5}, {""date_of_enrolment"": ""Mon"", ""COUNT_date_of_enrolment_"": 4}, {""date_of_enrolment"": ""Wed"", ""COUNT_date_of_enrolment_"": 3}, {""date_of_enrolment"": ""Sun"", ""COUNT_date_of_enrolment_"": 3}, {""date_of_enrolment"": ""Sat"", ""COUNT_date_of_enrolment_"": 3}, {""date_of_enrolment"": ""Tue"", ""COUNT_date_of_enrolment_"": 2}, {""date_of_enrolment"": ""Fri"", ""COUNT_date_of_enrolment_"": 0}]}, ""mark"": ""bar"", ""encoding"": {""x"": {""field"": ""date_of_enrolment"", ""type"": ""nominal""}, ""y"": {""field"": ""COUNT_date_of_enrolment_"", ""type"": ""quantitative""}}}"
838,769@x_name@DESC,What’s the count of documents for each location code?,,,,,,,,1,1,1,1,,,,,Bar,Medium,Document_locations,"{""$schema"": ""https://vega.github.io/schema/vega-lite/v6.json"", ""description"": ""Vega-Lite chart for key 769@x_name@DESC"", ""data"": {""values"": [{""Location_Code"": ""x"", ""COUNT_Location_Code_"": 5}, {""Location_Code"": ""n"", ""COUNT_Location_Code_"": 1}, {""Location_Code"": ""e"", ""COUNT_Location_Code_"": 4}, {""Location_Code"": ""c"", ""COUNT_Location_Code_"": 2}, {""Location_Code"": ""b"", ""COUNT_Location_Code_"": 3}]}, ""mark"": ""bar"", ""encoding"": {""x"": {""field"": ""Location_Code"", ""type"": ""nominal""}, ""y"": {""field"": ""COUNT_Location_Code_"", ""type"": ""quantitative""}}}"
839,772@y_name@DESC,Could you show a chart of how many documents fall into each starting‑date bin?,,,,,,,,1,1,1,1,,,,,Bar,Medium,Document_locations,"{""$schema"": ""https://vega.github.io/schema/vega-lite/v6.json"", ""description"": ""Vega-Lite chart for key 772@y_name@DESC"", ""data"": {""values"": [{""Date_in_Location_From"": ""Fri"", ""COUNT_Date_in_Location_From_"": 9}, {""Date_in_Location_From"": ""Tue"", ""COUNT_Date_in_Location_From_"": 3}, {""Date_in_Location_From"": ""Mon"", ""COUNT_Date_in_Location_From_"": 2}, {""Date_in_Location_From"": ""Sun"", ""COUNT_Date_in_Location_From_"": 1}, {""Date_in_Location_From"": ""Wed"", ""COUNT_Date_in_Location_From_"": 0}, {""Date_in_Location_From"": ""Thur"", ""COUNT_Date_in_Location_From_"": 0}, {""Date_in_Location_From"": ""Sat"", ""COUNT_Date_in_Location_From_"": 0}]}, ""mark"": ""bar"", ""encoding"": {""x"": {""field"": ""Date_in_Location_From"", ""type"": ""nominal""}, ""y"": {""field"": ""COUNT_Date_in_Location_From_"", ""type"": ""quantitative""}}}"
840,773@x_name@DESC,How many documents fall on each ending date?,,,,,,,,0,1,1,0,,,,,Line,Medium,Document_locations,"{""$schema"": ""https://vega.github.io/schema/vega-lite/v6.json"", ""description"": ""Vega-Lite chart for key 773@x_name@DESC"", ""data"": {""values"": [{""Date_in_Locaton_To"": ""2017-01-06"", ""COUNT_Date_in_Locaton_To_"": 1}, {""Date_in_Locaton_To"": ""2012-07-03"", ""COUNT_Date_in_Locaton_To_"": 1}, {""Date_in_Locaton_To"": ""2010-11-26"", ""COUNT_Date_in_Locaton_To_"": 3}, {""Date_in_Locaton_To"": ""2009-08-18"", ""COUNT_Date_in_Locaton_To_"": 1}, {""Date_in_Locaton_To"": ""2008-06-08"", ""COUNT_Date_in_Locaton_To_"": 1}, {""Date_in_Locaton_To"": ""1997-03-10"", ""COUNT_Date_in_Locaton_To_"": 1}, {""Date_in_Locaton_To"": ""1995-01-01"", ""COUNT_Date_in_Locaton_To_"": 1}, {""Date_in_Locaton_To"": ""1987-11-05"", ""COUNT_Date_in_Locaton_To_"": 2}, {""Date_in_Locaton_To"": ""1986-10-14"", ""COUNT_Date_in_Locaton_To_"": 2}, {""Date_in_Locaton_To"": ""1976-06-15"", ""COUNT_Date_in_Locaton_To_"": 2}]}, ""mark"": ""line"", ""encoding"": {""x"": {""field"": ""Date_in_Locaton_To"", ""type"": ""nominal""}, ""y"": {""field"": ""COUNT_Date_in_Locaton_To_"", ""type"": ""quantitative""}}}"
841,780@y_name@DESC,Could you show a chart of document counts by weekday‑based ending‑date bins?,,,,,,,,0,1,0,0,,,,,Stacked Bar,Extra Hard,cre_Doc_Tracking_DB,"{""$schema"": ""https://vega.github.io/schema/vega-lite/v6.json"", ""description"": ""Vega-Lite chart for key 780@y_name@DESC"", ""data"": {""values"": [{""classify"": ""b"", ""Date_in_Locaton_To"": ""Tue"", ""COUNT_Date_in_Locaton_To_"": 1}, {""classify"": ""b"", ""Date_in_Locaton_To"": ""Fri"", ""COUNT_Date_in_Locaton_To_"": 1}, {""classify"": ""b"", ""Date_in_Locaton_To"": ""Thur"", ""COUNT_Date_in_Locaton_To_"": 1}, {""classify"": ""b"", ""Date_in_Locaton_To"": ""Sun"", ""COUNT_Date_in_Locaton_To_"": 0}, {""classify"": ""b"", ""Date_in_Locaton_To"": ""Mon"", ""COUNT_Date_in_Locaton_To_"": 0}, {""classify"": ""b"", ""Date_in_Locaton_To"": ""Wed"", ""COUNT_Date_in_Locaton_To_"": 0}, {""classify"": ""b"", ""Date_in_Locaton_To"": ""Sat"", ""COUNT_Date_in_Locaton_To_"": 0}, {""classify"": ""c"", ""Date_in_Locaton_To"": ""Tue"", ""COUNT_Date_in_Locaton_To_"": 0}, {""classify"": ""c"", ""Date_in_Locaton_To"": ""Fri"", ""COUNT_Date_in_Locaton_To_"": 1}, {""classify"": ""c"", ""Date_in_Locaton_To"": ""Thur"", ""COUNT_Date_in_Locaton_To_"": 1}, {""classify"": ""c"", ""Date_in_Locaton_To"": ""Sun"", ""COUNT_Date_in_Locaton_To_"": 0}, {""classify"": ""c"", ""Date_in_Locaton_To"": ""Mon"", ""COUNT_Date_in_Locaton_To_"": 0}, {""classify"": ""c"", ""Date_in_Locaton_To"": ""Wed"", ""COUNT_Date_in_Locaton_To_"": 0}, {""classify"": ""c"", ""Date_in_Locaton_To"": ""Sat"", ""COUNT_Date_in_Locaton_To_"": 0}, {""classify"": ""e"", ""Date_in_Locaton_To"": ""Tue"", ""COUNT_Date_in_Locaton_To_"": 1}, {""classify"": ""e"", ""Date_in_Locaton_To"": ""Fri"", ""COUNT_Date_in_Locaton_To_"": 1}, {""classify"": ""e"", ""Date_in_Locaton_To"": ""Thur"", ""COUNT_Date_in_Locaton_To_"": 1}, {""classify"": ""e"", ""Date_in_Locaton_To"": ""Sun"", ""COUNT_Date_in_Locaton_To_"": 1}, {""classify"": ""e"", ""Date_in_Locaton_To"": ""Mon"", ""COUNT_Date_in_Locaton_To_"": 0}, {""classify"": ""e"", ""Date_in_Locaton_To"": ""Wed"", ""COUNT_Date_in_Locaton_To_"": 0}, {""classify"": ""e"", ""Date_in_Locaton_To"": ""Sat"", ""COUNT_Date_in_Locaton_To_"": 0}, {""classify"": ""n"", ""Date_in_Locaton_To"": ""Tue"", ""COUNT_Date_in_Locaton_To_"": 0}, {""classify"": ""n"", ""Date_in_Locaton_To"": ""Fri"", ""COUNT_Date_in_Locaton_To_"": 0}, {""classify"": ""n"", ""Date_in_Locaton_To"": ""Thur"", ""COUNT_Date_in_Locaton_To_"": 0}, {""classify"": ""n"", ""Date_in_Locaton_To"": ""Sun"", ""COUNT_Date_in_Locaton_To_"": 0}, {""classify"": ""n"", ""Date_in_Locaton_To"": ""Mon"", ""COUNT_Date_in_Locaton_To_"": 1}, {""classify"": ""n"", ""Date_in_Locaton_To"": ""Wed"", ""COUNT_Date_in_Locaton_To_"": 0}, {""classify"": ""n"", ""Date_in_Locaton_To"": ""Sat"", ""COUNT_Date_in_Locaton_To_"": 0}, {""classify"": ""x"", ""Date_in_Locaton_To"": ""Tue"", ""COUNT_Date_in_Locaton_To_"": 4}, {""classify"": ""x"", ""Date_in_Locaton_To"": ""Fri"", ""COUNT_Date_in_Locaton_To_"": 1}, {""classify"": ""x"", ""Date_in_Locaton_To"": ""Thur"", ""COUNT_Date_in_Locaton_To_"": 0}, {""classify"": ""x"", ""Date_in_Locaton_To"": ""Sun"", ""COUNT_Date_in_Locaton_To_"": 0}, {""classify"": ""x"", ""Date_in_Locaton_To"": ""Mon"", ""COUNT_Date_in_Locaton_To_"": 0}, {""classify"": ""x"", ""Date_in_Locaton_To"": ""Wed"", ""COUNT_Date_in_Locaton_To_"": 0}, {""classify"": ""x"", ""Date_in_Locaton_To"": ""Sat"", ""COUNT_Date_in_Locaton_To_"": 0}]}, ""mark"": ""bar"", ""encoding"": {""x"": {""field"": ""Date_in_Locaton_To"", ""type"": ""nominal""}, ""y"": {""field"": ""COUNT_Date_in_Locaton_To_"", ""type"": ""quantitative""}, ""color"": {""field"": ""classify"", ""type"": ""nominal""}}}"
842,782@y_name@ASC,Could you display a chart of each role code with its employee count?,,,,,,,,1,1,1,1,,,,,Bar,Medium,Employees,"{""$schema"": ""https://vega.github.io/schema/vega-lite/v6.json"", ""description"": ""Vega-Lite chart for key 782@y_name@ASC"", ""data"": {""values"": [{""Role_Code"": ""HR"", ""count_"": 1}, {""Role_Code"": ""MG"", ""count_"": 1}, {""Role_Code"": ""PT"", ""count_"": 1}, {""Role_Code"": ""PR"", ""count_"": 5}, {""Role_Code"": ""ED"", ""count_"": 7}]}, ""mark"": ""bar"", ""encoding"": {""x"": {""field"": ""Role_Code"", ""type"": ""nominal""}, ""y"": {""field"": ""count_"", ""type"": ""quantitative""}}}"
843,783@y_name@DESC,Could you plot all the dates grouped by weekday?,,,,,,,,1,1,1,1,,,,,Bar,Medium,Ref_calendar,"{""$schema"": ""https://vega.github.io/schema/vega-lite/v6.json"", ""description"": ""Vega-Lite chart for key 783@y_name@DESC"", ""data"": {""values"": [{""Calendar_Date"": ""Tue"", ""COUNT_Calendar_Date_"": 5}, {""Calendar_Date"": ""Mon"", ""COUNT_Calendar_Date_"": 4}, {""Calendar_Date"": ""Fri"", ""COUNT_Calendar_Date_"": 3}, {""Calendar_Date"": ""Sun"", ""COUNT_Calendar_Date_"": 2}, {""Calendar_Date"": ""Thur"", ""COUNT_Calendar_Date_"": 1}, {""Calendar_Date"": ""Wed"", ""COUNT_Calendar_Date_"": 0}, {""Calendar_Date"": ""Sat"", ""COUNT_Calendar_Date_"": 0}]}, ""mark"": ""bar"", ""encoding"": {""x"": {""field"": ""Calendar_Date"", ""type"": ""nominal""}, ""y"": {""field"": ""COUNT_Calendar_Date_"", ""type"": ""quantitative""}}}"
844,791@x_name@DESC,Could you give me a chart of the location codes with their document counts?,,,,,,,,1,1,1,1,,,,,Bar,Medium,Document_locations,"{""$schema"": ""https://vega.github.io/schema/vega-lite/v6.json"", ""description"": ""Vega-Lite chart for key 791@x_name@DESC"", ""data"": {""values"": [{""Location_Code"": ""x"", ""count_"": 5}, {""Location_Code"": ""n"", ""count_"": 1}, {""Location_Code"": ""e"", ""count_"": 4}, {""Location_Code"": ""c"", ""count_"": 2}, {""Location_Code"": ""b"", ""count_"": 3}]}, ""mark"": ""bar"", ""encoding"": {""x"": {""field"": ""Location_Code"", ""type"": ""nominal""}, ""y"": {""field"": ""count_"", ""type"": ""quantitative""}}}"
846,1137@y_name@DESC,How many products does supplier 3 supply for each product‑type code?,,,,,,,,1,1,1,1,,,,,Bar,Extra Hard,product_suppliers,"{""$schema"": ""https://vega.github.io/schema/vega-lite/v6.json"", ""description"": ""Vega-Lite chart for key 1137@y_name@DESC"", ""data"": {""values"": [{""product_type_code"": ""Clothes"", ""COUNT_product_type_code_"": 2}, {""product_type_code"": ""Hardware"", ""COUNT_product_type_code_"": 1}]}, ""mark"": ""bar"", ""encoding"": {""x"": {""field"": ""product_type_code"", ""type"": ""nominal""}, ""y"": {""field"": ""COUNT_product_type_code_"", ""type"": ""quantitative""}}}"
847,1138@y_name@ASC,What’s the total price supplied by supplier 3 for each product type code?,,,,,,,,1,1,1,1,,,,,Bar,Extra Hard,product_suppliers,"{""$schema"": ""https://vega.github.io/schema/vega-lite/v6.json"", ""description"": ""Vega-Lite chart for key 1138@y_name@ASC"", ""data"": {""values"": [{""product_type_code"": ""Hardware"", ""SUM_product_price_"": 803.74}, {""product_type_code"": ""Clothes"", ""SUM_product_price_"": 1634.73}]}, ""mark"": ""bar"", ""encoding"": {""x"": {""field"": ""product_type_code"", ""type"": ""nominal""}, ""y"": {""field"": ""SUM_product_price_"", ""type"": ""quantitative""}}}"
848,1139@y_name@ASC,What’s the average price for supplier 3 by product type code?,,,,,,,,1,1,1,1,,,,,Bar,Extra Hard,product_suppliers,"{""$schema"": ""https://vega.github.io/schema/vega-lite/v6.json"", ""description"": ""Vega-Lite chart for key 1139@y_name@ASC"", ""data"": {""values"": [{""product_type_code"": ""Hardware"", ""AVG_product_price_"": 803.74}, {""product_type_code"": ""Clothes"", ""AVG_product_price_"": 817.365}]}, ""mark"": ""bar"", ""encoding"": {""x"": {""field"": ""product_type_code"", ""type"": ""nominal""}, ""y"": {""field"": ""AVG_product_price_"", ""type"": ""quantitative""}}}"
849,1142@y_name@ASC,What are the prices of the products supplied by supplier 3?,,,,,,,,1,1,1,1,,,,,Bar,Hard,product_suppliers,"{""$schema"": ""https://vega.github.io/schema/vega-lite/v6.json"", ""description"": ""Vega-Lite chart for key 1142@y_name@ASC"", ""data"": {""values"": [{""product_name"": ""black jeans"", ""product_price"": 695.16}, {""product_name"": ""mouse"", ""product_price"": 803.74}, {""product_name"": ""blue jeans"", ""product_price"": 939.57}]}, ""mark"": ""bar"", ""encoding"": {""x"": {""field"": ""product_name"", ""type"": ""nominal""}, ""y"": {""field"": ""product_price"", ""type"": ""quantitative""}}}"
850,997@x_name@DESC,What’s the yearly count of customer address changes?,,,,,,,,1,1,1,1,,,,,Line,Hard,customer_address_history,"{""$schema"": ""https://vega.github.io/schema/vega-lite/v6.json"", ""description"": ""Vega-Lite chart for key 997@x_name@DESC"", ""data"": {""values"": [{""date_from"": ""2017"", ""COUNT_date_from_"": 1}, {""date_from"": ""2016"", ""COUNT_date_from_"": 2}, {""date_from"": ""2015"", ""COUNT_date_from_"": 2}, {""date_from"": ""2014"", ""COUNT_date_from_"": 1}, {""date_from"": ""2013"", ""COUNT_date_from_"": 1}, {""date_from"": ""2012"", ""COUNT_date_from_"": 4}, {""date_from"": ""2011"", ""COUNT_date_from_"": 4}, {""date_from"": ""2010"", ""COUNT_date_from_"": 1}, {""date_from"": ""2009"", ""COUNT_date_from_"": 2}, {""date_from"": ""2008"", ""COUNT_date_from_"": 2}]}, ""mark"": ""line"", ""encoding"": {""x"": {""field"": ""date_from"", ""type"": ""nominal""}, ""y"": {""field"": ""COUNT_date_from_"", ""type"": ""quantitative""}}}"
852,1006@y_name@ASC,How many products of each type have a price above 1000 or below 500r?,,,,,,,,1,1,1,1,,,,,Bar,Extra Hard,products,"{""$schema"": ""https://vega.github.io/schema/vega-lite/v6.json"", ""description"": ""Vega-Lite chart for key 1006@y_name@ASC"", ""data"": {""values"": [{""product_type_code"": ""Clothes"", ""COUNT_product_type_code_"": 5}, {""product_type_code"": ""Hardware"", ""COUNT_product_type_code_"": 8}]}, ""mark"": ""bar"", ""encoding"": {""x"": {""field"": ""product_type_code"", ""type"": ""nominal""}, ""y"": {""field"": ""COUNT_product_type_code_"", ""type"": ""quantitative""}}}"
853,1009@y_name@DESC,"Which products are priced above 1000 or below 500, and how many of each are there?",,,,,,,,1,1,1,1,,,,,Bar,Extra Hard,products,"{""$schema"": ""https://vega.github.io/schema/vega-lite/v6.json"", ""description"": ""Vega-Lite chart for key 1009@y_name@DESC"", ""data"": {""values"": [{""product_name"": ""Apple"", ""COUNT_product_name_"": 5}, {""product_name"": ""jcrew"", ""COUNT_product_name_"": 3}, {""product_name"": ""Sony"", ""COUNT_product_name_"": 3}, {""product_name"": ""gucci"", ""COUNT_product_name_"": 2}]}, ""mark"": ""bar"", ""encoding"": {""x"": {""field"": ""product_name"", ""type"": ""nominal""}, ""y"": {""field"": ""COUNT_product_name_"", ""type"": ""quantitative""}}}"
854,1010@x_name@DESC,Which states have how many addresses?,,,,,,,,1,1,1,1,,,,,Bar,Medium,addresses,"{""$schema"": ""https://vega.github.io/schema/vega-lite/v6.json"", ""description"": ""Vega-Lite chart for key 1010@x_name@DESC"", ""data"": {""values"": [{""state_province_county"": ""Virginia"", ""count_"": 1}, {""state_province_county"": ""Vermont"", ""count_"": 1}, {""state_province_county"": ""SouthDakota"", ""count_"": 1}, {""state_province_county"": ""Oregon"", ""count_"": 1}, {""state_province_county"": ""Oklahoma"", ""count_"": 1}, {""state_province_county"": ""Nevada"", ""count_"": 1}, {""state_province_county"": ""Maryland"", ""count_"": 1}, {""state_province_county"": ""Maine"", ""count_"": 1}, {""state_province_county"": ""Louisiana"", ""count_"": 1}, {""state_province_county"": ""Kentucky"", ""count_"": 2}, {""state_province_county"": ""Illinois"", ""count_"": 1}, {""state_province_county"": ""Idaho"", ""count_"": 1}, {""state_province_county"": ""District of Columbia"", ""count_"": 1}, {""state_province_county"": ""Colorado"", ""count_"": 1}]}, ""mark"": ""bar"", ""encoding"": {""x"": {""field"": ""state_province_county"", ""type"": ""nominal""}, ""y"": {""field"": ""count_"", ""type"": ""quantitative""}}}"
855,1242@y_name@ASC,When are the birthdays of “Good Customer”‑status customers?,,,,,,,,1,1,1,1,,,,,Bar,Hard,Customers,"{""$schema"": ""https://vega.github.io/schema/vega-lite/v6.json"", ""description"": ""Vega-Lite chart for key 1242@y_name@ASC"", ""data"": {""values"": [{""date_of_birth"": ""Fri"", ""COUNT_date_of_birth_"": 0}, {""date_of_birth"": ""Wed"", ""COUNT_date_of_birth_"": 0}, {""date_of_birth"": ""Sat"", ""COUNT_date_of_birth_"": 1}, {""date_of_birth"": ""Sun"", ""COUNT_date_of_birth_"": 1}, {""date_of_birth"": ""Thur"", ""COUNT_date_of_birth_"": 1}, {""date_of_birth"": ""Tue"", ""COUNT_date_of_birth_"": 1}, {""date_of_birth"": ""Mon"", ""COUNT_date_of_birth_"": 2}]}, ""mark"": ""bar"", ""encoding"": {""x"": {""field"": ""date_of_birth"", ""type"": ""nominal""}, ""y"": {""field"": ""COUNT_date_of_birth_"", ""type"": ""quantitative""}}}"
856,1245@x_name@ASC,How many customers are in each status code?,,,,,,,,1,1,1,1,,,,,Bar,Medium,Customers,"{""$schema"": ""https://vega.github.io/schema/vega-lite/v6.json"", ""description"": ""Vega-Lite chart for key 1245@x_name@ASC"", ""data"": {""values"": [{""customer_status_code"": ""Bad Customer"", ""count_"": 9}, {""customer_status_code"": ""Good Customer"", ""count_"": 6}]}, ""mark"": ""bar"", ""encoding"": {""x"": {""field"": ""customer_status_code"", ""type"": ""nominal""}, ""y"": {""field"": ""count_"", ""type"": ""quantitative""}}}"
858,2704@y_name@DESC,Could you show a chart of counties with their total numbers?,,,,,,,,1,1,1,1,,,,,Bar,Medium,school,"{""$schema"": ""https://vega.github.io/schema/vega-lite/v6.json"", ""description"": ""Vega-Lite chart for key 2704@y_name@DESC"", ""data"": {""values"": [{""County"": ""50 Marshall"", ""count_"": 3}, {""County"": ""71 St. Joseph"", ""count_"": 2}, {""County"": ""75 Starke"", ""count_"": 1}, {""County"": ""46 LaPorte 71 St. Joseph"", ""count_"": 1}, {""County"": ""20 Elkhart"", ""count_"": 1}]}, ""mark"": ""bar"", ""encoding"": {""x"": {""field"": ""County"", ""type"": ""nominal""}, ""y"": {""field"": ""count_"", ""type"": ""quantitative""}}}"
859,2706@y_name@DESC,How does total enrollment differ across counties?,,,,,,,,1,1,1,1,,,,,Bar,Medium,school,"{""$schema"": ""https://vega.github.io/schema/vega-lite/v6.json"", ""description"": ""Vega-Lite chart for key 2706@y_name@DESC"", ""data"": {""values"": [{""County"": ""50 Marshall"", ""sum_enrollment_"": 1098}, {""County"": ""71 St. Joseph"", ""sum_enrollment_"": 984}, {""County"": ""46 LaPorte 71 St. Joseph"", ""sum_enrollment_"": 852}, {""County"": ""75 Starke"", ""sum_enrollment_"": 620}, {""County"": ""20 Elkhart"", ""sum_enrollment_"": 601}]}, ""mark"": ""bar"", ""encoding"": {""x"": {""field"": ""County"", ""type"": ""nominal""}, ""y"": {""field"": ""sum_enrollment_"", ""type"": ""quantitative""}}}"
861,2051@x_name@ASC,Which dates and sales figures correspond to journals whose editors aren’t on the committee?,,,,,,,,1,1,1,1,,,,,Bar,Extra Hard,journal,"{""$schema"": ""https://vega.github.io/schema/vega-lite/v6.json"", ""description"": ""Vega-Lite chart for key 2051@x_name@ASC"", ""data"": {""values"": [{""Date"": ""December 16, 2001"", ""Sales"": 2804}, {""Date"": ""December 22, 2001"", ""Sales"": 1934}, {""Date"": ""December 30, 2001"", ""Sales"": 3798}, {""Date"": ""November 12, 2001"", ""Sales"": 6532}, {""Date"": ""November 18, 2001"", ""Sales"": 3421}, {""Date"": ""November 4, 2001"", ""Sales"": 1232}, {""Date"": ""October 14, 2001"", ""Sales"": 4798}, {""Date"": ""October 29, 2001"", ""Sales"": 1763}, {""Date"": ""September 9, 2001"", ""Sales"": 798}]}, ""mark"": ""bar"", ""encoding"": {""x"": {""field"": ""Date"", ""type"": ""nominal""}, ""y"": {""field"": ""Sales"", ""type"": ""quantitative""}}}"
862,2052@y_name@ASC,Which themes have sales for journals without any of the listed editors on the committee?,,,,,,,,1,1,1,1,,,,,Bar,Extra Hard,journal,"{""$schema"": ""https://vega.github.io/schema/vega-lite/v6.json"", ""description"": ""Vega-Lite chart for key 2052@y_name@ASC"", ""data"": {""values"": [{""Theme"": ""Miami Dolphins"", ""Sales"": 798}, {""Theme"": ""Jacksonville Jaguars"", ""Sales"": 1232}, {""Theme"": ""at Pittsburgh Steelers"", ""Sales"": 1763}, {""Theme"": ""at Oakland Raiders"", ""Sales"": 1934}, {""Theme"": ""Green Bay Packers"", ""Sales"": 2804}, {""Theme"": ""at Cincinnati Bengals"", ""Sales"": 3421}, {""Theme"": ""Cleveland Browns"", ""Sales"": 3798}, {""Theme"": ""Tampa Bay Buccaneers"", ""Sales"": 4798}, {""Theme"": ""Baltimore Ravens"", ""Sales"": 6532}]}, ""mark"": ""bar"", ""encoding"": {""x"": {""field"": ""Theme"", ""type"": ""nominal""}, ""y"": {""field"": ""Sales"", ""type"": ""quantitative""}}}"
863,2053@x_name@ASC,How do the editors' ages compare?,,,,,,,,1,1,1,1,,,,,Bar,Easy,editor,"{""$schema"": ""https://vega.github.io/schema/vega-lite/v6.json"", ""description"": ""Vega-Lite chart for key 2053@x_name@ASC"", ""data"": {""values"": [{""Name"": ""Anna Powierza"", ""Age"": 35}, {""Name"": ""Grażyna Wolszczak"", ""Age"": 54}, {""Name"": ""Kamila Porczyk"", ""Age"": 34}, {""Name"": ""Marek Siudym"", ""Age"": 21}, {""Name"": ""Maria Góralczyk"", ""Age"": 38}, {""Name"": ""Mariusz Zalejski"", ""Age"": 25}, {""Name"": ""Piotr Pręgowski"", ""Age"": 43}, {""Name"": ""Szymon Wydra"", ""Age"": 20}, {""Name"": ""Władysław Grzywna"", ""Age"": 24}]}, ""mark"": ""bar"", ""encoding"": {""x"": {""field"": ""Name"", ""type"": ""nominal""}, ""y"": {""field"": ""Age"", ""type"": ""quantitative""}}}"
864,2060@y_name@DESC,"Which editors sit on the committees of journals with sales over 3000, and how many such editors are there for each?",,,,,,,,1,1,1,1,,,,,Bar,Extra Hard,journal_committee,"{""$schema"": ""https://vega.github.io/schema/vega-lite/v6.json"", ""description"": ""Vega-Lite chart for key 2060@y_name@DESC"", ""data"": {""values"": [{""Name"": ""Grażyna Wolszczak"", ""COUNT_Name_"": 2}, {""Name"": ""Władysław Grzywna"", ""COUNT_Name_"": 1}, {""Name"": ""Maria Góralczyk"", ""COUNT_Name_"": 1}, {""Name"": ""Kamila Porczyk"", ""COUNT_Name_"": 1}]}, ""mark"": ""bar"", ""encoding"": {""x"": {""field"": ""Name"", ""type"": ""nominal""}, ""y"": {""field"": ""COUNT_Name_"", ""type"": ""quantitative""}}}"
865,2063@y_name@ASC,Which editors are on how many journal committees?,,,,,,,,1,1,1,1,,,,,Bar,Hard,editor,"{""$schema"": ""https://vega.github.io/schema/vega-lite/v6.json"", ""description"": ""Vega-Lite chart for key 2063@y_name@ASC"", ""data"": {""values"": [{""Name"": ""Kamila Porczyk"", ""COUNT_"": 1}, {""Name"": ""Marek Siudym"", ""COUNT_"": 1}, {""Name"": ""Maria Góralczyk"", ""COUNT_"": 1}, {""Name"": ""Piotr Pręgowski"", ""COUNT_"": 1}, {""Name"": ""Władysław Grzywna"", ""COUNT_"": 1}, {""Name"": ""Grażyna Wolszczak"", ""COUNT_"": 2}]}, ""mark"": ""bar"", ""encoding"": {""x"": {""field"": ""Name"", ""type"": ""nominal""}, ""y"": {""field"": ""COUNT_"", ""type"": ""quantitative""}}}"
866,1416@y_name@ASC,What are the elevations of New York City airports?,,,,,,,,1,1,1,1,,,,,Bar,Medium,airports,"{""$schema"": ""https://vega.github.io/schema/vega-lite/v6.json"", ""description"": ""Vega-Lite chart for key 1416@y_name@ASC"", ""data"": {""values"": [{""name"": ""John F Kennedy International Airport"", ""elevation"": 13}, {""name"": ""La Guardia Airport"", ""elevation"": 21}, {""name"": ""Indianola Municipal Airport"", ""elevation"": 126}, {""name"": ""One Police Plaza Heliport"", ""elevation"": 244}]}, ""mark"": ""bar"", ""encoding"": {""x"": {""field"": ""name"", ""type"": ""nominal""}, ""y"": {""field"": ""elevation"", ""type"": ""quantitative""}}}"
867,1419@y_name@ASC,"Which countries have airlines whose names begin with “Orbit,” and how many such airlines are in each country?",,,,,,,,1,1,1,1,,,,,Bar,Extra Hard,airlines,"{""$schema"": ""https://vega.github.io/schema/vega-lite/v6.json"", ""description"": ""Vega-Lite chart for key 1419@y_name@ASC"", ""data"": {""values"": [{""country"": ""Azerbaijan"", ""COUNT_country_"": 1}, {""country"": ""Turkey"", ""COUNT_country_"": 1}, {""country"": ""United States"", ""COUNT_country_"": 4}]}, ""mark"": ""bar"", ""encoding"": {""x"": {""field"": ""country"", ""type"": ""nominal""}, ""y"": {""field"": ""COUNT_country_"", ""type"": ""quantitative""}}}"
868,1380@y_name@ASC,What are each target user's name and average trust score?,,,,,,,,1,1,1,1,,,,,Bar,Hard,useracct,"{""$schema"": ""https://vega.github.io/schema/vega-lite/v6.json"", ""description"": ""Vega-Lite chart for key 1380@y_name@ASC"", ""data"": {""values"": [{""name"": ""Rosie"", ""avg_trust_"": 4.5}, {""name"": ""Mark"", ""avg_trust_"": 4.666666666666667}, {""name"": ""Terry"", ""avg_trust_"": 5}, {""name"": ""Nancy"", ""avg_trust_"": 8}, {""name"": ""Roxi"", ""avg_trust_"": 10}]}, ""mark"": ""bar"", ""encoding"": {""x"": {""field"": ""name"", ""type"": ""nominal""}, ""y"": {""field"": ""avg_trust_"", ""type"": ""quantitative""}}}"
869,1382@y_name@ASC,What’s each user’s name and their average review rating?,,,,,,,,1,1,1,1,,,,,Bar,Hard,useracct,"{""$schema"": ""https://vega.github.io/schema/vega-lite/v6.json"", ""description"": ""Vega-Lite chart for key 1382@y_name@ASC"", ""data"": {""values"": [{""name"": ""Mark"", ""avg_T2_rating_"": 7}, {""name"": ""Helen"", ""avg_T2_rating_"": 7.333333333333332}]}, ""mark"": ""bar"", ""encoding"": {""x"": {""field"": ""name"", ""type"": ""nominal""}, ""y"": {""field"": ""avg_T2_rating_"", ""type"": ""quantitative""}}}"
870,1085@y_name@DESC,What’s the count of members for each country?,,,,,,,,1,1,1,1,,,,,Bar,Medium,member,"{""$schema"": ""https://vega.github.io/schema/vega-lite/v6.json"", ""description"": ""Vega-Lite chart for key 1085@y_name@DESC"", ""data"": {""values"": [{""Country"": ""United States"", ""COUNT_Country_"": 6}, {""Country"": ""Canada"", ""COUNT_Country_"": 4}]}, ""mark"": ""bar"", ""encoding"": {""x"": {""field"": ""Country"", ""type"": ""nominal""}, ""y"": {""field"": ""COUNT_Country_"", ""type"": ""quantitative""}}}"
871,1087@y_name@DESC,How many members have visited each college location?,,,,,,,,1,1,1,1,,,,,Bar,Hard,college,"{""$schema"": ""https://vega.github.io/schema/vega-lite/v6.json"", ""description"": ""Vega-Lite chart for key 1087@y_name@DESC"", ""data"": {""values"": [{""College_Location"": ""McGill"", ""COUNT_College_Location_"": 3}, {""College_Location"": ""Western Ontario"", ""COUNT_College_Location_"": 2}, {""College_Location"": ""St. Francis Xavier"", ""COUNT_College_Location_"": 2}, {""College_Location"": ""Ottawa"", ""COUNT_College_Location_"": 2}, {""College_Location"": ""Minnesota"", ""COUNT_College_Location_"": 1}]}, ""mark"": ""bar"", ""encoding"": {""x"": {""field"": ""College_Location"", ""type"": ""nominal""}, ""y"": {""field"": ""COUNT_College_Location_"", ""type"": ""quantitative""}}}"
872,1091@y_name@ASC,Which countries have members and how many in each.,,,,,,,,1,1,1,1,,,,,Bar,Medium,member,"{""$schema"": ""https://vega.github.io/schema/vega-lite/v6.json"", ""description"": ""Vega-Lite chart for key 1091@y_name@ASC"", ""data"": {""values"": [{""Country"": ""Canada"", ""COUNT_"": 4}, {""Country"": ""United States"", ""COUNT_"": 6}]}, ""mark"": ""bar"", ""encoding"": {""x"": {""field"": ""Country"", ""type"": ""nominal""}, ""y"": {""field"": ""COUNT_"", ""type"": ""quantitative""}}}"
873,3038@x_name@DESC,Could you show each name’s total?,,,,,,,,1,1,1,1,,,,,Bar,Medium,train,"{""$schema"": ""https://vega.github.io/schema/vega-lite/v6.json"", ""description"": ""Vega-Lite chart for key 3038@x_name@DESC"", ""data"": {""values"": [{""Name"": ""Quilon Fast Passenger"", ""COUNT_Name_"": 1}, {""Name"": ""Parasuram Express"", ""COUNT_Name_"": 1}, {""Name"": ""Madurai Fast Passenger"", ""COUNT_Name_"": 1}, {""Name"": ""Jayanthi Janatha Express"", ""COUNT_Name_"": 2}, {""Name"": ""Island Express"", ""COUNT_Name_"": 2}, {""Name"": ""Guruvayur Express"", ""COUNT_Name_"": 2}, {""Name"": ""Ananthapuri Express"", ""COUNT_Name_"": 2}]}, ""mark"": ""bar"", ""encoding"": {""x"": {""field"": ""Name"", ""type"": ""nominal""}, ""y"": {""field"": ""COUNT_Name_"", ""type"": ""quantitative""}}}"
874,3043@y_name@ASC,How many locations are there for each area?,,,,,,,,1,1,1,1,,,,,Bar,Medium,station,"{""$schema"": ""https://vega.github.io/schema/vega-lite/v6.json"", ""description"": ""Vega-Lite chart for key 3043@y_name@ASC"", ""data"": {""values"": [{""Location"": ""Birmingham"", ""COUNT_Location_"": 1}, {""Location"": ""Glasgow"", ""COUNT_Location_"": 1}, {""Location"": ""London"", ""COUNT_Location_"": 10}]}, ""mark"": ""bar"", ""encoding"": {""x"": {""field"": ""Location"", ""type"": ""nominal""}, ""y"": {""field"": ""COUNT_Location_"", ""type"": ""quantitative""}}}"
875,3045@y_name@ASC,How many platforms are there in each location?,,,,,,,,1,1,1,1,,,,,Bar,Medium,station,"{""$schema"": ""https://vega.github.io/schema/vega-lite/v6.json"", ""description"": ""Vega-Lite chart for key 3045@y_name@ASC"", ""data"": {""values"": [{""Location"": ""Birmingham"", ""SUM_Number_of_Platforms_"": 13}, {""Location"": ""Glasgow"", ""SUM_Number_of_Platforms_"": 17}, {""Location"": ""London"", ""SUM_Number_of_Platforms_"": 140}]}, ""mark"": ""bar"", ""encoding"": {""x"": {""field"": ""Location"", ""type"": ""nominal""}, ""y"": {""field"": ""SUM_Number_of_Platforms_"", ""type"": ""quantitative""}}}"
876,3050@x_name@ASC,Could you list the names and total passenger counts for all train stations outside London?,,,,,,,,1,1,1,1,,,,,Bar,Medium,station,"{""$schema"": ""https://vega.github.io/schema/vega-lite/v6.json"", ""description"": ""Vega-Lite chart for key 3050@x_name@ASC"", ""data"": {""values"": [{""Name"": ""Birmingham New Street"", ""Total_Passengers"": 36.330999999999996}, {""Name"": ""Glasgow Central"", ""Total_Passengers"": 29.658}]}, ""mark"": ""bar"", ""encoding"": {""x"": {""field"": ""Name"", ""type"": ""nominal""}, ""y"": {""field"": ""Total_Passengers"", ""type"": ""quantitative""}}}"
877,3052@x_name@ASC,What are the locations and the total number of platforms for train stations in each location?,,,,,,,,1,1,1,1,,,,,Bar,Medium,station,"{""$schema"": ""https://vega.github.io/schema/vega-lite/v6.json"", ""description"": ""Vega-Lite chart for key 3052@x_name@ASC"", ""data"": {""values"": [{""Location"": ""Birmingham"", ""sum_number_of_platforms_"": 13}, {""Location"": ""Glasgow"", ""sum_number_of_platforms_"": 17}, {""Location"": ""London"", ""sum_number_of_platforms_"": 140}]}, ""mark"": ""bar"", ""encoding"": {""x"": {""field"": ""Location"", ""type"": ""nominal""}, ""y"": {""field"": ""sum_number_of_platforms_"", ""type"": ""quantitative""}}}"
878,3053@x_name@DESC,Could you show a chart of total passengers by location?,,,,,,,,1,1,1,1,,,,,Bar,Medium,station,"{""$schema"": ""https://vega.github.io/schema/vega-lite/v6.json"", ""description"": ""Vega-Lite chart for key 3053@x_name@DESC"", ""data"": {""values"": [{""Location"": ""London"", ""sum_total_passengers_"": 498.50700000000006}, {""Location"": ""Glasgow"", ""sum_total_passengers_"": 29.658}, {""Location"": ""Birmingham"", ""sum_total_passengers_"": 36.330999999999996}]}, ""mark"": ""bar"", ""encoding"": {""x"": {""field"": ""Location"", ""type"": ""nominal""}, ""y"": {""field"": ""sum_total_passengers_"", ""type"": ""quantitative""}}}"
879,38@x_name@DESC,How many students are affected by each allergy type?,,,,,,,,1,1,1,1,,,,,Bar,Hard,Has_allergy,"{""$schema"": ""https://vega.github.io/schema/vega-lite/v6.json"", ""description"": ""Vega-Lite chart for key 38@x_name@DESC"", ""data"": {""values"": [{""AllergyType"": ""food"", ""count_"": 28}, {""AllergyType"": ""environmental"", ""count_"": 23}, {""AllergyType"": ""animal"", ""count_"": 8}]}, ""mark"": ""bar"", ""encoding"": {""x"": {""field"": ""AllergyType"", ""type"": ""nominal""}, ""y"": {""field"": ""count_"", ""type"": ""quantitative""}}}"
880,41@y_name@ASC,What’s the average age of female students for each first name?,,,,,,,,1,1,1,1,,,,,Bar,Hard,Student,"{""$schema"": ""https://vega.github.io/schema/vega-lite/v6.json"", ""description"": ""Vega-Lite chart for key 41@y_name@ASC"", ""data"": {""values"": [{""Fname"": ""Susan"", ""AVG_Age_"": 16}, {""Fname"": ""Linda"", ""AVG_Age_"": 18}, {""Fname"": ""Stacy"", ""AVG_Age_"": 18}, {""Fname"": ""Tracy"", ""AVG_Age_"": 19}, {""Fname"": ""Lisa"", ""AVG_Age_"": 19.5}, {""Fname"": ""Jandy"", ""AVG_Age_"": 20}, {""Fname"": ""Shiela"", ""AVG_Age_"": 21}, {""Fname"": ""Sarah"", ""AVG_Age_"": 23}]}, ""mark"": ""bar"", ""encoding"": {""x"": {""field"": ""Fname"", ""type"": ""nominal""}, ""y"": {""field"": ""AVG_Age_"", ""type"": ""quantitative""}}}"
881,42@y_name@ASC,What’s the count of each last name among female students?,,,,,,,,1,1,1,1,,,,,Bar,Hard,Student,"{""$schema"": ""https://vega.github.io/schema/vega-lite/v6.json"", ""description"": ""Vega-Lite chart for key 42@y_name@ASC"", ""data"": {""values"": [{""LName"": ""Apap"", ""COUNT_LName_"": 1}, {""LName"": ""Cheng"", ""COUNT_LName_"": 1}, {""LName"": ""Jones"", ""COUNT_LName_"": 1}, {""LName"": ""Kim"", ""COUNT_LName_"": 1}, {""LName"": ""Lee"", ""COUNT_LName_"": 1}, {""LName"": ""Nelson"", ""COUNT_LName_"": 1}, {""LName"": ""Prater"", ""COUNT_LName_"": 1}, {""LName"": ""Schmidt"", ""COUNT_LName_"": 1}, {""LName"": ""Smith"", ""COUNT_LName_"": 2}]}, ""mark"": ""bar"", ""encoding"": {""x"": {""field"": ""LName"", ""type"": ""nominal""}, ""y"": {""field"": ""COUNT_LName_"", ""type"": ""quantitative""}}}"
882,44@y_name@DESC,What’s the average age of female students for each last name?,,,,,,,,1,1,1,1,,,,,Bar,Hard,Student,"{""$schema"": ""https://vega.github.io/schema/vega-lite/v6.json"", ""description"": ""Vega-Lite chart for key 44@y_name@DESC"", ""data"": {""values"": [{""LName"": ""Schmidt"", ""AVG_Age_"": 26}, {""LName"": ""Jones"", ""AVG_Age_"": 21}, {""LName"": ""Cheng"", ""AVG_Age_"": 21}, {""LName"": ""Nelson"", ""AVG_Age_"": 20}, {""LName"": ""Smith"", ""AVG_Age_"": 19}, {""LName"": ""Kim"", ""AVG_Age_"": 19}, {""LName"": ""Prater"", ""AVG_Age_"": 18}, {""LName"": ""Apap"", ""AVG_Age_"": 18}, {""LName"": ""Lee"", ""AVG_Age_"": 16}]}, ""mark"": ""bar"", ""encoding"": {""x"": {""field"": ""LName"", ""type"": ""nominal""}, ""y"": {""field"": ""AVG_Age_"", ""type"": ""quantitative""}}}"
883,47@y_name@DESC,"What are the counts of each allergy type,?",,,,,,,,1,1,1,1,,,,,Bar,Medium,Allergy_type,"{""$schema"": ""https://vega.github.io/schema/vega-lite/v6.json"", ""description"": ""Vega-Lite chart for key 47@y_name@DESC"", ""data"": {""values"": [{""AllergyType"": ""food"", ""COUNT_AllergyType_"": 7}, {""AllergyType"": ""animal"", ""COUNT_AllergyType_"": 4}, {""AllergyType"": ""environmental"", ""COUNT_AllergyType_"": 3}]}, ""mark"": ""bar"", ""encoding"": {""x"": {""field"": ""AllergyType"", ""type"": ""nominal""}, ""y"": {""field"": ""COUNT_AllergyType_"", ""type"": ""quantitative""}}}"
884,49@y_name@ASC,"Which students don’t have any food‑type allergies, and how many of them are there?",,,,,,,,1,1,1,1,,,,,Bar,Extra Hard,Student,"{""$schema"": ""https://vega.github.io/schema/vega-lite/v6.json"", ""description"": ""Vega-Lite chart for key 49@y_name@ASC"", ""data"": {""values"": [{""LName"": ""Adams"", ""COUNT_LName_"": 1}, {""LName"": ""Andreou"", ""COUNT_LName_"": 1}, {""LName"": ""Brody"", ""COUNT_LName_"": 1}, {""LName"": ""Brown"", ""COUNT_LName_"": 1}, {""LName"": ""Cheng"", ""COUNT_LName_"": 1}, {""LName"": ""Davis"", ""COUNT_LName_"": 1}, {""LName"": ""Epp"", ""COUNT_LName_"": 1}, {""LName"": ""Goldman"", ""COUNT_LName_"": 1}, {""LName"": ""Jones"", ""COUNT_LName_"": 1}, {""LName"": ""Nelson"", ""COUNT_LName_"": 1}, {""LName"": ""Prater"", ""COUNT_LName_"": 1}, {""LName"": ""Rugh"", ""COUNT_LName_"": 1}, {""LName"": ""Schmidt"", ""COUNT_LName_"": 1}, {""LName"": ""Simms"", ""COUNT_LName_"": 1}, {""LName"": ""Smith"", ""COUNT_LName_"": 1}, {""LName"": ""Tai"", ""COUNT_LName_"": 1}, {""LName"": ""Thornton"", ""COUNT_LName_"": 1}, {""LName"": ""Wilson"", ""COUNT_LName_"": 1}, {""LName"": ""Pang"", ""COUNT_LName_"": 2}]}, ""mark"": ""bar"", ""encoding"": {""x"": {""field"": ""LName"", ""type"": ""nominal""}, ""y"": {""field"": ""COUNT_LName_"", ""type"": ""quantitative""}}}"
885,53@x_name@ASC,Show a chart of the students allergic to milk and cats.,,,,,,,,1,1,1,1,,,,,Bar,Extra Hard,Student,"{""$schema"": ""https://vega.github.io/schema/vega-lite/v6.json"", ""description"": ""Vega-Lite chart for key 53@x_name@ASC"", ""data"": {""values"": [{""LName"": ""Apap"", ""Age"": 18}, {""LName"": ""Lee"", ""Age"": 17}]}, ""mark"": ""bar"", ""encoding"": {""x"": {""field"": ""LName"", ""type"": ""nominal""}, ""y"": {""field"": ""Age"", ""type"": ""quantitative""}}}"
886,56@y_name@ASC,What are Lisa’s allergy countsr?,,,,,,,,1,1,1,1,,,,,Bar,Extra Hard,Allergy_type,"{""$schema"": ""https://vega.github.io/schema/vega-lite/v6.json"", ""description"": ""Vega-Lite chart for key 56@y_name@ASC"", ""data"": {""values"": [{""Allergy"": ""Anchovies"", ""COUNT_Allergy_"": 1}, {""Allergy"": ""Cat"", ""COUNT_Allergy_"": 1}, {""Allergy"": ""Dog"", ""COUNT_Allergy_"": 1}, {""Allergy"": ""Eggs"", ""COUNT_Allergy_"": 1}, {""Allergy"": ""Milk"", ""COUNT_Allergy_"": 1}, {""Allergy"": ""Ragweed"", ""COUNT_Allergy_"": 1}, {""Allergy"": ""Shellfish"", ""COUNT_Allergy_"": 1}, {""Allergy"": ""Tree Pollen"", ""COUNT_Allergy_"": 1}, {""Allergy"": ""Grass Pollen"", ""COUNT_Allergy_"": 2}]}, ""mark"": ""bar"", ""encoding"": {""x"": {""field"": ""Allergy"", ""type"": ""nominal""}, ""y"": {""field"": ""COUNT_Allergy_"", ""type"": ""quantitative""}}}"
887,58@y_name@ASC,What’s the average age for male and female students?,,,,,,,,1,1,1,1,,,,,Bar,Medium,Student,"{""$schema"": ""https://vega.github.io/schema/vega-lite/v6.json"", ""description"": ""Vega-Lite chart for key 58@y_name@ASC"", ""data"": {""values"": [{""Sex"": ""M"", ""avg_age_"": 19.5}, {""Sex"": ""F"", ""avg_age_"": 19.7}]}, ""mark"": ""bar"", ""encoding"": {""x"": {""field"": ""Sex"", ""type"": ""nominal""}, ""y"": {""field"": ""avg_age_"", ""type"": ""quantitative""}}}"
888,59@y_name@ASC,Could you show a chart of each city with its student count?,,,,,,,,1,1,1,1,,,,,Bar,Medium,Student,"{""$schema"": ""https://vega.github.io/schema/vega-lite/v6.json"", ""description"": ""Vega-Lite chart for key 59@y_name@ASC"", ""data"": {""values"": [{""city_code"": ""ATL"", ""count_"": 1}, {""city_code"": ""BOS"", ""count_"": 1}, {""city_code"": ""CHI"", ""count_"": 1}, {""city_code"": ""DAL"", ""count_"": 1}, {""city_code"": ""DET"", ""count_"": 1}, {""city_code"": ""HOU"", ""count_"": 1}, {""city_code"": ""LON"", ""count_"": 1}, {""city_code"": ""LOS"", ""count_"": 1}, {""city_code"": ""NAR"", ""count_"": 1}, {""city_code"": ""PEK"", ""count_"": 1}, {""city_code"": ""ROC"", ""count_"": 1}, {""city_code"": ""SFO"", ""count_"": 1}, {""city_code"": ""YYZ"", ""count_"": 2}, {""city_code"": ""HKG"", ""count_"": 3}, {""city_code"": ""NYC"", ""count_"": 3}, {""city_code"": ""PHL"", ""count_"": 3}, {""city_code"": ""WAS"", ""count_"": 3}, {""city_code"": ""BAL"", ""count_"": 4}, {""city_code"": ""PIT"", ""count_"": 4}]}, ""mark"": ""bar"", ""encoding"": {""x"": {""field"": ""city_code"", ""type"": ""nominal""}, ""y"": {""field"": ""count_"", ""type"": ""quantitative""}}}"
889,61@y_name@ASC,What are the different allergy types and how many cases each has?,,,,,,,,1,1,1,1,,,,,Bar,Medium,Allergy_type,"{""$schema"": ""https://vega.github.io/schema/vega-lite/v6.json"", ""description"": ""Vega-Lite chart for key 61@y_name@ASC"", ""data"": {""values"": [{""AllergyType"": ""environmental"", ""count_"": 3}, {""AllergyType"": ""animal"", ""count_"": 4}, {""AllergyType"": ""food"", ""count_"": 7}]}, ""mark"": ""bar"", ""encoding"": {""x"": {""field"": ""AllergyType"", ""type"": ""nominal""}, ""y"": {""field"": ""count_"", ""type"": ""quantitative""}}}"
890,1324@y_name@ASC,Could you list the total number for each party?,,,,,,,,1,1,1,1,,,,,Bar,Medium,representative,"{""$schema"": ""https://vega.github.io/schema/vega-lite/v6.json"", ""description"": ""Vega-Lite chart for key 1324@y_name@ASC"", ""data"": {""values"": [{""Party"": ""Democratic"", ""COUNT_"": 3}, {""Party"": ""Republican"", ""COUNT_"": 4}]}, ""mark"": ""bar"", ""encoding"": {""x"": {""field"": ""Party"", ""type"": ""nominal""}, ""y"": {""field"": ""COUNT_"", ""type"": ""quantitative""}}}"
891,1328@x_name@ASC,How many representatives does each party have?,,,,,,,,1,1,1,1,,,,,Bar,Medium,representative,"{""$schema"": ""https://vega.github.io/schema/vega-lite/v6.json"", ""description"": ""Vega-Lite chart for key 1328@x_name@ASC"", ""data"": {""values"": [{""Party"": ""Democratic"", ""COUNT_Party_"": 3}, {""Party"": ""Republican"", ""COUNT_Party_"": 4}]}, ""mark"": ""bar"", ""encoding"": {""x"": {""field"": ""Party"", ""type"": ""nominal""}, ""y"": {""field"": ""COUNT_Party_"", ""type"": ""quantitative""}}}"
892,483@x_name@ASC,What’s the count of matches for each competition?,,,,,,,,1,1,1,1,,,,,Bar,Medium,MATCH,"{""$schema"": ""https://vega.github.io/schema/vega-lite/v6.json"", ""description"": ""Vega-Lite chart for key 483@x_name@ASC"", ""data"": {""values"": [{""Competition"": ""1994 FIFA World Cup qualification"", ""count_"": 4}, {""Competition"": ""2002 FIFA World Cup qualification"", ""count_"": 1}, {""Competition"": ""Friendly match"", ""count_"": 1}]}, ""mark"": ""bar"", ""encoding"": {""x"": {""field"": ""Competition"", ""type"": ""nominal""}, ""y"": {""field"": ""count_"", ""type"": ""quantitative""}}}"
893,1015@y_name@DESC,What are the distinct product categories and how many mailshots does each have?,,,,,,,,1,1,1,1,,,,,Bar,Medium,mailshot_campaigns,"{""$schema"": ""https://vega.github.io/schema/vega-lite/v6.json"", ""description"": ""Vega-Lite chart for key 1015@y_name@DESC"", ""data"": {""values"": [{""product_category"": ""food"", ""count_"": 11}, {""product_category"": ""clothes"", ""count_"": 9}]}, ""mark"": ""bar"", ""encoding"": {""x"": {""field"": ""product_category"", ""type"": ""nominal""}, ""y"": {""field"": ""count_"", ""type"": ""quantitative""}}}"
894,1017@y_name@ASC,How many customer addresses are there for each address type code?,,,,,,,,1,1,1,1,,,,,Bar,Hard,customer_addresses,"{""$schema"": ""https://vega.github.io/schema/vega-lite/v6.json"", ""description"": ""Vega-Lite chart for key 1017@y_name@ASC"", ""data"": {""values"": [{""address_type_code"": ""Shipping"", ""COUNT_address_type_code_"": 7}, {""address_type_code"": ""Billing"", ""COUNT_address_type_code_"": 8}]}, ""mark"": ""bar"", ""encoding"": {""x"": {""field"": ""address_type_code"", ""type"": ""nominal""}, ""y"": {""field"": ""COUNT_address_type_code_"", ""type"": ""quantitative""}}}"
895,1019@x_name@DESC,How many customer addresses are there for each premises type?,,,,,,,,1,1,1,1,,,,,Bar,Hard,customer_addresses,"{""$schema"": ""https://vega.github.io/schema/vega-lite/v6.json"", ""description"": ""Vega-Lite chart for key 1019@x_name@DESC"", ""data"": {""values"": [{""premises_type"": ""Warehouse"", ""COUNT_premises_type_"": 6}, {""premises_type"": ""Residence"", ""COUNT_premises_type_"": 3}, {""premises_type"": ""Office"", ""COUNT_premises_type_"": 6}]}, ""mark"": ""bar"", ""encoding"": {""x"": {""field"": ""premises_type"", ""type"": ""nominal""}, ""y"": {""field"": ""COUNT_premises_type_"", ""type"": ""quantitative""}}}"
896,1022@y_name@ASC,"What are the outcome codes for mailshots, how many mailshots fall under each code?",,,,,,,,1,1,1,1,,,,,Bar,Medium,mailshot_customers,"{""$schema"": ""https://vega.github.io/schema/vega-lite/v6.json"", ""description"": ""Vega-Lite chart for key 1022@y_name@ASC"", ""data"": {""values"": [{""outcome_code"": ""No Response"", ""count_"": 5}, {""outcome_code"": ""Order"", ""count_"": 10}]}, ""mark"": ""bar"", ""encoding"": {""x"": {""field"": ""outcome_code"", ""type"": ""nominal""}, ""y"": {""field"": ""count_"", ""type"": ""quantitative""}}}"
897,2594@y_name@DESC,How many people are there of each nationality?,,,,,,,,1,1,1,1,,,,,Bar,Medium,people,"{""$schema"": ""https://vega.github.io/schema/vega-lite/v6.json"", ""description"": ""Vega-Lite chart for key 2594@y_name@DESC"", ""data"": {""values"": [{""Nationality"": ""Russia"", ""COUNT_"": 6}, {""Nationality"": ""Bulgaria"", ""COUNT_"": 1}]}, ""mark"": ""bar"", ""encoding"": {""x"": {""field"": ""Nationality"", ""type"": ""nominal""}, ""y"": {""field"": ""COUNT_"", ""type"": ""quantitative""}}}"
898,909@y_name@ASC,What’s the average product price for each category?,,,,,,,,1,1,1,1,,,,,Bar,Medium,products,"{""$schema"": ""https://vega.github.io/schema/vega-lite/v6.json"", ""description"": ""Vega-Lite chart for key 909@y_name@ASC"", ""data"": {""values"": [{""product_category_code"": ""Food"", ""avg_product_price_"": 2.88}, {""product_category_code"": ""Book"", ""avg_product_price_"": 35}, {""product_category_code"": ""Hardware"", ""avg_product_price_"": 66.67}]}, ""mark"": ""bar"", ""encoding"": {""x"": {""field"": ""product_category_code"", ""type"": ""nominal""}, ""y"": {""field"": ""avg_product_price_"", ""type"": ""quantitative""}}}"
899,911@y_name@DESC,Which product names are there and how many complaints has each received?,,,,,,,,1,1,1,1,,,,,Bar,Hard,products,"{""$schema"": ""https://vega.github.io/schema/vega-lite/v6.json"", ""description"": ""Vega-Lite chart for key 911@y_name@DESC"", ""data"": {""values"": [{""product_name"": ""Chocolate"", ""count_"": 6}, {""product_name"": ""The Great Gatsby"", ""count_"": 4}, {""product_name"": ""Mouse"", ""count_"": 1}, {""product_name"": ""Keyboard"", ""count_"": 1}]}, ""mark"": ""bar"", ""encoding"": {""x"": {""field"": ""product_name"", ""type"": ""nominal""}, ""y"": {""field"": ""count_"", ""type"": ""quantitative""}}}"
900,690@y_name@DESC,Could you show a chart of each country with its total number?,,,,,,,,1,1,1,1,,,,,Bar,Medium,singer,"{""$schema"": ""https://vega.github.io/schema/vega-lite/v6.json"", ""description"": ""Vega-Lite chart for key 690@y_name@DESC"", ""data"": {""values"": [{""Country"": ""France"", ""count_"": 4}, {""Country"": ""United States"", ""count_"": 1}, {""Country"": ""Netherlands"", ""count_"": 1}]}, ""mark"": ""bar"", ""encoding"": {""x"": {""field"": ""Country"", ""type"": ""nominal""}, ""y"": {""field"": ""count_"", ""type"": ""quantitative""}}}"
901,692@x_name@ASC,"Which singers performed at the 2014 concert, and how many of each were there?",,,,,,,,1,1,1,1,,,,,Bar,Extra Hard,singer_in_concert,"{""$schema"": ""https://vega.github.io/schema/vega-lite/v6.json"", ""description"": ""Vega-Lite chart for key 692@x_name@ASC"", ""data"": {""values"": [{""Name"": ""John Nizinik"", ""COUNT_Name_"": 1}, {""Name"": ""Justin Brown"", ""COUNT_Name_"": 2}, {""Name"": ""Rose White"", ""COUNT_Name_"": 1}, {""Name"": ""Timbaland"", ""COUNT_Name_"": 1}, {""Name"": ""Tribal King"", ""COUNT_Name_"": 1}]}, ""mark"": ""bar"", ""encoding"": {""x"": {""field"": ""Name"", ""type"": ""nominal""}, ""y"": {""field"": ""COUNT_Name_"", ""type"": ""quantitative""}}}"
902,700@x_name@DESC,What are the singers’ names and how many concerts each has done?,,,,,,,,1,1,1,1,,,,,Bar,Hard,singer_in_concert,"{""$schema"": ""https://vega.github.io/schema/vega-lite/v6.json"", ""description"": ""Vega-Lite chart for key 700@x_name@DESC"", ""data"": {""values"": [{""Name"": ""Tribal King"", ""count_"": 2}, {""Name"": ""Timbaland"", ""count_"": 2}, {""Name"": ""Rose White"", ""count_"": 1}, {""Name"": ""Justin Brown"", ""count_"": 3}, {""Name"": ""John Nizinik"", ""count_"": 2}]}, ""mark"": ""bar"", ""encoding"": {""x"": {""field"": ""Name"", ""type"": ""nominal""}, ""y"": {""field"": ""count_"", ""type"": ""quantitative""}}}"
903,816@y_name@DESC,What’s the total amount for each statement detail?,,,,,,,,1,1,1,1,,,,,Bar,Hard,Accounts,"{""$schema"": ""https://vega.github.io/schema/vega-lite/v6.json"", ""description"": ""Vega-Lite chart for key 816@y_name@DESC"", ""data"": {""values"": [{""Statement_Details"": ""Private Project"", ""SUM_Account_Details_"": 21335}, {""Statement_Details"": ""Open Project"", ""SUM_Account_Details_"": 20316}]}, ""mark"": ""bar"", ""encoding"": {""x"": {""field"": ""Statement_Details"", ""type"": ""nominal""}, ""y"": {""field"": ""SUM_Account_Details_"", ""type"": ""quantitative""}}}"
906,833@y_name@DESC,What’s the count of documents for each budget‑type description?,,,,,,,,1,1,1,1,,,,,Bar,Hard,Documents_with_expenses,"{""$schema"": ""https://vega.github.io/schema/vega-lite/v6.json"", ""description"": ""Vega-Lite chart for key 833@y_name@DESC"", ""data"": {""values"": [{""Budget_Type_Description"": ""Government"", ""COUNT_Budget_Type_Description_"": 6}, {""Budget_Type_Description"": ""Self founded"", ""COUNT_Budget_Type_Description_"": 2}, {""Budget_Type_Description"": ""Organisation"", ""COUNT_Budget_Type_Description_"": 2}]}, ""mark"": ""bar"", ""encoding"": {""x"": {""field"": ""Budget_Type_Description"", ""type"": ""nominal""}, ""y"": {""field"": ""COUNT_Budget_Type_Description_"", ""type"": ""quantitative""}}}"
907,847@y_name@DESC,How many documents were created each day?,,,,,,,,1,1,1,1,,,,,Bar,Hard,Ref_document_types,"{""$schema"": ""https://vega.github.io/schema/vega-lite/v6.json"", ""description"": ""Vega-Lite chart for key 847@y_name@DESC"", ""data"": {""values"": [{""Document_Date"": ""Wed"", ""COUNT_Document_Date_"": 5}, {""Document_Date"": ""Fri"", ""COUNT_Document_Date_"": 3}, {""Document_Date"": ""Thur"", ""COUNT_Document_Date_"": 2}, {""Document_Date"": ""Sun"", ""COUNT_Document_Date_"": 2}, {""Document_Date"": ""Sat"", ""COUNT_Document_Date_"": 2}, {""Document_Date"": ""Mon"", ""COUNT_Document_Date_"": 1}, {""Document_Date"": ""Tue"", ""COUNT_Document_Date_"": 0}]}, ""mark"": ""bar"", ""encoding"": {""x"": {""field"": ""Document_Date"", ""type"": ""nominal""}, ""y"": {""field"": ""COUNT_Document_Date_"", ""type"": ""quantitative""}}}"
908,851@y_name@DESC,How many documents are created each day?,,,,,,,,1,1,1,1,,,,,Stacked Bar,Extra Hard,cre_Docs_and_Epenses,"{""$schema"": ""https://vega.github.io/schema/vega-lite/v6.json"", ""description"": ""Vega-Lite chart for key 851@y_name@DESC"", ""data"": {""values"": [{""classify"": ""excellent"", ""Document_Date"": ""Wed"", ""COUNT_Document_Date_"": 3}, {""classify"": ""excellent"", ""Document_Date"": ""Fri"", ""COUNT_Document_Date_"": 1}, {""classify"": ""excellent"", ""Document_Date"": ""Thur"", ""COUNT_Document_Date_"": 1}, {""classify"": ""excellent"", ""Document_Date"": ""Sat"", ""COUNT_Document_Date_"": 1}, {""classify"": ""excellent"", ""Document_Date"": ""Sun"", ""COUNT_Document_Date_"": 2}, {""classify"": ""excellent"", ""Document_Date"": ""Mon"", ""COUNT_Document_Date_"": 1}, {""classify"": ""excellent"", ""Document_Date"": ""Tue"", ""COUNT_Document_Date_"": 0}, {""classify"": ""fun"", ""Document_Date"": ""Wed"", ""COUNT_Document_Date_"": 1}, {""classify"": ""fun"", ""Document_Date"": ""Fri"", ""COUNT_Document_Date_"": 0}, {""classify"": ""fun"", ""Document_Date"": ""Thur"", ""COUNT_Document_Date_"": 0}, {""classify"": ""fun"", ""Document_Date"": ""Sat"", ""COUNT_Document_Date_"": 0}, {""classify"": ""fun"", ""Document_Date"": ""Sun"", ""COUNT_Document_Date_"": 0}, {""classify"": ""fun"", ""Document_Date"": ""Mon"", ""COUNT_Document_Date_"": 0}, {""classify"": ""fun"", ""Document_Date"": ""Tue"", ""COUNT_Document_Date_"": 0}, {""classify"": ""good"", ""Document_Date"": ""Wed"", ""COUNT_Document_Date_"": 1}, {""classify"": ""good"", ""Document_Date"": ""Fri"", ""COUNT_Document_Date_"": 2}, {""classify"": ""good"", ""Document_Date"": ""Thur"", ""COUNT_Document_Date_"": 1}, {""classify"": ""good"", ""Document_Date"": ""Sat"", ""COUNT_Document_Date_"": 1}, {""classify"": ""good"", ""Document_Date"": ""Sun"", ""COUNT_Document_Date_"": 0}, {""classify"": ""good"", ""Document_Date"": ""Mon"", ""COUNT_Document_Date_"": 0}, {""classify"": ""good"", ""Document_Date"": ""Tue"", ""COUNT_Document_Date_"": 0}]}, ""mark"": ""bar"", ""encoding"": {""x"": {""field"": ""Document_Date"", ""type"": ""nominal""}, ""y"": {""field"": ""COUNT_Document_Date_"", ""type"": ""quantitative""}, ""color"": {""field"": ""classify"", ""type"": ""nominal""}}}"
909,853@y_name@DESC,"How many documents were created each weekday for the “Graph Database project,”?",,,,,,,,1,1,1,1,,,,,Bar,Extra Hard,Documents,"{""$schema"": ""https://vega.github.io/schema/vega-lite/v6.json"", ""description"": ""Vega-Lite chart for key 853@y_name@DESC"", ""data"": {""values"": [{""Document_Date"": ""Wed"", ""COUNT_Document_Date_"": 2}, {""Document_Date"": ""Thur"", ""COUNT_Document_Date_"": 2}, {""Document_Date"": ""Sun"", ""COUNT_Document_Date_"": 1}, {""Document_Date"": ""Tue"", ""COUNT_Document_Date_"": 0}, {""Document_Date"": ""Sat"", ""COUNT_Document_Date_"": 0}, {""Document_Date"": ""Mon"", ""COUNT_Document_Date_"": 0}, {""Document_Date"": ""Fri"", ""COUNT_Document_Date_"": 0}]}, ""mark"": ""bar"", ""encoding"": {""x"": {""field"": ""Document_Date"", ""type"": ""nominal""}, ""y"": {""field"": ""COUNT_Document_Date_"", ""type"": ""quantitative""}}}"
910,1987@x_name@ASC,Show a chart with policy type code and total number.,,,,,,,,1,1,1,1,,,,,Bar,Medium,policies,"{""$schema"": ""https://vega.github.io/schema/vega-lite/v6.json"", ""description"": ""Vega-Lite chart for key 1987@x_name@ASC"", ""data"": {""values"": [{""Policy_Type_Code"": ""Deputy"", ""count_"": 3}, {""Policy_Type_Code"": ""Jurisdiction"", ""count_"": 3}, {""Policy_Type_Code"": ""Normal"", ""count_"": 1}, {""Policy_Type_Code"": ""Uniformed"", ""count_"": 8}]}, ""mark"": ""bar"", ""encoding"": {""x"": {""field"": ""Policy_Type_Code"", ""type"": ""nominal""}, ""y"": {""field"": ""count_"", ""type"": ""quantitative""}}}"
911,1991@y_name@DESC,"Which claims exceed the average amount, grouped by the day of week they were filed?",,,,,,,,1,1,1,0,,,,,Bar,Hard,Claims,"{""$schema"": ""https://vega.github.io/schema/vega-lite/v6.json"", ""description"": ""Vega-Lite chart for key 1991@y_name@DESC"", ""data"": {""values"": [{""Date_Claim_Made"": ""Fri"", ""COUNT_Date_Claim_Made_"": 4}, {""Date_Claim_Made"": ""Thur"", ""COUNT_Date_Claim_Made_"": 2}, {""Date_Claim_Made"": ""Wed"", ""COUNT_Date_Claim_Made_"": 0}, {""Date_Claim_Made"": ""Tue"", ""COUNT_Date_Claim_Made_"": 0}, {""Date_Claim_Made"": ""Sun"", ""COUNT_Date_Claim_Made_"": 0}, {""Date_Claim_Made"": ""Sat"", ""COUNT_Date_Claim_Made_"": 0}, {""Date_Claim_Made"": ""Mon"", ""COUNT_Date_Claim_Made_"": 0}]}, ""mark"": ""bar"", ""encoding"": {""x"": {""field"": ""Date_Claim_Made"", ""type"": ""nominal""}, ""y"": {""field"": ""COUNT_Date_Claim_Made_"", ""type"": ""quantitative""}}}"
912,2010@x_name@DESC,Could you compare how often each payment method code occurs?,,,,,,,,1,1,1,1,,,,,Bar,Medium,Payments,"{""$schema"": ""https://vega.github.io/schema/vega-lite/v6.json"", ""description"": ""Vega-Lite chart for key 2010@x_name@DESC"", ""data"": {""values"": [{""Payment_Method_Code"": ""Visa"", ""COUNT_Payment_Method_Code_"": 4}, {""Payment_Method_Code"": ""MasterCard"", ""COUNT_Payment_Method_Code_"": 7}, {""Payment_Method_Code"": ""Discover Card"", ""COUNT_Payment_Method_Code_"": 3}, {""Payment_Method_Code"": ""American Express"", ""COUNT_Payment_Method_Code_"": 1}]}, ""mark"": ""bar"", ""encoding"": {""x"": {""field"": ""Payment_Method_Code"", ""type"": ""nominal""}, ""y"": {""field"": ""COUNT_Payment_Method_Code_"", ""type"": ""quantitative""}}}"
913,2024@y_name@DESC,"For Visa‑processed payments, group them by year, count how many occurred each year.",,,,,,,,1,1,1,1,,,,,Bar,Hard,Payments,"{""$schema"": ""https://vega.github.io/schema/vega-lite/v6.json"", ""description"": ""Vega-Lite chart for key 2024@y_name@DESC"", ""data"": {""values"": [{""Date_Payment_Made"": ""2017"", ""COUNT_Date_Payment_Made_"": 3}, {""Date_Payment_Made"": ""2018"", ""COUNT_Date_Payment_Made_"": 1}]}, ""mark"": ""bar"", ""encoding"": {""x"": {""field"": ""Date_Payment_Made"", ""type"": ""nominal""}, ""y"": {""field"": ""COUNT_Date_Payment_Made_"", ""type"": ""quantitative""}}}"
914,2028@y_name@DESC,What’s the average Visa payment amount per year?,,,,,,,,1,1,1,1,,,,,Bar,Hard,Payments,"{""$schema"": ""https://vega.github.io/schema/vega-lite/v6.json"", ""description"": ""Vega-Lite chart for key 2028@y_name@DESC"", ""data"": {""values"": [{""Date_Payment_Made"": ""2017"", ""AVG_Amount_Payment_"": 262456.6666666667}, {""Date_Payment_Made"": ""2018"", ""AVG_Amount_Payment_"": 7343}]}, ""mark"": ""bar"", ""encoding"": {""x"": {""field"": ""Date_Payment_Made"", ""type"": ""nominal""}, ""y"": {""field"": ""AVG_Amount_Payment_"", ""type"": ""quantitative""}}}"
915,2030@y_name@ASC,"Could you show the total of all Visa payments, plotted as a chart by payment date?",,,,,,,,1,1,1,1,,,,,Bar,Medium,Payments,"{""$schema"": ""https://vega.github.io/schema/vega-lite/v6.json"", ""description"": ""Vega-Lite chart for key 2030@y_name@ASC"", ""data"": {""values"": [{""Date_Payment_Made"": ""2018-02-24"", ""Amount_Payment"": 7343}, {""Date_Payment_Made"": ""2017-05-28"", ""Amount_Payment"": 155654}, {""Date_Payment_Made"": ""2017-05-03"", ""Amount_Payment"": 172309}, {""Date_Payment_Made"": ""2017-12-16"", ""Amount_Payment"": 459407}]}, ""mark"": ""bar"", ""encoding"": {""x"": {""field"": ""Date_Payment_Made"", ""type"": ""nominal""}, ""y"": {""field"": ""Amount_Payment"", ""type"": ""quantitative""}}}"
916,2031@y_name@ASC,"For Visa payments, how many were made on each day of the week?",,,,,,,,1,1,1,1,,,,,Bar,Hard,Payments,"{""$schema"": ""https://vega.github.io/schema/vega-lite/v6.json"", ""description"": ""Vega-Lite chart for key 2031@y_name@ASC"", ""data"": {""values"": [{""Date_Payment_Made"": ""Fri"", ""COUNT_Date_Payment_Made_"": 0}, {""Date_Payment_Made"": ""Mon"", ""COUNT_Date_Payment_Made_"": 0}, {""Date_Payment_Made"": ""Thur"", ""COUNT_Date_Payment_Made_"": 0}, {""Date_Payment_Made"": ""Tue"", ""COUNT_Date_Payment_Made_"": 0}, {""Date_Payment_Made"": ""Sun"", ""COUNT_Date_Payment_Made_"": 1}, {""Date_Payment_Made"": ""Wed"", ""COUNT_Date_Payment_Made_"": 1}, {""Date_Payment_Made"": ""Sat"", ""COUNT_Date_Payment_Made_"": 2}]}, ""mark"": ""bar"", ""encoding"": {""x"": {""field"": ""Date_Payment_Made"", ""type"": ""nominal""}, ""y"": {""field"": ""COUNT_Date_Payment_Made_"", ""type"": ""quantitative""}}}"
917,709@y_name@DESC,How many counties correspond to each police force?,,,,,,,,1,1,1,1,,,,,Bar,Medium,county_public_safety,"{""$schema"": ""https://vega.github.io/schema/vega-lite/v6.json"", ""description"": ""Vega-Lite chart for key 709@y_name@DESC"", ""data"": {""values"": [{""Police_force"": ""RCMP"", ""COUNT_"": 4}, {""Police_force"": ""Central Saanich Police"", ""COUNT_"": 1}, {""Police_force"": ""Abbotsford Police Department"", ""COUNT_"": 1}]}, ""mark"": ""bar"", ""encoding"": {""x"": {""field"": ""Police_force"", ""type"": ""nominal""}, ""y"": {""field"": ""COUNT_"", ""type"": ""quantitative""}}}"
918,171@x_name@DESC,What’s the average number of home games played by team BS1 each year?,,,,,,,,1,1,1,1,,,,,Line,Medium,home_game,"{""$schema"": ""https://vega.github.io/schema/vega-lite/v6.json"", ""description"": ""Vega-Lite chart for key 171@x_name@DESC"", ""data"": {""values"": [{""year"": 1875, ""avg_attendance_"": 12.333333333333334}, {""year"": 1874, ""avg_attendance_"": 17.5}, {""year"": 1873, ""avg_attendance_"": 10.0}, {""year"": 1872, ""avg_attendance_"": 21.0}, {""year"": 1871, ""avg_attendance_"": 8.5}]}, ""mark"": ""line"", ""encoding"": {""x"": {""field"": ""year"", ""type"": ""quantitative""}, ""y"": {""field"": ""avg_attendance_"", ""type"": ""quantitative""}}}"
919,2451@y_name@ASC,How many high schoolers have each name?,,,,,,,,1,1,1,1,,,,,Bar,Medium,Highschooler,"{""$schema"": ""https://vega.github.io/schema/vega-lite/v6.json"", ""description"": ""Vega-Lite chart for key 2451@y_name@ASC"", ""data"": {""values"": [{""name"": ""Alexis"", ""COUNT_name_"": 1}, {""name"": ""Andrew"", ""COUNT_name_"": 1}, {""name"": ""Austin"", ""COUNT_name_"": 1}, {""name"": ""Brittany"", ""COUNT_name_"": 1}, {""name"": ""Cassandra"", ""COUNT_name_"": 1}, {""name"": ""Haley"", ""COUNT_name_"": 1}, {""name"": ""Jessica"", ""COUNT_name_"": 1}, {""name"": ""John"", ""COUNT_name_"": 1}, {""name"": ""Kris"", ""COUNT_name_"": 1}, {""name"": ""Kyle"", ""COUNT_name_"": 1}, {""name"": ""Logan"", ""COUNT_name_"": 1}, {""name"": ""Tiffany"", ""COUNT_name_"": 1}, {""name"": ""Gabriel"", ""COUNT_name_"": 2}, {""name"": ""Jordan"", ""COUNT_name_"": 2}]}, ""mark"": ""bar"", ""encoding"": {""x"": {""field"": ""name"", ""type"": ""nominal""}, ""y"": {""field"": ""COUNT_name_"", ""type"": ""quantitative""}}}"
920,2453@y_name@DESC,What are the names and average grades of each high schooler?,,,,,,,,1,1,1,1,,,,,Bar,Medium,Highschooler,"{""$schema"": ""https://vega.github.io/schema/vega-lite/v6.json"", ""description"": ""Vega-Lite chart for key 2453@y_name@DESC"", ""data"": {""values"": [{""name"": ""Logan"", ""AVG_grade_"": 12}, {""name"": ""Kyle"", ""AVG_grade_"": 12}, {""name"": ""John"", ""AVG_grade_"": 12}, {""name"": ""Jessica"", ""AVG_grade_"": 11}, {""name"": ""Austin"", ""AVG_grade_"": 11}, {""name"": ""Alexis"", ""AVG_grade_"": 11}, {""name"": ""Jordan"", ""AVG_grade_"": 10.5}, {""name"": ""Kris"", ""AVG_grade_"": 10}, {""name"": ""Haley"", ""AVG_grade_"": 10}, {""name"": ""Gabriel"", ""AVG_grade_"": 10}, {""name"": ""Brittany"", ""AVG_grade_"": 10}, {""name"": ""Andrew"", ""AVG_grade_"": 10}, {""name"": ""Tiffany"", ""AVG_grade_"": 9}, {""name"": ""Cassandra"", ""AVG_grade_"": 9}]}, ""mark"": ""bar"", ""encoding"": {""x"": {""field"": ""name"", ""type"": ""nominal""}, ""y"": {""field"": ""AVG_grade_"", ""type"": ""quantitative""}}}"
921,2454@y_name@DESC,What’s the count of high‑school students for each name?,,,,,,,,1,1,1,1,,,,,Bar,Hard,Friend,"{""$schema"": ""https://vega.github.io/schema/vega-lite/v6.json"", ""description"": ""Vega-Lite chart for key 2454@y_name@DESC"", ""data"": {""values"": [{""name"": ""Jordan"", ""COUNT_name_"": 2}, {""name"": ""Gabriel"", ""COUNT_name_"": 2}, {""name"": ""Tiffany"", ""COUNT_name_"": 1}, {""name"": ""Logan"", ""COUNT_name_"": 1}, {""name"": ""Kyle"", ""COUNT_name_"": 1}, {""name"": ""Kris"", ""COUNT_name_"": 1}, {""name"": ""Jessica"", ""COUNT_name_"": 1}, {""name"": ""Haley"", ""COUNT_name_"": 1}, {""name"": ""Cassandra"", ""COUNT_name_"": 1}, {""name"": ""Austin"", ""COUNT_name_"": 1}, {""name"": ""Andrew"", ""COUNT_name_"": 1}, {""name"": ""Alexis"", ""COUNT_name_"": 1}]}, ""mark"": ""bar"", ""encoding"": {""x"": {""field"": ""name"", ""type"": ""nominal""}, ""y"": {""field"": ""COUNT_name_"", ""type"": ""quantitative""}}}"
922,2455@x_name@ASC,Could you list each high schooler’s name together with how many friends they have?,,,,,,,,1,1,1,1,,,,,Bar,Hard,Friend,"{""$schema"": ""https://vega.github.io/schema/vega-lite/v6.json"", ""description"": ""Vega-Lite chart for key 2455@x_name@ASC"", ""data"": {""values"": [{""name"": ""Alexis"", ""SUM_count_"": 2}, {""name"": ""Andrew"", ""SUM_count_"": 3}, {""name"": ""Austin"", ""SUM_count_"": 1}, {""name"": ""Cassandra"", ""SUM_count_"": 1}, {""name"": ""Gabriel"", ""SUM_count_"": 3}, {""name"": ""Haley"", ""SUM_count_"": 1}, {""name"": ""Jessica"", ""SUM_count_"": 1}, {""name"": ""Jordan"", ""SUM_count_"": 3}, {""name"": ""Kris"", ""SUM_count_"": 2}, {""name"": ""Kyle"", ""SUM_count_"": 1}, {""name"": ""Logan"", ""SUM_count_"": 1}, {""name"": ""Tiffany"", ""SUM_count_"": 1}]}, ""mark"": ""bar"", ""encoding"": {""x"": {""field"": ""name"", ""type"": ""nominal""}, ""y"": {""field"": ""SUM_count_"", ""type"": ""quantitative""}}}"
923,2456@y_name@ASC,Which high schoolers are there and how many friends does each have?,,,,,,,,1,1,1,1,,,,,Bar,Hard,Friend,"{""$schema"": ""https://vega.github.io/schema/vega-lite/v6.json"", ""description"": ""Vega-Lite chart for key 2456@y_name@ASC"", ""data"": {""values"": [{""name"": ""Austin"", ""count_"": 1}, {""name"": ""Cassandra"", ""count_"": 1}, {""name"": ""Haley"", ""count_"": 1}, {""name"": ""Jessica"", ""count_"": 1}, {""name"": ""Kyle"", ""count_"": 1}, {""name"": ""Logan"", ""count_"": 1}, {""name"": ""Tiffany"", ""count_"": 1}, {""name"": ""Alexis"", ""count_"": 2}, {""name"": ""Kris"", ""count_"": 2}, {""name"": ""Andrew"", ""count_"": 3}, {""name"": ""Gabriel"", ""count_"": 3}, {""name"": ""Jordan"", ""count_"": 3}]}, ""mark"": ""bar"", ""encoding"": {""x"": {""field"": ""name"", ""type"": ""nominal""}, ""y"": {""field"": ""count_"", ""type"": ""quantitative""}}}"
924,486@y_name@DESC,Could you show a chart of climbers’ names with the heights of the mountains they climb?,,,,,,,,1,1,1,1,,,,,Bar,Medium,climber,"{""$schema"": ""https://vega.github.io/schema/vega-lite/v6.json"", ""description"": ""Vega-Lite chart for key 486@y_name@DESC"", ""data"": {""values"": [{""Name"": ""Klaus Enders"", ""Height"": 5895}, {""Name"": ""Siegfried Schauzu"", ""Height"": 5895}, {""Name"": ""Hans Luthringhauser"", ""Height"": 5199}, {""Name"": ""Jean Claude Castella"", ""Height"": 5199}, {""Name"": ""Horst Owesle"", ""Height"": 5199}, {""Name"": ""Georg Auerbacher"", ""Height"": 5148}, {""Name"": ""Arseneus Butscher"", ""Height"": 4985}, {""Name"": ""Charlie Freedman"", ""Height"": 4985}, {""Name"": ""L Currie"", ""Height"": 4890}, {""Name"": ""Mick Horsepole"", ""Height"": 4890}]}, ""mark"": ""bar"", ""encoding"": {""x"": {""field"": ""Name"", ""type"": ""nominal""}, ""y"": {""field"": ""Height"", ""type"": ""quantitative""}}}"
925,490@y_name@ASC,"Which countries have mountains taller than 5,000 m, and how many of those peaks does each country contain?",,,,,,,,1,1,1,1,,,,,Bar,Hard,mountain,"{""$schema"": ""https://vega.github.io/schema/vega-lite/v6.json"", ""description"": ""Vega-Lite chart for key 490@y_name@ASC"", ""data"": {""values"": [{""Country"": ""DR Congo Uganda"", ""COUNT_Country_"": 1}, {""Country"": ""Kenya"", ""COUNT_Country_"": 1}, {""Country"": ""Tanzania"", ""COUNT_Country_"": 2}]}, ""mark"": ""bar"", ""encoding"": {""x"": {""field"": ""Country"", ""type"": ""nominal""}, ""y"": {""field"": ""COUNT_Country_"", ""type"": ""quantitative""}}}"
926,2904@y_name@DESC,Which countries have how many stadiums?,,,,,,,,1,1,1,1,,,,,Bar,Medium,stadium,"{""$schema"": ""https://vega.github.io/schema/vega-lite/v6.json"", ""description"": ""Vega-Lite chart for key 2904@y_name@DESC"", ""data"": {""values"": [{""Country"": ""Russia"", ""count_"": 4}, {""Country"": ""Spain"", ""count_"": 2}, {""Country"": ""Hungary"", ""count_"": 1}, {""Country"": ""France"", ""count_"": 1}, {""Country"": ""England"", ""count_"": 1}, {""Country"": ""Azerbaijan"", ""count_"": 1}]}, ""mark"": ""bar"", ""encoding"": {""x"": {""field"": ""Country"", ""type"": ""nominal""}, ""y"": {""field"": ""count_"", ""type"": ""quantitative""}}}"
927,2909@x_name@ASC,What’s the average meter_100 for each nationality?,,,,,,,,1,1,1,1,,,,,Bar,Medium,swimmer,"{""$schema"": ""https://vega.github.io/schema/vega-lite/v6.json"", ""description"": ""Vega-Lite chart for key 2909@x_name@ASC"", ""data"": {""values"": [{""Nationality"": ""Australia"", ""AVG_meter_100_"": 57.345}, {""Nationality"": ""Canada"", ""AVG_meter_100_"": 57.84}, {""Nationality"": ""Italy"", ""AVG_meter_100_"": 57.66}, {""Nationality"": ""Ukraine"", ""AVG_meter_100_"": 57.34}, {""Nationality"": ""Tunisia"", ""AVG_meter_100_"": 57.31}, {""Nationality"": ""Poland"", ""AVG_meter_100_"": 57.31}, {""Nationality"": ""France"", ""AVG_meter_100_"": 55.67}]}, ""mark"": ""bar"", ""encoding"": {""x"": {""field"": ""Nationality"", ""type"": ""nominal""}, ""y"": {""field"": ""AVG_meter_100_"", ""type"": ""quantitative""}}}"
928,2915@y_name@ASC,Could you show a chart comparing meter_100 across the names?,,,,,,,,1,1,1,1,,,,,Bar,Easy,swimmer,"{""$schema"": ""https://vega.github.io/schema/vega-lite/v6.json"", ""description"": ""Vega-Lite chart for key 2915@y_name@ASC"", ""data"": {""values"": [{""name"": ""Sébastien Rouault"", ""meter_100"": 55.67}, {""name"": ""Oussama Mellouli"", ""meter_100"": 57.31}, {""name"": ""Przemysław Stańczyk"", ""meter_100"": 57.31}, {""name"": ""Grant Hackett"", ""meter_100"": 57.34}, {""name"": ""Sergiy Fesenko"", ""meter_100"": 57.34}, {""name"": ""Craig Stevens"", ""meter_100"": 57.35}, {""name"": ""Federico Colbertaldo"", ""meter_100"": 57.66}, {""name"": ""Ryan Cochrane"", ""meter_100"": 57.84}]}, ""mark"": ""bar"", ""encoding"": {""x"": {""field"": ""name"", ""type"": ""nominal""}, ""y"": {""field"": ""meter_100"", ""type"": ""quantitative""}}}"
929,2931@y_name@DESC,Which stadiums have Australian swimmers visited?,,,,,,,,1,1,1,1,,,,,Bar,Extra Hard,swimmer,"{""$schema"": ""https://vega.github.io/schema/vega-lite/v6.json"", ""description"": ""Vega-Lite chart for key 2931@y_name@DESC"", ""data"": {""values"": [{""name"": ""Nou Mestalla"", ""COUNT_name_"": 2}, {""name"": ""Yubileyniy Stadium"", ""COUNT_name_"": 1}, {""name"": ""Gazprom Arena"", ""COUNT_name_"": 1}, {""name"": ""Baku Olympic Stadium"", ""COUNT_name_"": 1}]}, ""mark"": ""bar"", ""encoding"": {""x"": {""field"": ""name"", ""type"": ""nominal""}, ""y"": {""field"": ""COUNT_name_"", ""type"": ""quantitative""}}}"
930,920@y_name@ASC,How many customers used email as their contact channel each year?,,,,,,,,1,1,1,1,,,,,Bar,Extra Hard,customers,"{""$schema"": ""https://vega.github.io/schema/vega-lite/v6.json"", ""description"": ""Vega-Lite chart for key 920@y_name@ASC"", ""data"": {""values"": [{""active_from_date"": ""2018"", ""COUNT_active_from_date_"": 1}, {""active_from_date"": ""2017"", ""COUNT_active_from_date_"": 3}]}, ""mark"": ""bar"", ""encoding"": {""x"": {""field"": ""active_from_date"", ""type"": ""nominal""}, ""y"": {""field"": ""COUNT_active_from_date_"", ""type"": ""quantitative""}}}"
932,2985@y_name@DESC,"Could you list the transaction type descriptions and dates for records that have a share count, group them by transaction type, count the transactions per date binned into weekdays?",,,,,,,,1,1,1,1,,,,,Stacked Bar,Extra Hard,tracking_share_transactions,"{""$schema"": ""https://vega.github.io/schema/vega-lite/v6.json"", ""description"": ""Vega-Lite chart for key 2985@y_name@DESC"", ""data"": {""values"": [{""classify"": ""Purchase"", ""date_of_transaction"": ""Sun"", ""COUNT_date_of_transaction_"": 2}, {""classify"": ""Purchase"", ""date_of_transaction"": ""Sat"", ""COUNT_date_of_transaction_"": 0}, {""classify"": ""Purchase"", ""date_of_transaction"": ""Wed"", ""COUNT_date_of_transaction_"": 2}, {""classify"": ""Purchase"", ""date_of_transaction"": ""Tue"", ""COUNT_date_of_transaction_"": 2}, {""classify"": ""Purchase"", ""date_of_transaction"": ""Thur"", ""COUNT_date_of_transaction_"": 0}, {""classify"": ""Purchase"", ""date_of_transaction"": ""Mon"", ""COUNT_date_of_transaction_"": 0}, {""classify"": ""Purchase"", ""date_of_transaction"": ""Fri"", ""COUNT_date_of_transaction_"": 1}, {""classify"": ""Sale"", ""date_of_transaction"": ""Sun"", ""COUNT_date_of_transaction_"": 1}, {""classify"": ""Sale"", ""date_of_transaction"": ""Sat"", ""COUNT_date_of_transaction_"": 0}, {""classify"": ""Sale"", ""date_of_transaction"": ""Wed"", ""COUNT_date_of_transaction_"": 1}, {""classify"": ""Sale"", ""date_of_transaction"": ""Tue"", ""COUNT_date_of_transaction_"": 1}, {""classify"": ""Sale"", ""date_of_transaction"": ""Thur"", ""COUNT_date_of_transaction_"": 0}, {""classify"": ""Sale"", ""date_of_transaction"": ""Mon"", ""COUNT_date_of_transaction_"": 1}, {""classify"": ""Sale"", ""date_of_transaction"": ""Fri"", ""COUNT_date_of_transaction_"": 2}]}, ""mark"": ""bar"", ""encoding"": {""x"": {""field"": ""date_of_transaction"", ""type"": ""nominal""}, ""y"": {""field"": ""COUNT_date_of_transaction_"", ""type"": ""quantitative""}, ""color"": {""field"": ""classify"", ""type"": ""nominal""}}}"
933,2993@y_name@ASC,"Could you group the lot details, count each one?",,,,,,,,1,1,1,1,,,,,Bar,Medium,LOTS,"{""$schema"": ""https://vega.github.io/schema/vega-lite/v6.json"", ""description"": ""Vega-Lite chart for key 2993@y_name@ASC"", ""data"": {""values"": [{""lot_details"": ""q"", ""COUNT_lot_details_"": 1}, {""lot_details"": ""r"", ""COUNT_lot_details_"": 1}, {""lot_details"": ""x"", ""COUNT_lot_details_"": 1}, {""lot_details"": ""h"", ""COUNT_lot_details_"": 2}, {""lot_details"": ""m"", ""COUNT_lot_details_"": 2}, {""lot_details"": ""s"", ""COUNT_lot_details_"": 2}, {""lot_details"": ""d"", ""COUNT_lot_details_"": 3}, {""lot_details"": ""z"", ""COUNT_lot_details_"": 3}]}, ""mark"": ""bar"", ""encoding"": {""x"": {""field"": ""lot_details"", ""type"": ""nominal""}, ""y"": {""field"": ""COUNT_lot_details_"", ""type"": ""quantitative""}}}"
934,3001@x_name@ASC,"What are the details of lots owned by investors with detail “l,”?",,,,,,,,1,1,1,1,,,,,Bar,Extra Hard,INVESTORS,"{""$schema"": ""https://vega.github.io/schema/vega-lite/v6.json"", ""description"": ""Vega-Lite chart for key 3001@x_name@ASC"", ""data"": {""values"": [{""lot_details"": ""h"", ""COUNT_lot_details_"": 1}, {""lot_details"": ""m"", ""COUNT_lot_details_"": 2}, {""lot_details"": ""s"", ""COUNT_lot_details_"": 1}, {""lot_details"": ""z"", ""COUNT_lot_details_"": 1}]}, ""mark"": ""bar"", ""encoding"": {""x"": {""field"": ""lot_details"", ""type"": ""nominal""}, ""y"": {""field"": ""COUNT_lot_details_"", ""type"": ""quantitative""}}}"
935,3002@y_name@ASC,Could you display all investor details and show a chart counting them?,,,,,,,,1,1,1,1,,,,,Bar,Medium,INVESTORS,"{""$schema"": ""https://vega.github.io/schema/vega-lite/v6.json"", ""description"": ""Vega-Lite chart for key 3002@y_name@ASC"", ""data"": {""values"": [{""Investor_details"": ""b"", ""COUNT_Investor_details_"": 1}, {""Investor_details"": ""c"", ""COUNT_Investor_details_"": 1}, {""Investor_details"": ""i"", ""COUNT_Investor_details_"": 1}, {""Investor_details"": ""j"", ""COUNT_Investor_details_"": 1}, {""Investor_details"": ""o"", ""COUNT_Investor_details_"": 1}, {""Investor_details"": ""q"", ""COUNT_Investor_details_"": 1}, {""Investor_details"": ""r"", ""COUNT_Investor_details_"": 1}, {""Investor_details"": ""t"", ""COUNT_Investor_details_"": 1}, {""Investor_details"": ""d"", ""COUNT_Investor_details_"": 2}, {""Investor_details"": ""k"", ""COUNT_Investor_details_"": 2}, {""Investor_details"": ""l"", ""COUNT_Investor_details_"": 2}, {""Investor_details"": ""w"", ""COUNT_Investor_details_"": 2}, {""Investor_details"": ""y"", ""COUNT_Investor_details_"": 2}, {""Investor_details"": ""z"", ""COUNT_Investor_details_"": 2}]}, ""mark"": ""bar"", ""encoding"": {""x"": {""field"": ""Investor_details"", ""type"": ""nominal""}, ""y"": {""field"": ""COUNT_Investor_details_"", ""type"": ""quantitative""}}}"
936,3005@x_name@ASC,What’s the average transaction amount for each transaction type code?,,,,,,,,1,1,1,1,,,,,Bar,Medium,TRANSACTIONS,"{""$schema"": ""https://vega.github.io/schema/vega-lite/v6.json"", ""description"": ""Vega-Lite chart for key 3005@x_name@ASC"", ""data"": {""values"": [{""transaction_type_code"": ""PUR"", ""avg_amount_of_transaction_"": 25945880.3716125}, {""transaction_type_code"": ""SALE"", ""avg_amount_of_transaction_"": 11198167.237771427}]}, ""mark"": ""bar"", ""encoding"": {""x"": {""field"": ""transaction_type_code"", ""type"": ""nominal""}, ""y"": {""field"": ""avg_amount_of_transaction_"", ""type"": ""quantitative""}}}"
937,3007@y_name@ASC,"Could you plot a chart that groups transactions by weekday, shows the total count for each day?",,,,,,,,1,1,1,1,,,,,Bar,Medium,TRANSACTIONS,"{""$schema"": ""https://vega.github.io/schema/vega-lite/v6.json"", ""description"": ""Vega-Lite chart for key 3007@y_name@ASC"", ""data"": {""values"": [{""date_of_transaction"": ""Thur"", ""COUNT_date_of_transaction_"": 0}, {""date_of_transaction"": ""Mon"", ""COUNT_date_of_transaction_"": 1}, {""date_of_transaction"": ""Sat"", ""COUNT_date_of_transaction_"": 1}, {""date_of_transaction"": ""Fri"", ""COUNT_date_of_transaction_"": 3}, {""date_of_transaction"": ""Tue"", ""COUNT_date_of_transaction_"": 3}, {""date_of_transaction"": ""Wed"", ""COUNT_date_of_transaction_"": 3}, {""date_of_transaction"": ""Sun"", ""COUNT_date_of_transaction_"": 4}]}, ""mark"": ""bar"", ""encoding"": {""x"": {""field"": ""date_of_transaction"", ""type"": ""nominal""}, ""y"": {""field"": ""COUNT_date_of_transaction_"", ""type"": ""quantitative""}}}"
939,3015@x_name@DESC,Show a chart of sales details under 3000.,,,,,,,,1,1,1,1,,,,,Bar,Extra Hard,SALES,"{""$schema"": ""https://vega.github.io/schema/vega-lite/v6.json"", ""description"": ""Vega-Lite chart for key 3015@x_name@DESC"", ""data"": {""values"": [{""sales_details"": ""y"", ""COUNT_sales_details_"": 1}, {""sales_details"": ""t"", ""COUNT_sales_details_"": 1}, {""sales_details"": ""s"", ""COUNT_sales_details_"": 2}, {""sales_details"": ""p"", ""COUNT_sales_details_"": 2}, {""sales_details"": ""o"", ""COUNT_sales_details_"": 1}, {""sales_details"": ""n"", ""COUNT_sales_details_"": 1}, {""sales_details"": ""f"", ""COUNT_sales_details_"": 1}, {""sales_details"": ""e"", ""COUNT_sales_details_"": 1}]}, ""mark"": ""bar"", ""encoding"": {""x"": {""field"": ""sales_details"", ""type"": ""nominal""}, ""y"": {""field"": ""COUNT_sales_details_"", ""type"": ""quantitative""}}}"
940,3022@x_name@DESC,"Could you show how many purchase details there are for transactions over 10,000?",,,,,,,,1,1,1,1,,,,,Bar,Extra Hard,PURCHASES,"{""$schema"": ""https://vega.github.io/schema/vega-lite/v6.json"", ""description"": ""Vega-Lite chart for key 3022@x_name@DESC"", ""data"": {""values"": [{""purchase_details"": ""r"", ""COUNT_purchase_details_"": 1}, {""purchase_details"": ""i"", ""COUNT_purchase_details_"": 1}, {""purchase_details"": ""c"", ""COUNT_purchase_details_"": 1}, {""purchase_details"": ""a"", ""COUNT_purchase_details_"": 2}]}, ""mark"": ""bar"", ""encoding"": {""x"": {""field"": ""purchase_details"", ""type"": ""nominal""}, ""y"": {""field"": ""COUNT_purchase_details_"", ""type"": ""quantitative""}}}"
942,1470@y_name@ASC,"Could you list the last names of all scholarship students, show how many there are for each name?",,,,,,,,1,1,1,1,,,,,Bar,Extra Hard,Sportsinfo,"{""$schema"": ""https://vega.github.io/schema/vega-lite/v6.json"", ""description"": ""Vega-Lite chart for key 1470@y_name@ASC"", ""data"": {""values"": [{""LName"": ""Jones"", ""COUNT_LName_"": 1}, {""LName"": ""Kim"", ""COUNT_LName_"": 1}, {""LName"": ""Lee"", ""COUNT_LName_"": 1}, {""LName"": ""Simms"", ""COUNT_LName_"": 1}, {""LName"": ""Pang"", ""COUNT_LName_"": 2}, {""LName"": ""Shieber"", ""COUNT_LName_"": 2}]}, ""mark"": ""bar"", ""encoding"": {""x"": {""field"": ""LName"", ""type"": ""nominal""}, ""y"": {""field"": ""COUNT_LName_"", ""type"": ""quantitative""}}}"
943,857@x_name@DESC,"Which workshop groups have bookings with the “stop” status, and how many each?",,,,,,,,1,1,1,1,,,,,Bar,Extra Hard,Bookings,"{""$schema"": ""https://vega.github.io/schema/vega-lite/v6.json"", ""description"": ""Vega-Lite chart for key 857@x_name@DESC"", ""data"": {""values"": [{""Store_Name"": ""Warino Photo"", ""COUNT_Store_Name_"": 2}, {""Store_Name"": ""Queen Art"", ""COUNT_Store_Name_"": 1}, {""Store_Name"": ""Kling Workshop"", ""COUNT_Store_Name_"": 1}, {""Store_Name"": ""Bednar Film"", ""COUNT_Store_Name_"": 1}]}, ""mark"": ""bar"", ""encoding"": {""x"": {""field"": ""Store_Name"", ""type"": ""nominal""}, ""y"": {""field"": ""COUNT_Store_Name_"", ""type"": ""quantitative""}}}"
944,859@x_name@ASC,Show me a chart of each product’s average price.,,,,,,,,1,1,1,1,,,,,Bar,Medium,PRODUCTS,"{""$schema"": ""https://vega.github.io/schema/vega-lite/v6.json"", ""description"": ""Vega-Lite chart for key 859@x_name@ASC"", ""data"": {""values"": [{""Product_Name"": ""dinning"", ""avg_Product_Price_"": 238704.33333333328}, {""Product_Name"": ""film"", ""avg_Product_Price_"": 11385515.333333336}, {""Product_Name"": ""photo"", ""avg_Product_Price_"": 5102691.666666667}]}, ""mark"": ""bar"", ""encoding"": {""x"": {""field"": ""Product_Name"", ""type"": ""nominal""}, ""y"": {""field"": ""avg_Product_Price_"", ""type"": ""quantitative""}}}"
945,862@y_name@DESC,Could you plot the planned delivery dates grouped by weekday?,,,,,,,,1,1,1,1,,,,,Bar,Medium,BOOKINGS,"{""$schema"": ""https://vega.github.io/schema/vega-lite/v6.json"", ""description"": ""Vega-Lite chart for key 862@y_name@DESC"", ""data"": {""values"": [{""Planned_Delivery_Date"": ""Thur"", ""COUNT_Planned_Delivery_Date_"": 5}, {""Planned_Delivery_Date"": ""Tue"", ""COUNT_Planned_Delivery_Date_"": 3}, {""Planned_Delivery_Date"": ""Mon"", ""COUNT_Planned_Delivery_Date_"": 3}, {""Planned_Delivery_Date"": ""Sun"", ""COUNT_Planned_Delivery_Date_"": 2}, {""Planned_Delivery_Date"": ""Sat"", ""COUNT_Planned_Delivery_Date_"": 1}, {""Planned_Delivery_Date"": ""Fri"", ""COUNT_Planned_Delivery_Date_"": 1}, {""Planned_Delivery_Date"": ""Wed"", ""COUNT_Planned_Delivery_Date_"": 0}]}, ""mark"": ""bar"", ""encoding"": {""x"": {""field"": ""Planned_Delivery_Date"", ""type"": ""nominal""}, ""y"": {""field"": ""COUNT_Planned_Delivery_Date_"", ""type"": ""quantitative""}}}"
946,863@y_name@ASC,Could you show how many actual delivery dates fall on each weekday?,,,,,,,,1,1,1,1,,,,,Bar,Medium,BOOKINGS,"{""$schema"": ""https://vega.github.io/schema/vega-lite/v6.json"", ""description"": ""Vega-Lite chart for key 863@y_name@ASC"", ""data"": {""values"": [{""Actual_Delivery_Date"": ""Tue"", ""COUNT_Actual_Delivery_Date_"": 0}, {""Actual_Delivery_Date"": ""Wed"", ""COUNT_Actual_Delivery_Date_"": 1}, {""Actual_Delivery_Date"": ""Mon"", ""COUNT_Actual_Delivery_Date_"": 2}, {""Actual_Delivery_Date"": ""Sat"", ""COUNT_Actual_Delivery_Date_"": 2}, {""Actual_Delivery_Date"": ""Sun"", ""COUNT_Actual_Delivery_Date_"": 3}, {""Actual_Delivery_Date"": ""Thur"", ""COUNT_Actual_Delivery_Date_"": 3}, {""Actual_Delivery_Date"": ""Fri"", ""COUNT_Actual_Delivery_Date_"": 4}]}, ""mark"": ""bar"", ""encoding"": {""x"": {""field"": ""Actual_Delivery_Date"", ""type"": ""nominal""}, ""y"": {""field"": ""COUNT_Actual_Delivery_Date_"", ""type"": ""quantitative""}}}"
947,872@x_name@DESC,"Which payment method codes are used, and how many orders correspond to each one?",,,,,,,,1,1,1,1,,,,,Bar,Medium,INVOICES,"{""$schema"": ""https://vega.github.io/schema/vega-lite/v6.json"", ""description"": ""Vega-Lite chart for key 872@x_name@DESC"", ""data"": {""values"": [{""payment_method_code"": ""Visa"", ""count_"": 5}, {""payment_method_code"": ""MasterCard"", ""count_"": 6}, {""payment_method_code"": ""American E"", ""count_"": 4}]}, ""mark"": ""bar"", ""encoding"": {""x"": {""field"": ""payment_method_code"", ""type"": ""nominal""}, ""y"": {""field"": ""count_"", ""type"": ""quantitative""}}}"
948,882@x_name@DESC,What’s the number of drama workshop groups in each city?,,,,,,,,1,1,1,1,,,,,Bar,Hard,Addresses,"{""$schema"": ""https://vega.github.io/schema/vega-lite/v6.json"", ""description"": ""Vega-Lite chart for key 882@x_name@DESC"", ""data"": {""values"": [{""City_Town"": ""West Sherwoodstad"", ""count_"": 1}, {""City_Town"": ""South Eugenia"", ""count_"": 1}, {""City_Town"": ""Rueckermouth"", ""count_"": 1}, {""City_Town"": ""Purdyville"", ""count_"": 1}, {""City_Town"": ""Port Maximeview"", ""count_"": 1}, {""City_Town"": ""New Lonzoville"", ""count_"": 2}, {""City_Town"": ""Nataliamouth"", ""count_"": 2}, {""City_Town"": ""Monahanshire"", ""count_"": 1}, {""City_Town"": ""Macejkovicchester"", ""count_"": 1}, {""City_Town"": ""Jasthaven"", ""count_"": 2}, {""City_Town"": ""Feliciaberg"", ""count_"": 1}, {""City_Town"": ""Chrisside"", ""count_"": 1}]}, ""mark"": ""bar"", ""encoding"": {""x"": {""field"": ""City_Town"", ""type"": ""nominal""}, ""y"": {""field"": ""count_"", ""type"": ""quantitative""}}}"
949,884@x_name@DESC,Could you list the descriptions of service types priced over 100?,,,,,,,,1,1,1,0,,,,,Bar,Extra Hard,Ref_Service_Types,"{""$schema"": ""https://vega.github.io/schema/vega-lite/v6.json"", ""description"": ""Vega-Lite chart for key 884@x_name@DESC"", ""data"": {""values"": [{""Service_Type_Description"": ""provide photo service"", ""COUNT_Service_Type_Description_"": 5}, {""Service_Type_Description"": ""provide filming service"", ""COUNT_Service_Type_Description_"": 3}, {""Service_Type_Description"": ""provide dinning service"", ""COUNT_Service_Type_Description_"": 5}, {""Service_Type_Description"": ""provide adv promoting service"", ""COUNT_Service_Type_Description_"": 2}]}, ""mark"": ""bar"", ""encoding"": {""x"": {""field"": ""Service_Type_Description"", ""type"": ""nominal""}, ""y"": {""field"": ""COUNT_Service_Type_Description_"", ""type"": ""quantitative""}}}"
951,1304@y_name@ASC,Could you list each county’s name and population?,,,,,,,,0,1,0,1,,,,,Bar,Easy,county,"{""$schema"": ""https://vega.github.io/schema/vega-lite/v6.json"", ""description"": ""Vega-Lite chart for key 1304@y_name@ASC"", ""data"": {""values"": [{""County_name"": ""Manning"", ""Population"": 13300}, {""County_name"": ""Howard"", ""Population"": 21000}, {""County_name"": ""Colony"", ""Population"": 79000}, {""County_name"": ""Mansfield"", ""Population"": 87200}, {""County_name"": ""Baltimore County"", ""Population"": 90000}]}, ""mark"": ""bar"", ""encoding"": {""x"": {""field"": ""County_name"", ""type"": ""nominal""}, ""y"": {""field"": ""Population"", ""type"": ""quantitative""}}}"
952,1307@y_name@DESC,What are the parties and how many delegates each has?,,,,,,,,1,1,1,1,,,,,Bar,Hard,election,"{""$schema"": ""https://vega.github.io/schema/vega-lite/v6.json"", ""description"": ""Vega-Lite chart for key 1307@y_name@DESC"", ""data"": {""values"": [{""Party"": ""Democratic"", ""SUM_COUNT_"": 4}, {""Party"": ""Liberal"", ""SUM_COUNT_"": 2}, {""Party"": ""Working Families"", ""SUM_COUNT_"": 1}, {""Party"": ""Independence"", ""SUM_COUNT_"": 1}]}, ""mark"": ""bar"", ""encoding"": {""x"": {""field"": ""Party"", ""type"": ""nominal""}, ""y"": {""field"": ""SUM_COUNT_"", ""type"": ""quantitative""}}}"
953,1311@y_name@ASC,How many delegates does each party have?,,,,,,,,1,1,1,1,,,,,Bar,Hard,election,"{""$schema"": ""https://vega.github.io/schema/vega-lite/v6.json"", ""description"": ""Vega-Lite chart for key 1311@y_name@ASC"", ""data"": {""values"": [{""Party"": ""Independence"", ""COUNT_Party_"": 1}, {""Party"": ""Working Families"", ""COUNT_Party_"": 1}, {""Party"": ""Liberal"", ""COUNT_Party_"": 2}, {""Party"": ""Democratic"", ""COUNT_Party_"": 4}]}, ""mark"": ""bar"", ""encoding"": {""x"": {""field"": ""Party"", ""type"": ""nominal""}, ""y"": {""field"": ""COUNT_Party_"", ""type"": ""quantitative""}}}"
954,1315@y_name@ASC,What’s the number of delegates for each county?,,,,,,,,1,1,1,1,,,,,Bar,Hard,county,"{""$schema"": ""https://vega.github.io/schema/vega-lite/v6.json"", ""description"": ""Vega-Lite chart for key 1315@y_name@ASC"", ""data"": {""values"": [{""County_name"": ""Mansfield"", ""COUNT_"": 1}, {""County_name"": ""Baltimore County"", ""COUNT_"": 2}, {""County_name"": ""Colony"", ""COUNT_"": 2}, {""County_name"": ""Howard"", ""COUNT_"": 3}]}, ""mark"": ""bar"", ""encoding"": {""x"": {""field"": ""County_name"", ""type"": ""nominal""}, ""y"": {""field"": ""COUNT_"", ""type"": ""quantitative""}}}"
955,1320@y_name@ASC,How many delegates are in each committee?,,,,,,,,1,1,1,1,,,,,Bar,Medium,election,"{""$schema"": ""https://vega.github.io/schema/vega-lite/v6.json"", ""description"": ""Vega-Lite chart for key 1320@y_name@ASC"", ""data"": {""values"": [{""Committee"": ""Economic Matters"", ""COUNT_Committee_"": 1}, {""Committee"": ""Environmental Matters"", ""COUNT_Committee_"": 1}, {""Committee"": ""Environmental Matters (Vice-Chair)"", ""COUNT_Committee_"": 1}, {""Committee"": ""Health and Government Operations"", ""COUNT_Committee_"": 1}, {""Committee"": ""Ways and Means"", ""COUNT_Committee_"": 1}, {""Committee"": ""Appropriations"", ""COUNT_Committee_"": 3}]}, ""mark"": ""bar"", ""encoding"": {""x"": {""field"": ""Committee"", ""type"": ""nominal""}, ""y"": {""field"": ""COUNT_Committee_"", ""type"": ""quantitative""}}}"
956,1322@x_name@ASC,"Which comptrollers belong to the parties of delegates from District 1 or District 2, and how many are there for each?",,,,,,,,1,1,1,1,,,,,Bar,Extra Hard,election,"{""$schema"": ""https://vega.github.io/schema/vega-lite/v6.json"", ""description"": ""Vega-Lite chart for key 1322@x_name@ASC"", ""data"": {""values"": [{""Comptroller"": ""Alan Hevesi"", ""COUNT_Comptroller_"": 1}, {""Comptroller"": ""Carl McCall"", ""COUNT_Comptroller_"": 3}, {""Comptroller"": ""John Faso"", ""COUNT_Comptroller_"": 1}]}, ""mark"": ""bar"", ""encoding"": {""x"": {""field"": ""Comptroller"", ""type"": ""nominal""}, ""y"": {""field"": ""COUNT_Comptroller_"", ""type"": ""quantitative""}}}"
958,365@x_name@ASC,Could you plot a chart of publication counts by date?,,,,,,,,1,1,0,1,,,,,Bar,Medium,publication,"{""$schema"": ""https://vega.github.io/schema/vega-lite/v6.json"", ""description"": ""Vega-Lite chart for key 365@x_name@ASC"", ""data"": {""values"": [{""Publication_Date"": ""April 2007"", ""COUNT_Publication_Date_"": 1}, {""Publication_Date"": ""August 2008"", ""COUNT_Publication_Date_"": 2}, {""Publication_Date"": ""June 2006"", ""COUNT_Publication_Date_"": 1}, {""Publication_Date"": ""March 2007"", ""COUNT_Publication_Date_"": 1}, {""Publication_Date"": ""March 2008"", ""COUNT_Publication_Date_"": 1}, {""Publication_Date"": ""October 2005"", ""COUNT_Publication_Date_"": 1}]}, ""mark"": ""bar"", ""encoding"": {""x"": {""field"": ""Publication_Date"", ""type"": ""nominal""}, ""y"": {""field"": ""COUNT_Publication_Date_"", ""type"": ""quantitative""}}}"
959,2436@y_name@DESC,How many music festivals are there in each category?,,,,,,,,1,1,1,1,,,,,Bar,Medium,music_festival,"{""$schema"": ""https://vega.github.io/schema/vega-lite/v6.json"", ""description"": ""Vega-Lite chart for key 2436@y_name@DESC"", ""data"": {""values"": [{""Category"": ""Best Song"", ""COUNT_"": 5}, {""Category"": ""Best Lyrics"", ""COUNT_"": 3}, {""Category"": ""Best Sound Song"", ""COUNT_"": 1}]}, ""mark"": ""bar"", ""encoding"": {""x"": {""field"": ""Category"", ""type"": ""nominal""}, ""y"": {""field"": ""COUNT_"", ""type"": ""quantitative""}}}"
960,2439@x_name@ASC,"Which music‑festival categories have the result “Awarded,” and how many are in each?",,,,,,,,1,1,1,1,,,,,Bar,Hard,music_festival,"{""$schema"": ""https://vega.github.io/schema/vega-lite/v6.json"", ""description"": ""Vega-Lite chart for key 2439@x_name@ASC"", ""data"": {""values"": [{""Category"": ""Best Song"", ""COUNT_Category_"": 2}, {""Category"": ""Best Sound Song"", ""COUNT_Category_"": 1}]}, ""mark"": ""bar"", ""encoding"": {""x"": {""field"": ""Category"", ""type"": ""nominal""}, ""y"": {""field"": ""COUNT_Category_"", ""type"": ""quantitative""}}}"
961,2441@x_name@DESC,Could you show the results of all music festivals?,,,,,,,,1,1,1,1,,,,,Bar,Medium,music_festival,"{""$schema"": ""https://vega.github.io/schema/vega-lite/v6.json"", ""description"": ""Vega-Lite chart for key 2441@x_name@DESC"", ""data"": {""values"": [{""Result"": ""Nominated"", ""COUNT_Result_"": 6}, {""Result"": ""Awarded"", ""COUNT_Result_"": 3}]}, ""mark"": ""bar"", ""encoding"": {""x"": {""field"": ""Result"", ""type"": ""nominal""}, ""y"": {""field"": ""COUNT_Result_"", ""type"": ""quantitative""}}}"
963,2135@x_name@DESC,"I’d like a chart that shows the count of each event detail, with the event details.",,,,,,,,1,1,1,1,,,,,Bar,Medium,EVENTS,"{""$schema"": ""https://vega.github.io/schema/vega-lite/v6.json"", ""description"": ""Vega-Lite chart for key 2135@x_name@DESC"", ""data"": {""values"": [{""Event_Details"": ""Success"", ""COUNT_Event_Details_"": 6}, {""Event_Details"": ""Fail"", ""COUNT_Event_Details_"": 9}]}, ""mark"": ""bar"", ""encoding"": {""x"": {""field"": ""Event_Details"", ""type"": ""nominal""}, ""y"": {""field"": ""COUNT_Event_Details_"", ""type"": ""quantitative""}}}"
964,2143@y_name@DESC,What’s the total number of events each participant type has attended?,,,,,,,,1,1,1,1,,,,,Bar,Hard,Participants,"{""$schema"": ""https://vega.github.io/schema/vega-lite/v6.json"", ""description"": ""Vega-Lite chart for key 2143@y_name@DESC"", ""data"": {""values"": [{""Participant_Type_Code"": ""Participant"", ""SUM_count_"": 12}, {""Participant_Type_Code"": ""Organizer"", ""SUM_count_"": 6}]}, ""mark"": ""bar"", ""encoding"": {""x"": {""field"": ""Participant_Type_Code"", ""type"": ""nominal""}, ""y"": {""field"": ""SUM_count_"", ""type"": ""quantitative""}}}"
965,1149@x_name@DESC,"What software platforms are used on devices, and how many devices run each one?",,,,,,,,1,1,1,1,,,,,Bar,Medium,device,"{""$schema"": ""https://vega.github.io/schema/vega-lite/v6.json"", ""description"": ""Vega-Lite chart for key 1149@x_name@DESC"", ""data"": {""values"": [{""Software_Platform"": ""iOS"", ""COUNT_"": 1}, {""Software_Platform"": ""Android"", ""COUNT_"": 5}]}, ""mark"": ""bar"", ""encoding"": {""x"": {""field"": ""Software_Platform"", ""type"": ""nominal""}, ""y"": {""field"": ""COUNT_"", ""type"": ""quantitative""}}}"
967,2814@y_name@ASC,What’s the count of each competition type?,,,,,,,,1,1,1,1,,,,,Bar,Medium,competition,"{""$schema"": ""https://vega.github.io/schema/vega-lite/v6.json"", ""description"": ""Vega-Lite chart for key 2814@y_name@ASC"", ""data"": {""values"": [{""Competition_type"": ""Tournament"", ""COUNT_Competition_type_"": 3}, {""Competition_type"": ""Friendly"", ""COUNT_Competition_type_"": 8}]}, ""mark"": ""bar"", ""encoding"": {""x"": {""field"": ""Competition_type"", ""type"": ""nominal""}, ""y"": {""field"": ""COUNT_Competition_type_"", ""type"": ""quantitative""}}}"
969,2816@y_name@ASC,How many competitions does each country have?,,,,,,,,1,1,1,1,,,,,Bar,Medium,competition,"{""$schema"": ""https://vega.github.io/schema/vega-lite/v6.json"", ""description"": ""Vega-Lite chart for key 2816@y_name@ASC"", ""data"": {""values"": [{""Country"": ""Ireland"", ""COUNT_Country_"": 1}, {""Country"": ""Spain"", ""COUNT_Country_"": 1}, {""Country"": ""Australia"", ""COUNT_Country_"": 2}, {""Country"": ""Italy"", ""COUNT_Country_"": 2}, {""Country"": ""Slovenia"", ""COUNT_Country_"": 2}, {""Country"": ""Russia"", ""COUNT_Country_"": 3}]}, ""mark"": ""bar"", ""encoding"": {""x"": {""field"": ""Country"", ""type"": ""nominal""}, ""y"": {""field"": ""COUNT_Country_"", ""type"": ""quantitative""}}}"
970,2823@x_name@ASC,Show a chart of how many players each club has.,,,,,,,,1,1,1,1,,,,,Bar,Hard,club,"{""$schema"": ""https://vega.github.io/schema/vega-lite/v6.json"", ""description"": ""Vega-Lite chart for key 2823@x_name@ASC"", ""data"": {""values"": [{""name"": ""AIB"", ""COUNT_name_"": 2}, {""name"": ""ASC"", ""COUNT_name_"": 4}, {""name"": ""BK Slide"", ""COUNT_name_"": 6}, {""name"": ""HGS2"", ""COUNT_name_"": 2}, {""name"": ""IFG"", ""COUNT_name_"": 1}]}, ""mark"": ""bar"", ""encoding"": {""x"": {""field"": ""name"", ""type"": ""nominal""}, ""y"": {""field"": ""COUNT_name_"", ""type"": ""quantitative""}}}"
971,2827@y_name@ASC,Could you show a chart of each position’s average points?,,,,,,,,1,1,1,1,,,,,Bar,Medium,player,"{""$schema"": ""https://vega.github.io/schema/vega-lite/v6.json"", ""description"": ""Vega-Lite chart for key 2827@y_name@ASC"", ""data"": {""values"": [{""Position"": ""Prop"", ""avg_Points_"": 9.333333333333334}, {""Position"": ""Left Wing"", ""avg_Points_"": 12}, {""Position"": ""Full Back"", ""avg_Points_"": 20}, {""Position"": ""Loose Forward"", ""avg_Points_"": 20}, {""Position"": ""Second Row"", ""avg_Points_"": 20}, {""Position"": ""Hooker"", ""avg_Points_"": 36}, {""Position"": ""Right Centre"", ""avg_Points_"": 36}, {""Position"": ""Right Wing"", ""avg_Points_"": 36}, {""Position"": ""Stand Off"", ""avg_Points_"": 110}, {""Position"": ""Scrum Half"", ""avg_Points_"": 188}]}, ""mark"": ""bar"", ""encoding"": {""x"": {""field"": ""Position"", ""type"": ""nominal""}, ""y"": {""field"": ""avg_Points_"", ""type"": ""quantitative""}}}"
972,3261@y_name@ASC,"Could you group the results, count them?",,,,,,,,1,1,1,1,,,,,Bar,Medium,acceptance,"{""$schema"": ""https://vega.github.io/schema/vega-lite/v6.json"", ""description"": ""Vega-Lite chart for key 3261@y_name@ASC"", ""data"": {""values"": [{""Result"": ""Accepted"", ""COUNT_Result_"": 2}, {""Result"": ""Rejected"", ""COUNT_Result_"": 4}]}, ""mark"": ""bar"", ""encoding"": {""x"": {""field"": ""Result"", ""type"": ""nominal""}, ""y"": {""field"": ""COUNT_Result_"", ""type"": ""quantitative""}}}"
973,3266@x_name@DESC,Which authors submitted how many workshops?,,,,,,,,1,1,1,1,,,,,Bar,Medium,acceptance,"{""$schema"": ""https://vega.github.io/schema/vega-lite/v6.json"", ""description"": ""Vega-Lite chart for key 3266@x_name@DESC"", ""data"": {""values"": [{""Author"": ""Steve Raible"", ""COUNT_DISTINCT_T1_workshop_id_"": 1}, {""Author"": ""Steve Niehaus"", ""COUNT_DISTINCT_T1_workshop_id_"": 1}, {""Author"": ""Sherman Smith"", ""COUNT_DISTINCT_T1_workshop_id_"": 1}, {""Author"": ""Sammy Green"", ""COUNT_DISTINCT_T1_workshop_id_"": 2}, {""Author"": ""Jeff Lloyd"", ""COUNT_DISTINCT_T1_workshop_id_"": 1}]}, ""mark"": ""bar"", ""encoding"": {""x"": {""field"": ""Author"", ""type"": ""nominal""}, ""y"": {""field"": ""COUNT_DISTINCT_T1_workshop_id_"", ""type"": ""quantitative""}}}"
974,2698@y_name@DESC,"What’s the average driver age for each home city, displayed?",,,,,,,,1,1,1,1,,,,,Bar,Medium,driver,"{""$schema"": ""https://vega.github.io/schema/vega-lite/v6.json"", ""description"": ""Vega-Lite chart for key 2698@y_name@DESC"", ""data"": {""values"": [{""Home_city"": ""Manchester"", ""AVG_Age_"": 52}, {""Home_city"": ""Hartford"", ""AVG_Age_"": 43.5}, {""Home_city"": ""East Hartford"", ""AVG_Age_"": 37}, {""Home_city"": ""Coventry"", ""AVG_Age_"": 35}, {""Home_city"": ""Bethel"", ""AVG_Age_"": 30}]}, ""mark"": ""bar"", ""encoding"": {""x"": {""field"": ""Home_city"", ""type"": ""nominal""}, ""y"": {""field"": ""AVG_Age_"", ""type"": ""quantitative""}}}"
975,2702@y_name@DESC,Could you plot a chart of the total counts for each party?,,,,,,,,1,1,1,1,,,,,Bar,Medium,driver,"{""$schema"": ""https://vega.github.io/schema/vega-lite/v6.json"", ""description"": ""Vega-Lite chart for key 2702@y_name@DESC"", ""data"": {""values"": [{""Party"": ""Dem"", ""count_"": 10}, {""Party"": ""Rep"", ""count_"": 2}]}, ""mark"": ""bar"", ""encoding"": {""x"": {""field"": ""Party"", ""type"": ""nominal""}, ""y"": {""field"": ""count_"", ""type"": ""quantitative""}}}"
976,2626@y_name@ASC,What’s the number of institutions in each building?,,,,,,,,1,1,1,1,,,,,Bar,Hard,building,"{""$schema"": ""https://vega.github.io/schema/vega-lite/v6.json"", ""description"": ""Vega-Lite chart for key 2626@y_name@ASC"", ""data"": {""values"": [{""Name"": ""100 North Tampa"", ""count_"": 1}, {""Name"": ""Floridan Hotel"", ""count_"": 1}, {""Name"": ""Park Tower"", ""count_"": 1}, {""Name"": ""Citizens Bank Building"", ""count_"": 2}, {""Name"": ""Franklin Exchange Building"", ""count_"": 2}, {""Name"": ""One Tampa City Center"", ""count_"": 2}, {""Name"": ""Tampa City Hall"", ""count_"": 2}]}, ""mark"": ""bar"", ""encoding"": {""x"": {""field"": ""Name"", ""type"": ""nominal""}, ""y"": {""field"": ""count_"", ""type"": ""quantitative""}}}"
977,2629@x_name@ASC,Could you show a chart of type versus total numbe?,,,,,,,,1,1,1,1,,,,,Bar,Medium,institution,"{""$schema"": ""https://vega.github.io/schema/vega-lite/v6.json"", ""description"": ""Vega-Lite chart for key 2629@x_name@ASC"", ""data"": {""values"": [{""Type"": ""Private"", ""count_"": 7}, {""Type"": ""Public"", ""count_"": 3}, {""Type"": ""Tribal"", ""count_"": 1}]}, ""mark"": ""bar"", ""encoding"": {""x"": {""field"": ""Type"", ""type"": ""nominal""}, ""y"": {""field"": ""count_"", ""type"": ""quantitative""}}}"
978,7@y_name@ASC,Could you list every building with its faculty count?,,,,,,,,1,1,1,1,,,,,Bar,Medium,Faculty,"{""$schema"": ""https://vega.github.io/schema/vega-lite/v6.json"", ""description"": ""Vega-Lite chart for key 7@y_name@ASC"", ""data"": {""values"": [{""Building"": ""NEB"", ""count_"": 18}, {""Building"": ""Barton"", ""count_"": 20}, {""Building"": ""Krieger"", ""count_"": 20}]}, ""mark"": ""bar"", ""encoding"": {""x"": {""field"": ""Building"", ""type"": ""nominal""}, ""y"": {""field"": ""count_"", ""type"": ""quantitative""}}}"
980,12@x_name@ASC,What’s the number of faculty members for each gender?,,,,,,,,1,1,1,1,,,,,Bar,Medium,Faculty,"{""$schema"": ""https://vega.github.io/schema/vega-lite/v6.json"", ""description"": ""Vega-Lite chart for key 12@x_name@ASC"", ""data"": {""values"": [{""Sex"": ""F"", ""count_"": 7}, {""Sex"": ""M"", ""count_"": 51}]}, ""mark"": ""bar"", ""encoding"": {""x"": {""field"": ""Sex"", ""type"": ""nominal""}, ""y"": {""field"": ""count_"", ""type"": ""quantitative""}}}"
981,17@y_name@DESC,What’s the total count for each rank?,,,,,,,,1,1,1,1,,,,,Bar,Medium,Faculty,"{""$schema"": ""https://vega.github.io/schema/vega-lite/v6.json"", ""description"": ""Vega-Lite chart for key 17@y_name@DESC"", ""data"": {""values"": [{""Rank"": ""Professor"", ""count_Rank_"": 27}, {""Rank"": ""AsstProf"", ""count_Rank_"": 15}, {""Rank"": ""Instructor"", ""count_Rank_"": 8}, {""Rank"": ""AssocProf"", ""count_Rank_"": 8}]}, ""mark"": ""bar"", ""encoding"": {""x"": {""field"": ""Rank"", ""type"": ""nominal""}, ""y"": {""field"": ""count_Rank_"", ""type"": ""quantitative""}}}"
982,22@y_name@ASC,What’s the count of male versus female assistant professors?,,,,,,,,1,1,1,1,,,,,Bar,Hard,Faculty,"{""$schema"": ""https://vega.github.io/schema/vega-lite/v6.json"", ""description"": ""Vega-Lite chart for key 22@y_name@ASC"", ""data"": {""values"": [{""Sex"": ""F"", ""count_"": 3}, {""Sex"": ""M"", ""count_"": 12}]}, ""mark"": ""bar"", ""encoding"": {""x"": {""field"": ""Sex"", ""type"": ""nominal""}, ""y"": {""field"": ""count_"", ""type"": ""quantitative""}}}"
983,24@x_name@ASC,How many faculty members are there for each rank?,,,,,,,,1,1,1,1,,,,,Bar,Medium,Faculty,"{""$schema"": ""https://vega.github.io/schema/vega-lite/v6.json"", ""description"": ""Vega-Lite chart for key 24@x_name@ASC"", ""data"": {""values"": [{""Rank"": ""AssocProf"", ""count_"": 8}, {""Rank"": ""AsstProf"", ""count_"": 15}, {""Rank"": ""Instructor"", ""count_"": 8}, {""Rank"": ""Professor"", ""count_"": 27}]}, ""mark"": ""bar"", ""encoding"": {""x"": {""field"": ""Rank"", ""type"": ""nominal""}, ""y"": {""field"": ""count_"", ""type"": ""quantitative""}}}"
984,26@y_name@ASC,"Which faculty members have participated in at least one activity, and how many activities did each take part in?",,,,,,,,1,1,1,1,,,,,Bar,Hard,Faculty,"{""$schema"": ""https://vega.github.io/schema/vega-lite/v6.json"", ""description"": ""Vega-Lite chart for key 26@y_name@ASC"", ""data"": {""values"": [{""Fname"": ""Ellie"", ""count_"": 1}, {""Fname"": ""Leslie"", ""count_"": 1}, {""Fname"": ""Robert"", ""count_"": 1}, {""Fname"": ""Alan"", ""count_"": 2}, {""Fname"": ""Cheng"", ""count_"": 2}, {""Fname"": ""Joanne"", ""count_"": 2}, {""Fname"": ""Lawrence"", ""count_"": 2}, {""Fname"": ""Louis"", ""count_"": 2}, {""Fname"": ""Luigi"", ""count_"": 2}, {""Fname"": ""Russell"", ""count_"": 2}, {""Fname"": ""Steven"", ""count_"": 2}, {""Fname"": ""Daniel"", ""count_"": 3}, {""Fname"": ""David"", ""count_"": 3}, {""Fname"": ""Mark"", ""count_"": 3}, {""Fname"": ""Michael"", ""count_"": 3}, {""Fname"": ""Scott"", ""count_"": 3}, {""Fname"": ""Stacey"", ""count_"": 3}, {""Fname"": ""Yair"", ""count_"": 3}]}, ""mark"": ""bar"", ""encoding"": {""x"": {""field"": ""Fname"", ""type"": ""nominal""}, ""y"": {""field"": ""count_"", ""type"": ""quantitative""}}}"
986,2575@y_name@ASC,Could you show each phone’s name with its total stock count?,,,,,,,,1,1,1,1,,,,,Bar,Hard,phone_market,"{""$schema"": ""https://vega.github.io/schema/vega-lite/v6.json"", ""description"": ""Vega-Lite chart for key 2575@y_name@ASC"", ""data"": {""values"": [{""Name"": ""IPhone 7"", ""sum_T1_Num_of_stock_"": 874}, {""Name"": ""IPhone X"", ""sum_T1_Num_of_stock_"": 2540}, {""Name"": ""IPhone 5s"", ""sum_T1_Num_of_stock_"": 2914}, {""Name"": ""IPhone 6s"", ""sum_T1_Num_of_stock_"": 4324}]}, ""mark"": ""bar"", ""encoding"": {""x"": {""field"": ""Name"", ""type"": ""nominal""}, ""y"": {""field"": ""sum_T1_Num_of_stock_"", ""type"": ""quantitative""}}}"
987,2581@y_name@DESC,Could you compare how many markets each phone is sold i?,,,,,,,,1,1,1,1,,,,,Bar,Hard,phone_market,"{""$schema"": ""https://vega.github.io/schema/vega-lite/v6.json"", ""description"": ""Vega-Lite chart for key 2581@y_name@DESC"", ""data"": {""values"": [{""Name"": ""IPhone X"", ""COUNT_Name_"": 2}, {""Name"": ""IPhone 5s"", ""COUNT_Name_"": 2}, {""Name"": ""IPhone 7"", ""COUNT_Name_"": 1}, {""Name"": ""IPhone 6s"", ""COUNT_Name_"": 1}]}, ""mark"": ""bar"", ""encoding"": {""x"": {""field"": ""Name"", ""type"": ""nominal""}, ""y"": {""field"": ""COUNT_Name_"", ""type"": ""quantitative""}}}"
988,2582@y_name@DESC,Could you show a chart of the number of markets in each district?,,,,,,,,1,1,1,1,,,,,Bar,Hard,phone_market,"{""$schema"": ""https://vega.github.io/schema/vega-lite/v6.json"", ""description"": ""Vega-Lite chart for key 2582@y_name@DESC"", ""data"": {""values"": [{""District"": ""British Columbia"", ""COUNT_District_"": 2}, {""District"": ""Alberta"", ""COUNT_District_"": 2}, {""District"": ""Quebec"", ""COUNT_District_"": 1}, {""District"": ""Ontario"", ""COUNT_District_"": 1}]}, ""mark"": ""bar"", ""encoding"": {""x"": {""field"": ""District"", ""type"": ""nominal""}, ""y"": {""field"": ""COUNT_District_"", ""type"": ""quantitative""}}}"
989,1371@y_name@ASC,Which investors have funded how many entrepreneurs?,,,,,,,,1,1,1,1,,,,,Bar,Medium,entrepreneur,"{""$schema"": ""https://vega.github.io/schema/vega-lite/v6.json"", ""description"": ""Vega-Lite chart for key 1371@y_name@ASC"", ""data"": {""values"": [{""Investor"": ""Doug Richard"", ""COUNT_"": 1}, {""Investor"": ""Peter Jones"", ""COUNT_"": 1}, {""Investor"": ""Rachel Elnaugh"", ""COUNT_"": 1}, {""Investor"": ""Simon Woodroffe"", ""COUNT_"": 1}, {""Investor"": ""Duncan Bannatyne"", ""COUNT_"": 2}]}, ""mark"": ""bar"", ""encoding"": {""x"": {""field"": ""Investor"", ""type"": ""nominal""}, ""y"": {""field"": ""COUNT_"", ""type"": ""quantitative""}}}"
990,1373@y_name@DESC,Could you show a chart of the number of investors by type?,,,,,,,,1,1,1,1,,,,,Bar,Medium,entrepreneur,"{""$schema"": ""https://vega.github.io/schema/vega-lite/v6.json"", ""description"": ""Vega-Lite chart for key 1373@y_name@DESC"", ""data"": {""values"": [{""Investor"": ""Duncan Bannatyne"", ""COUNT_Investor_"": 2}, {""Investor"": ""Simon Woodroffe"", ""COUNT_Investor_"": 1}, {""Investor"": ""Rachel Elnaugh"", ""COUNT_Investor_"": 1}, {""Investor"": ""Peter Jones"", ""COUNT_Investor_"": 1}, {""Investor"": ""Doug Richard"", ""COUNT_Investor_"": 1}]}, ""mark"": ""bar"", ""encoding"": {""x"": {""field"": ""Investor"", ""type"": ""nominal""}, ""y"": {""field"": ""COUNT_Investor_"", ""type"": ""quantitative""}}}"
991,1375@x_name@ASC,Could we arrange the entrepreneurs’ year‑of‑birth trend?,,,,,,,,1,0,1,1,,,,,Line,Extra Hard,entrepreneur,"{""$schema"": ""https://vega.github.io/schema/vega-lite/v6.json"", ""description"": ""Vega-Lite chart for key 1375@x_name@ASC"", ""data"": {""values"": [{""Date_of_Birth"": 1972, ""COUNT_Date_of_Birth_"": 2}, {""Date_of_Birth"": 1975, ""COUNT_Date_of_Birth_"": 1}, {""Date_of_Birth"": 1977, ""COUNT_Date_of_Birth_"": 1}, {""Date_of_Birth"": 1981, ""COUNT_Date_of_Birth_"": 2}]}, ""mark"": ""line"", ""encoding"": {""x"": {""field"": ""Date_of_Birth"", ""type"": ""quantitative""}, ""y"": {""field"": ""COUNT_Date_of_Birth_"", ""type"": ""quantitative""}}}"
992,66@y_name@ASC,How many apartment bookings started each year for female guests?,,,,,,,,1,1,1,1,,,,,Bar,Extra Hard,Apartment_Bookings,"{""$schema"": ""https://vega.github.io/schema/vega-lite/v6.json"", ""description"": ""Vega-Lite chart for key 66@y_name@ASC"", ""data"": {""values"": [{""booking_start_date"": ""2017"", ""COUNT_booking_start_date_"": 3}, {""booking_start_date"": ""2016"", ""COUNT_booking_start_date_"": 6}]}, ""mark"": ""bar"", ""encoding"": {""x"": {""field"": ""booking_start_date"", ""type"": ""nominal""}, ""y"": {""field"": ""COUNT_booking_start_date_"", ""type"": ""quantitative""}}}"
993,67@y_name@ASC,Show a chart of how many apartment bookings each weekday were made by female guest.,,,,,,,,1,1,1,1,,,,,Bar,Extra Hard,Apartment_Bookings,"{""$schema"": ""https://vega.github.io/schema/vega-lite/v6.json"", ""description"": ""Vega-Lite chart for key 67@y_name@ASC"", ""data"": {""values"": [{""booking_start_date"": ""Sun"", ""COUNT_booking_start_date_"": 0}, {""booking_start_date"": ""Fri"", ""COUNT_booking_start_date_"": 1}, {""booking_start_date"": ""Thur"", ""COUNT_booking_start_date_"": 1}, {""booking_start_date"": ""Wed"", ""COUNT_booking_start_date_"": 1}, {""booking_start_date"": ""Mon"", ""COUNT_booking_start_date_"": 2}, {""booking_start_date"": ""Sat"", ""COUNT_booking_start_date_"": 2}, {""booking_start_date"": ""Tue"", ""COUNT_booking_start_date_"": 2}]}, ""mark"": ""bar"", ""encoding"": {""x"": {""field"": ""booking_start_date"", ""type"": ""nominal""}, ""y"": {""field"": ""COUNT_booking_start_date_"", ""type"": ""quantitative""}}}"
994,70@y_name@ASC,How many booking start dates do apartments with more than two bedrooms have each year?,,,,,,,,1,1,1,1,,,,,Bar,Extra Hard,Apartment_Bookings,"{""$schema"": ""https://vega.github.io/schema/vega-lite/v6.json"", ""description"": ""Vega-Lite chart for key 70@y_name@ASC"", ""data"": {""values"": [{""booking_start_date"": ""2017"", ""COUNT_booking_start_date_"": 6}, {""booking_start_date"": ""2016"", ""COUNT_booking_start_date_"": 9}]}, ""mark"": ""bar"", ""encoding"": {""x"": {""field"": ""booking_start_date"", ""type"": ""nominal""}, ""y"": {""field"": ""COUNT_booking_start_date_"", ""type"": ""quantitative""}}}"
995,71@y_name@ASC,How many booking start dates do apartments with more than two bedrooms have for each weekday?,,,,,,,,1,1,1,1,,,,,Bar,Extra Hard,Apartment_Bookings,"{""$schema"": ""https://vega.github.io/schema/vega-lite/v6.json"", ""description"": ""Vega-Lite chart for key 71@y_name@ASC"", ""data"": {""values"": [{""booking_start_date"": ""Sun"", ""COUNT_booking_start_date_"": 1}, {""booking_start_date"": ""Thur"", ""COUNT_booking_start_date_"": 1}, {""booking_start_date"": ""Wed"", ""COUNT_booking_start_date_"": 1}, {""booking_start_date"": ""Fri"", ""COUNT_booking_start_date_"": 2}, {""booking_start_date"": ""Tue"", ""COUNT_booking_start_date_"": 2}, {""booking_start_date"": ""Mon"", ""COUNT_booking_start_date_"": 4}, {""booking_start_date"": ""Sat"", ""COUNT_booking_start_date_"": 4}]}, ""mark"": ""bar"", ""encoding"": {""x"": {""field"": ""booking_start_date"", ""type"": ""nominal""}, ""y"": {""field"": ""COUNT_booking_start_date_"", ""type"": ""quantitative""}}}"
996,75@y_name@ASC,How many booking start dates do duplex‑type apartments have for each year?,,,,,,,,1,1,1,1,,,,,Bar,Extra Hard,Apartment_Bookings,"{""$schema"": ""https://vega.github.io/schema/vega-lite/v6.json"", ""description"": ""Vega-Lite chart for key 75@y_name@ASC"", ""data"": {""values"": [{""booking_start_date"": ""2017"", ""COUNT_booking_start_date_"": 1}, {""booking_start_date"": ""2016"", ""COUNT_booking_start_date_"": 6}]}, ""mark"": ""bar"", ""encoding"": {""x"": {""field"": ""booking_start_date"", ""type"": ""nominal""}, ""y"": {""field"": ""COUNT_booking_start_date_"", ""type"": ""quantitative""}}}"
997,76@y_name@DESC,How many booking end dates does each year have for “Duplex” apartments?,,,,,,,,1,1,1,1,,,,,Bar,Extra Hard,Apartment_Bookings,"{""$schema"": ""https://vega.github.io/schema/vega-lite/v6.json"", ""description"": ""Vega-Lite chart for key 76@y_name@DESC"", ""data"": {""values"": [{""booking_start_date"": ""2016"", ""COUNT_booking_start_date_"": 6}, {""booking_start_date"": ""2017"", ""COUNT_booking_start_date_"": 1}]}, ""mark"": ""bar"", ""encoding"": {""x"": {""field"": ""booking_start_date"", ""type"": ""nominal""}, ""y"": {""field"": ""COUNT_booking_start_date_"", ""type"": ""quantitative""}}}"
1000,84@y_name@ASC,"What’s the count of apartment bookings for each weekday, and how do booking end dates break down by weekday?",,,,,,,,1,1,1,1,,,,,Bar,Medium,Apartment_Bookings,"{""$schema"": ""https://vega.github.io/schema/vega-lite/v6.json"", ""description"": ""Vega-Lite chart for key 84@y_name@ASC"", ""data"": {""values"": [{""booking_end_date"": ""Thur"", ""COUNT_booking_end_date_"": 1}, {""booking_end_date"": ""Fri"", ""COUNT_booking_end_date_"": 2}, {""booking_end_date"": ""Mon"", ""COUNT_booking_end_date_"": 2}, {""booking_end_date"": ""Sun"", ""COUNT_booking_end_date_"": 2}, {""booking_end_date"": ""Wed"", ""COUNT_booking_end_date_"": 2}, {""booking_end_date"": ""Sat"", ""COUNT_booking_end_date_"": 3}, {""booking_end_date"": ""Tue"", ""COUNT_booking_end_date_"": 3}]}, ""mark"": ""bar"", ""encoding"": {""x"": {""field"": ""booking_end_date"", ""type"": ""nominal""}, ""y"": {""field"": ""COUNT_booking_end_date_"", ""type"": ""quantitative""}}}"
1002,88@y_name@ASC,How many apartment bookings occur in each year?,,,,,,,,1,1,1,1,,,,,Bar,Hard,Apartment_Bookings,"{""$schema"": ""https://vega.github.io/schema/vega-lite/v6.json"", ""description"": ""Vega-Lite chart for key 88@y_name@ASC"", ""data"": {""values"": [{""booking_start_date"": ""2017"", ""COUNT_booking_start_date_"": 6}, {""booking_start_date"": ""2016"", ""COUNT_booking_start_date_"": 9}]}, ""mark"": ""bar"", ""encoding"": {""x"": {""field"": ""booking_start_date"", ""type"": ""nominal""}, ""y"": {""field"": ""COUNT_booking_start_date_"", ""type"": ""quantitative""}}}"
1003,89@y_name@ASC,"Could you show a chart of apartment bookings per year, grouping the start dates into yearly intervals?",,,,,,,,1,1,1,1,,,,,Bar,Hard,Apartment_Bookings,"{""$schema"": ""https://vega.github.io/schema/vega-lite/v6.json"", ""description"": ""Vega-Lite chart for key 89@y_name@ASC"", ""data"": {""values"": [{""booking_start_date"": ""2017"", ""COUNT_booking_start_date_"": 6}, {""booking_start_date"": ""2016"", ""COUNT_booking_start_date_"": 9}]}, ""mark"": ""bar"", ""encoding"": {""x"": {""field"": ""booking_start_date"", ""type"": ""nominal""}, ""y"": {""field"": ""COUNT_booking_start_date_"", ""type"": ""quantitative""}}}"
1004,90@y_name@DESC,"What’s the count of apartment bookings for each weekday, grouped by the start‑date’s weekday?",,,,,,,,1,1,1,1,,,,,Bar,Hard,Apartment_Bookings,"{""$schema"": ""https://vega.github.io/schema/vega-lite/v6.json"", ""description"": ""Vega-Lite chart for key 90@y_name@DESC"", ""data"": {""values"": [{""booking_start_date"": ""Sat"", ""COUNT_booking_start_date_"": 4}, {""booking_start_date"": ""Mon"", ""COUNT_booking_start_date_"": 4}, {""booking_start_date"": ""Tue"", ""COUNT_booking_start_date_"": 2}, {""booking_start_date"": ""Fri"", ""COUNT_booking_start_date_"": 2}, {""booking_start_date"": ""Wed"", ""COUNT_booking_start_date_"": 1}, {""booking_start_date"": ""Thur"", ""COUNT_booking_start_date_"": 1}, {""booking_start_date"": ""Sun"", ""COUNT_booking_start_date_"": 1}]}, ""mark"": ""bar"", ""encoding"": {""x"": {""field"": ""booking_start_date"", ""type"": ""nominal""}, ""y"": {""field"": ""COUNT_booking_start_date_"", ""type"": ""quantitative""}}}"
1005,91@y_name@ASC,Could you display the number of apartment bookings for each weekday—grouped by the booking‑start date’s weekday interval?,,,,,,,,1,1,1,1,,,,,Bar,Hard,Apartment_Bookings,"{""$schema"": ""https://vega.github.io/schema/vega-lite/v6.json"", ""description"": ""Vega-Lite chart for key 91@y_name@ASC"", ""data"": {""values"": [{""booking_start_date"": ""Sun"", ""COUNT_booking_start_date_"": 1}, {""booking_start_date"": ""Thur"", ""COUNT_booking_start_date_"": 1}, {""booking_start_date"": ""Wed"", ""COUNT_booking_start_date_"": 1}, {""booking_start_date"": ""Fri"", ""COUNT_booking_start_date_"": 2}, {""booking_start_date"": ""Tue"", ""COUNT_booking_start_date_"": 2}, {""booking_start_date"": ""Mon"", ""COUNT_booking_start_date_"": 4}, {""booking_start_date"": ""Sat"", ""COUNT_booking_start_date_"": 4}]}, ""mark"": ""bar"", ""encoding"": {""x"": {""field"": ""booking_start_date"", ""type"": ""nominal""}, ""y"": {""field"": ""COUNT_booking_start_date_"", ""type"": ""quantitative""}}}"
1006,92@y_name@ASC,"What’s the count of bookings per guest, grouped by first name?",,,,,,,,1,1,1,1,,,,,Bar,Hard,Apartment_Bookings,"{""$schema"": ""https://vega.github.io/schema/vega-lite/v6.json"", ""description"": ""Vega-Lite chart for key 92@y_name@ASC"", ""data"": {""values"": [{""guest_first_name"": ""Else"", ""COUNT_guest_first_name_"": 1}, {""guest_first_name"": ""Gabe"", ""COUNT_guest_first_name_"": 1}, {""guest_first_name"": ""Juvenal"", ""COUNT_guest_first_name_"": 1}, {""guest_first_name"": ""Keith"", ""COUNT_guest_first_name_"": 1}, {""guest_first_name"": ""Louvenia"", ""COUNT_guest_first_name_"": 1}, {""guest_first_name"": ""Mozell"", ""COUNT_guest_first_name_"": 1}, {""guest_first_name"": ""Tamia"", ""COUNT_guest_first_name_"": 1}, {""guest_first_name"": ""Keon"", ""COUNT_guest_first_name_"": 2}, {""guest_first_name"": ""Lou"", ""COUNT_guest_first_name_"": 2}, {""guest_first_name"": ""Rebeca"", ""COUNT_guest_first_name_"": 4}]}, ""mark"": ""bar"", ""encoding"": {""x"": {""field"": ""guest_first_name"", ""type"": ""nominal""}, ""y"": {""field"": ""COUNT_guest_first_name_"", ""type"": ""quantitative""}}}"
1007,99@y_name@DESC,How many apartment booking start dates are there each year?,,,,,,,,1,1,1,1,,,,,Bar,Hard,Apartment_Bookings,"{""$schema"": ""https://vega.github.io/schema/vega-lite/v6.json"", ""description"": ""Vega-Lite chart for key 99@y_name@DESC"", ""data"": {""values"": [{""booking_start_date"": ""2016"", ""COUNT_booking_start_date_"": 9}, {""booking_start_date"": ""2017"", ""COUNT_booking_start_date_"": 6}]}, ""mark"": ""bar"", ""encoding"": {""x"": {""field"": ""booking_start_date"", ""type"": ""nominal""}, ""y"": {""field"": ""COUNT_booking_start_date_"", ""type"": ""quantitative""}}}"
1008,100@y_name@DESC,How many bookings start on each weekday for every apartment?,,,,,,,,1,1,1,1,,,,,Bar,Hard,Apartment_Bookings,"{""$schema"": ""https://vega.github.io/schema/vega-lite/v6.json"", ""description"": ""Vega-Lite chart for key 100@y_name@DESC"", ""data"": {""values"": [{""booking_start_date"": ""Sat"", ""COUNT_booking_start_date_"": 4}, {""booking_start_date"": ""Mon"", ""COUNT_booking_start_date_"": 4}, {""booking_start_date"": ""Tue"", ""COUNT_booking_start_date_"": 2}, {""booking_start_date"": ""Fri"", ""COUNT_booking_start_date_"": 2}, {""booking_start_date"": ""Wed"", ""COUNT_booking_start_date_"": 1}, {""booking_start_date"": ""Thur"", ""COUNT_booking_start_date_"": 1}, {""booking_start_date"": ""Sun"", ""COUNT_booking_start_date_"": 1}]}, ""mark"": ""bar"", ""encoding"": {""x"": {""field"": ""booking_start_date"", ""type"": ""nominal""}, ""y"": {""field"": ""COUNT_booking_start_date_"", ""type"": ""quantitative""}}}"
1009,102@y_name@ASC,Could you show a chart of bookings per apartment?,,,,,,,,1,1,1,1,,,,,Bar,Hard,Apartment_Bookings,"{""$schema"": ""https://vega.github.io/schema/vega-lite/v6.json"", ""description"": ""Vega-Lite chart for key 102@y_name@ASC"", ""data"": {""values"": [{""apt_number"": ""Apt. 187"", ""COUNT_apt_number_"": 1}, {""apt_number"": ""Apt. 477"", ""COUNT_apt_number_"": 1}, {""apt_number"": ""Apt. 585"", ""COUNT_apt_number_"": 1}, {""apt_number"": ""Apt. 794"", ""COUNT_apt_number_"": 1}, {""apt_number"": ""Apt. 940"", ""COUNT_apt_number_"": 1}, {""apt_number"": ""Suite 088"", ""COUNT_apt_number_"": 1}, {""apt_number"": ""Suite 634"", ""COUNT_apt_number_"": 1}, {""apt_number"": ""Suite 749"", ""COUNT_apt_number_"": 2}, {""apt_number"": ""Apt. 859"", ""COUNT_apt_number_"": 3}, {""apt_number"": ""Suite 693"", ""COUNT_apt_number_"": 3}]}, ""mark"": ""bar"", ""encoding"": {""x"": {""field"": ""apt_number"", ""type"": ""nominal""}, ""y"": {""field"": ""COUNT_apt_number_"", ""type"": ""quantitative""}}}"
1010,104@y_name@ASC,"How many buildings does Kyle manage, broken down by apartment type code with the counts?",,,,,,,,1,1,1,1,,,,,Bar,Extra Hard,Apartment_Buildings,"{""$schema"": ""https://vega.github.io/schema/vega-lite/v6.json"", ""description"": ""Vega-Lite chart for key 104@y_name@ASC"", ""data"": {""values"": [{""apt_type_code"": ""Flat"", ""COUNT_apt_type_code_"": 1}, {""apt_type_code"": ""Studio"", ""COUNT_apt_type_code_"": 1}, {""apt_type_code"": ""Duplex"", ""COUNT_apt_type_code_"": 2}]}, ""mark"": ""bar"", ""encoding"": {""x"": {""field"": ""apt_type_code"", ""type"": ""nominal""}, ""y"": {""field"": ""COUNT_apt_type_code_"", ""type"": ""quantitative""}}}"
1011,1521@y_name@ASC,How many gymnasts come from each hometown?,,,,,,,,1,1,1,1,,,,,Bar,Hard,gymnast,"{""$schema"": ""https://vega.github.io/schema/vega-lite/v6.json"", ""description"": ""Vega-Lite chart for key 1521@y_name@ASC"", ""data"": {""values"": [{""Hometown"": ""Bonao"", ""COUNT_"": 1}, {""Hometown"": ""Los Alcarrizos"", ""COUNT_"": 1}, {""Hometown"": ""Santiago de los Caballeros"", ""COUNT_"": 1}, {""Hometown"": ""Santo Domingo"", ""COUNT_"": 4}]}, ""mark"": ""bar"", ""encoding"": {""x"": {""field"": ""Hometown"", ""type"": ""nominal""}, ""y"": {""field"": ""COUNT_"", ""type"": ""quantitative""}}}"
1013,1329@y_name@DESC,How many employees were hired at each shop?,,,,,,,,1,1,1,1,,,,,Bar,Hard,hiring,"{""$schema"": ""https://vega.github.io/schema/vega-lite/v6.json"", ""description"": ""Vega-Lite chart for key 1329@y_name@DESC"", ""data"": {""values"": [{""Name"": ""FC Haka"", ""count_"": 2}, {""Name"": ""HJK"", ""count_"": 1}, {""Name"": ""FF Jaro"", ""count_"": 1}, {""Name"": ""FC Lahti"", ""count_"": 1}, {""Name"": ""FC KooTeePee"", ""count_"": 1}, {""Name"": ""FC Inter"", ""count_"": 1}]}, ""mark"": ""bar"", ""encoding"": {""x"": {""field"": ""Name"", ""type"": ""nominal""}, ""y"": {""field"": ""count_"", ""type"": ""quantitative""}}}"
1016,1356@x_name@ASC,Could you plot a chart showing how the amount of Start_from varies across its bins each year?,,,,,,,,1,1,1,1,,,,,Line,Medium,hiring,"{""$schema"": ""https://vega.github.io/schema/vega-lite/v6.json"", ""description"": ""Vega-Lite chart for key 1356@x_name@ASC"", ""data"": {""values"": [{""Start_from"": ""2003"", ""COUNT_Start_from_"": 1}, {""Start_from"": ""2004"", ""COUNT_Start_from_"": 0}, {""Start_from"": ""2005"", ""COUNT_Start_from_"": 0}, {""Start_from"": ""2006"", ""COUNT_Start_from_"": 0}, {""Start_from"": ""2007"", ""COUNT_Start_from_"": 0}, {""Start_from"": ""2008"", ""COUNT_Start_from_"": 1}, {""Start_from"": ""2009"", ""COUNT_Start_from_"": 1}, {""Start_from"": ""2010"", ""COUNT_Start_from_"": 1}, {""Start_from"": ""2011"", ""COUNT_Start_from_"": 1}, {""Start_from"": ""2012"", ""COUNT_Start_from_"": 1}, {""Start_from"": ""2013"", ""COUNT_Start_from_"": 1}]}, ""mark"": ""line"", ""encoding"": {""x"": {""field"": ""Start_from"", ""type"": ""nominal""}, ""y"": {""field"": ""COUNT_Start_from_"", ""type"": ""quantitative""}}}"
1017,515@y_name@ASC,What’s the count of departments per school?,,,,,,,,1,1,1,1,,,,,Bar,Medium,department,"{""$schema"": ""https://vega.github.io/schema/vega-lite/v6.json"", ""description"": ""Vega-Lite chart for key 515@y_name@ASC"", ""data"": {""values"": [{""SCHOOL_CODE"": ""BUS"", ""count_DISTINCT_dept_name_"": 4}, {""SCHOOL_CODE"": ""A&SCI"", ""count_DISTINCT_dept_name_"": 7}]}, ""mark"": ""bar"", ""encoding"": {""x"": {""field"": ""SCHOOL_CODE"", ""type"": ""nominal""}, ""y"": {""field"": ""count_DISTINCT_dept_name_"", ""type"": ""quantitative""}}}"
1019,523@x_name@ASC,"What’s the number of courses each teacher taught, grouped by their first name?",,,,,,,,1,1,1,1,,,,,Bar,Hard,CLASS,"{""$schema"": ""https://vega.github.io/schema/vega-lite/v6.json"", ""description"": ""Vega-Lite chart for key 523@x_name@ASC"", ""data"": {""values"": [{""EMP_FNAME"": ""Arnelle"", ""COUNT_EMP_FNAME_"": 2}, {""EMP_FNAME"": ""Carlos"", ""COUNT_EMP_FNAME_"": 2}, {""EMP_FNAME"": ""Gerald"", ""COUNT_EMP_FNAME_"": 3}, {""EMP_FNAME"": ""Ismael"", ""COUNT_EMP_FNAME_"": 2}, {""EMP_FNAME"": ""Peter"", ""COUNT_EMP_FNAME_"": 3}, {""EMP_FNAME"": ""Robert"", ""COUNT_EMP_FNAME_"": 1}]}, ""mark"": ""bar"", ""encoding"": {""x"": {""field"": ""EMP_FNAME"", ""type"": ""nominal""}, ""y"": {""field"": ""COUNT_EMP_FNAME_"", ""type"": ""quantitative""}}}"
1020,529@x_name@DESC,How many professors with PhDs are there in each department?,,,,,,,,1,1,1,1,,,,,Bar,Hard,professor,"{""$schema"": ""https://vega.github.io/schema/vega-lite/v6.json"", ""description"": ""Vega-Lite chart for key 529@x_name@DESC"", ""data"": {""values"": [{""DEPT_CODE"": ""SOC"", ""count_"": 1}, {""DEPT_CODE"": ""PSYCH"", ""count_"": 1}, {""DEPT_CODE"": ""MKT/MGT"", ""count_"": 1}, {""DEPT_CODE"": ""MATH"", ""count_"": 2}, {""DEPT_CODE"": ""HIST"", ""count_"": 1}, {""DEPT_CODE"": ""ENG"", ""count_"": 2}, {""DEPT_CODE"": ""ECON/FIN"", ""count_"": 1}, {""DEPT_CODE"": ""CIS"", ""count_"": 3}, {""DEPT_CODE"": ""BIOL"", ""count_"": 2}, {""DEPT_CODE"": ""ART"", ""count_"": 1}, {""DEPT_CODE"": ""ACCT"", ""count_"": 3}]}, ""mark"": ""bar"", ""encoding"": {""x"": {""field"": ""DEPT_CODE"", ""type"": ""nominal""}, ""y"": {""field"": ""count_"", ""type"": ""quantitative""}}}"
1021,533@y_name@DESC,What's the lowest student GPA in each department?,,,,,,,,1,1,1,1,,,,,Bar,Easy,student,"{""$schema"": ""https://vega.github.io/schema/vega-lite/v6.json"", ""description"": ""Vega-Lite chart for key 533@y_name@DESC"", ""data"": {""values"": [{""DEPT_CODE"": ""EDU"", ""min_stu_gpa_"": 3.87}, {""DEPT_CODE"": ""CIS"", ""min_stu_gpa_"": 3.09}, {""DEPT_CODE"": ""BIOL"", ""min_stu_gpa_"": 2.84}, {""DEPT_CODE"": ""ACCT"", ""min_stu_gpa_"": 2.26}, {""DEPT_CODE"": ""ENGL"", ""min_stu_gpa_"": 2.11}]}, ""mark"": ""bar"", ""encoding"": {""x"": {""field"": ""DEPT_CODE"", ""type"": ""nominal""}, ""y"": {""field"": ""min_stu_gpa_"", ""type"": ""quantitative""}}}"
1023,544@x_name@DESC,How many professors are in each office?,,,,,,,,1,1,1,1,,,,,Bar,Hard,professor,"{""$schema"": ""https://vega.github.io/schema/vega-lite/v6.json"", ""description"": ""Vega-Lite chart for key 544@x_name@DESC"", ""data"": {""values"": [{""PROF_OFFICE"": ""KLR 409B"", ""COUNT_PROF_OFFICE_"": 1}, {""PROF_OFFICE"": ""KLR 333"", ""COUNT_PROF_OFFICE_"": 1}, {""PROF_OFFICE"": ""KLR 300"", ""COUNT_PROF_OFFICE_"": 1}, {""PROF_OFFICE"": ""KLR 284"", ""COUNT_PROF_OFFICE_"": 2}, {""PROF_OFFICE"": ""KLR 244"", ""COUNT_PROF_OFFICE_"": 1}, {""PROF_OFFICE"": ""KLR 229D"", ""COUNT_PROF_OFFICE_"": 1}, {""PROF_OFFICE"": ""KLR 211"", ""COUNT_PROF_OFFICE_"": 1}, {""PROF_OFFICE"": ""KLR 203E"", ""COUNT_PROF_OFFICE_"": 1}, {""PROF_OFFICE"": ""KLR 126"", ""COUNT_PROF_OFFICE_"": 1}, {""PROF_OFFICE"": ""DRE 208"", ""COUNT_PROF_OFFICE_"": 1}, {""PROF_OFFICE"": ""DRE 156"", ""COUNT_PROF_OFFICE_"": 2}, {""PROF_OFFICE"": ""DRE 102"", ""COUNT_PROF_OFFICE_"": 2}, {""PROF_OFFICE"": ""BBG 208"", ""COUNT_PROF_OFFICE_"": 1}, {""PROF_OFFICE"": ""BBG 185"", ""COUNT_PROF_OFFICE_"": 1}, {""PROF_OFFICE"": ""AAK 297"", ""COUNT_PROF_OFFICE_"": 1}, {""PROF_OFFICE"": ""AAK 230"", ""COUNT_PROF_OFFICE_"": 1}, {""PROF_OFFICE"": ""AAK 201"", ""COUNT_PROF_OFFICE_"": 1}, {""PROF_OFFICE"": ""AAK 194"", ""COUNT_PROF_OFFICE_"": 1}, {""PROF_OFFICE"": ""AAK 160"", ""COUNT_PROF_OFFICE_"": 1}]}, ""mark"": ""bar"", ""encoding"": {""x"": {""field"": ""PROF_OFFICE"", ""type"": ""nominal""}, ""y"": {""field"": ""COUNT_PROF_OFFICE_"", ""type"": ""quantitative""}}}"
1024,545@x_name@DESC,What’s the number of professors for each first name?,,,,,,,,1,1,1,1,,,,,Bar,Hard,professor,"{""$schema"": ""https://vega.github.io/schema/vega-lite/v6.json"", ""description"": ""Vega-Lite chart for key 545@x_name@DESC"", ""data"": {""values"": [{""EMP_FNAME"": ""Willa"", ""COUNT_EMP_FNAME_"": 1}, {""EMP_FNAME"": ""Van"", ""COUNT_EMP_FNAME_"": 1}, {""EMP_FNAME"": ""Ross"", ""COUNT_EMP_FNAME_"": 1}, {""EMP_FNAME"": ""Ronald"", ""COUNT_EMP_FNAME_"": 2}, {""EMP_FNAME"": ""Robert"", ""COUNT_EMP_FNAME_"": 2}, {""EMP_FNAME"": ""Ralph"", ""COUNT_EMP_FNAME_"": 1}, {""EMP_FNAME"": ""Preston"", ""COUNT_EMP_FNAME_"": 1}, {""EMP_FNAME"": ""Peter"", ""COUNT_EMP_FNAME_"": 1}, {""EMP_FNAME"": ""Melanie"", ""COUNT_EMP_FNAME_"": 1}, {""EMP_FNAME"": ""James"", ""COUNT_EMP_FNAME_"": 1}, {""EMP_FNAME"": ""Ismael"", ""COUNT_EMP_FNAME_"": 1}, {""EMP_FNAME"": ""Hermine"", ""COUNT_EMP_FNAME_"": 1}, {""EMP_FNAME"": ""Herman"", ""COUNT_EMP_FNAME_"": 1}, {""EMP_FNAME"": ""Gerald"", ""COUNT_EMP_FNAME_"": 1}, {""EMP_FNAME"": ""George"", ""COUNT_EMP_FNAME_"": 1}, {""EMP_FNAME"": ""Doreen"", ""COUNT_EMP_FNAME_"": 1}, {""EMP_FNAME"": ""Carlos"", ""COUNT_EMP_FNAME_"": 1}, {""EMP_FNAME"": ""Arnelle"", ""COUNT_EMP_FNAME_"": 1}, {""EMP_FNAME"": ""Annelise"", ""COUNT_EMP_FNAME_"": 1}, {""EMP_FNAME"": ""Anne"", ""COUNT_EMP_FNAME_"": 1}]}, ""mark"": ""bar"", ""encoding"": {""x"": {""field"": ""EMP_FNAME"", ""type"": ""nominal""}, ""y"": {""field"": ""COUNT_EMP_FNAME_"", ""type"": ""quantitative""}}}"
1026,550@y_name@DESC,How many professors in office DRE 102 were hired each month?,,,,,,,,1,1,1,1,,,,,Bar,Extra Hard,employee,"{""$schema"": ""https://vega.github.io/schema/vega-lite/v6.json"", ""description"": ""Vega-Lite chart for key 550@y_name@DESC"", ""data"": {""values"": [{""EMP_HIREDATE"": ""May"", ""COUNT_EMP_HIREDATE_"": 1}, {""EMP_HIREDATE"": ""Aug"", ""COUNT_EMP_HIREDATE_"": 1}, {""EMP_HIREDATE"": ""June"", ""COUNT_EMP_HIREDATE_"": 0}, {""EMP_HIREDATE"": ""July"", ""COUNT_EMP_HIREDATE_"": 0}]}, ""mark"": ""bar"", ""encoding"": {""x"": {""field"": ""EMP_HIREDATE"", ""type"": ""nominal""}, ""y"": {""field"": ""COUNT_EMP_HIREDATE_"", ""type"": ""quantitative""}}}"
1027,552@y_name@ASC,How many professors with offices in DRE 102 were hired on each weekday?,,,,,,,,1,1,1,1,,,,,Bar,Extra Hard,employee,"{""$schema"": ""https://vega.github.io/schema/vega-lite/v6.json"", ""description"": ""Vega-Lite chart for key 552@y_name@ASC"", ""data"": {""values"": [{""EMP_HIREDATE"": ""Mon"", ""COUNT_EMP_HIREDATE_"": 0}, {""EMP_HIREDATE"": ""Sun"", ""COUNT_EMP_HIREDATE_"": 0}, {""EMP_HIREDATE"": ""Thur"", ""COUNT_EMP_HIREDATE_"": 0}, {""EMP_HIREDATE"": ""Tue"", ""COUNT_EMP_HIREDATE_"": 0}, {""EMP_HIREDATE"": ""Wed"", ""COUNT_EMP_HIREDATE_"": 0}, {""EMP_HIREDATE"": ""Fri"", ""COUNT_EMP_HIREDATE_"": 1}, {""EMP_HIREDATE"": ""Sat"", ""COUNT_EMP_HIREDATE_"": 1}]}, ""mark"": ""bar"", ""encoding"": {""x"": {""field"": ""EMP_HIREDATE"", ""type"": ""nominal""}, ""y"": {""field"": ""COUNT_EMP_HIREDATE_"", ""type"": ""quantitative""}}}"
1028,553@y_name@DESC,How many sections does each course have?,,,,,,,,1,1,1,1,,,,,Bar,Medium,CLASS,"{""$schema"": ""https://vega.github.io/schema/vega-lite/v6.json"", ""description"": ""Vega-Lite chart for key 553@y_name@DESC"", ""data"": {""values"": [{""CRS_CODE"": ""CIS-220"", ""count_"": 3}, {""CRS_CODE"": ""ACCT-211"", ""count_"": 3}, {""CRS_CODE"": ""QM-362"", ""count_"": 2}, {""CRS_CODE"": ""QM-261"", ""count_"": 2}, {""CRS_CODE"": ""ACCT-212"", ""count_"": 2}, {""CRS_CODE"": ""CIS-420"", ""count_"": 1}]}, ""mark"": ""bar"", ""encoding"": {""x"": {""field"": ""CRS_CODE"", ""type"": ""nominal""}, ""y"": {""field"": ""count_"", ""type"": ""quantitative""}}}"
1029,555@y_name@DESC,What’s the number of classes in each department?,,,,,,,,1,1,1,1,,,,,Bar,Hard,CLASS,"{""$schema"": ""https://vega.github.io/schema/vega-lite/v6.json"", ""description"": ""Vega-Lite chart for key 555@y_name@DESC"", ""data"": {""values"": [{""DEPT_CODE"": ""CIS"", ""count_"": 8}, {""DEPT_CODE"": ""ACCT"", ""count_"": 5}]}, ""mark"": ""bar"", ""encoding"": {""x"": {""field"": ""DEPT_CODE"", ""type"": ""nominal""}, ""y"": {""field"": ""count_"", ""type"": ""quantitative""}}}"
1031,564@x_name@ASC,How many students are in each department?,,,,,,,,1,1,1,1,,,,,Bar,Medium,student,"{""$schema"": ""https://vega.github.io/schema/vega-lite/v6.json"", ""description"": ""Vega-Lite chart for key 564@x_name@ASC"", ""data"": {""values"": [{""DEPT_CODE"": ""ACCT"", ""count_"": 3}, {""DEPT_CODE"": ""BIOL"", ""count_"": 1}, {""DEPT_CODE"": ""CIS"", ""count_"": 2}, {""DEPT_CODE"": ""EDU"", ""count_"": 1}, {""DEPT_CODE"": ""ENGL"", ""count_"": 1}]}, ""mark"": ""bar"", ""encoding"": {""x"": {""field"": ""DEPT_CODE"", ""type"": ""nominal""}, ""y"": {""field"": ""count_"", ""type"": ""quantitative""}}}"
1032,576@y_name@DESC,"How many students got an A or C in a course, grouped by first name?",,,,,,,,1,1,1,1,,,,,Bar,Extra Hard,student,"{""$schema"": ""https://vega.github.io/schema/vega-lite/v6.json"", ""description"": ""Vega-Lite chart for key 576@y_name@DESC"", ""data"": {""values"": [{""STU_FNAME"": ""William"", ""COUNT_STU_FNAME_"": 3}, {""STU_FNAME"": ""Anne"", ""COUNT_STU_FNAME_"": 1}]}, ""mark"": ""bar"", ""encoding"": {""x"": {""field"": ""STU_FNAME"", ""type"": ""nominal""}, ""y"": {""field"": ""COUNT_STU_FNAME_"", ""type"": ""quantitative""}}}"
1033,578@y_name@ASC,"How many students earned an A or a C in any course, grouped by last name?",,,,,,,,1,1,1,1,,,,,Bar,Extra Hard,student,"{""$schema"": ""https://vega.github.io/schema/vega-lite/v6.json"", ""description"": ""Vega-Lite chart for key 578@y_name@ASC"", ""data"": {""values"": [{""STU_LNAME"": ""Smithson"", ""COUNT_STU_LNAME_"": 1}, {""STU_LNAME"": ""Bowser"", ""COUNT_STU_LNAME_"": 3}]}, ""mark"": ""bar"", ""encoding"": {""x"": {""field"": ""STU_LNAME"", ""type"": ""nominal""}, ""y"": {""field"": ""COUNT_STU_LNAME_"", ""type"": ""quantitative""}}}"
1035,586@x_name@DESC,How many credits does each department offer?,,,,,,,,1,1,1,1,,,,,Bar,Medium,course,"{""$schema"": ""https://vega.github.io/schema/vega-lite/v6.json"", ""description"": ""Vega-Lite chart for key 586@x_name@DESC"", ""data"": {""values"": [{""DEPT_CODE"": ""CIS"", ""sum_crs_credit_"": 14}, {""DEPT_CODE"": ""ACCT"", ""sum_crs_credit_"": 6}]}, ""mark"": ""bar"", ""encoding"": {""x"": {""field"": ""DEPT_CODE"", ""type"": ""nominal""}, ""y"": {""field"": ""sum_crs_credit_"", ""type"": ""quantitative""}}}"
1036,2156@y_name@DESC,Could you give me the details of CMI master’s programs that have the cross‑reference code “Tax”?,,,,,,,,1,1,1,1,,,,,Bar,Extra Hard,Customer_Master_Index,"{""$schema"": ""https://vega.github.io/schema/vega-lite/v6.json"", ""description"": ""Vega-Lite chart for key 2156@y_name@DESC"", ""data"": {""values"": [{""cmi_details"": ""Volkman, Mills and Ferry"", ""COUNT_cmi_details_"": 3}, {""cmi_details"": ""Schmitt-Lang"", ""COUNT_cmi_details_"": 1}, {""cmi_details"": ""Schmidt, Kertzmann and Lubowitz"", ""COUNT_cmi_details_"": 1}, {""cmi_details"": ""Reynolds-McClure"", ""COUNT_cmi_details_"": 1}]}, ""mark"": ""bar"", ""encoding"": {""x"": {""field"": ""cmi_details"", ""type"": ""nominal""}, ""y"": {""field"": ""COUNT_cmi_details_"", ""type"": ""quantitative""}}}"
1037,686@y_name@DESC,How many companies have offices in the building?,,,,,,,,1,1,1,1,,,,,Bar,Hard,Office_locations,"{""$schema"": ""https://vega.github.io/schema/vega-lite/v6.json"", ""description"": ""Vega-Lite chart for key 686@y_name@DESC"", ""data"": {""values"": [{""name"": ""Petrobras"", ""COUNT_name_"": 3}, {""name"": ""HSBC"", ""COUNT_name_"": 2}, {""name"": ""General Electric"", ""COUNT_name_"": 2}, {""name"": ""ExxonMobil"", ""COUNT_name_"": 2}, {""name"": ""BNP Paribas"", ""COUNT_name_"": 2}, {""name"": ""Total"", ""COUNT_name_"": 1}, {""name"": ""Royal Dutch Shell"", ""COUNT_name_"": 1}, {""name"": ""JPMorgan Chase"", ""COUNT_name_"": 1}, {""name"": ""Industrial and Commercial Bank of China"", ""COUNT_name_"": 1}, {""name"": ""Citigroup"", ""COUNT_name_"": 1}]}, ""mark"": ""bar"", ""encoding"": {""x"": {""field"": ""name"", ""type"": ""nominal""}, ""y"": {""field"": ""COUNT_name_"", ""type"": ""quantitative""}}}"
1038,687@y_name@DESC,Could you show the number of companies per building?,,,,,,,,1,1,1,1,,,,,Bar,Hard,Office_locations,"{""$schema"": ""https://vega.github.io/schema/vega-lite/v6.json"", ""description"": ""Vega-Lite chart for key 687@y_name@DESC"", ""data"": {""values"": [{""name"": ""Punto Chapultepec"", ""COUNT_name_"": 4}, {""name"": ""Torre Mitikah"", ""COUNT_name_"": 2}, {""name"": ""Corporativo BBVA Bancomer"", ""COUNT_name_"": 2}, {""name"": ""Torre Reforma"", ""COUNT_name_"": 1}, {""name"": ""Torre New York Life"", ""COUNT_name_"": 1}, {""name"": ""Torre KOI"", ""COUNT_name_"": 1}, {""name"": ""Residencial Vidalta Torre Altaire 3"", ""COUNT_name_"": 1}, {""name"": ""Residencial Vidalta Torre Altaire 2"", ""COUNT_name_"": 1}, {""name"": ""Reforma 90"", ""COUNT_name_"": 1}, {""name"": ""Reforma 432"", ""COUNT_name_"": 1}, {""name"": ""LIU East"", ""COUNT_name_"": 1}]}, ""mark"": ""bar"", ""encoding"": {""x"": {""field"": ""name"", ""type"": ""nominal""}, ""y"": {""field"": ""COUNT_name_"", ""type"": ""quantitative""}}}"
1039,172@y_name@ASC,Can you show a chart of the battle dates?,,,,,,,,1,1,1,1,,,,,Bar,Medium,battle,"{""$schema"": ""https://vega.github.io/schema/vega-lite/v6.json"", ""description"": ""Vega-Lite chart for key 172@y_name@ASC"", ""data"": {""values"": [{""date"": ""1235"", ""COUNT_date_"": 1}, {""date"": ""14 April 1205"", ""COUNT_date_"": 1}, {""date"": ""31 January 1206"", ""COUNT_date_"": 1}, {""date"": ""31 June 1208"", ""COUNT_date_"": 1}, {""date"": ""4 September 1207"", ""COUNT_date_"": 1}, {""date"": ""February 1206"", ""COUNT_date_"": 1}, {""date"": ""June 1205"", ""COUNT_date_"": 2}]}, ""mark"": ""bar"", ""encoding"": {""x"": {""field"": ""date"", ""type"": ""nominal""}, ""y"": {""field"": ""COUNT_date_"", ""type"": ""quantitative""}}}"
1040,1210@y_name@ASC,How many dorms are there for each gender?,,,,,,,,1,1,1,1,,,,,Bar,Medium,dorm,"{""$schema"": ""https://vega.github.io/schema/vega-lite/v6.json"", ""description"": ""Vega-Lite chart for key 1210@y_name@ASC"", ""data"": {""values"": [{""gender"": ""F"", ""count_"": 1}, {""gender"": ""M"", ""count_"": 1}, {""gender"": ""X"", ""count_"": 5}]}, ""mark"": ""bar"", ""encoding"": {""x"": {""field"": ""gender"", ""type"": ""nominal""}, ""y"": {""field"": ""count_"", ""type"": ""quantitative""}}}"
1041,1215@y_name@DESC,"How many students aren’t in the most popular major, grouped by first name?",,,,,,,,1,1,1,1,,,,,Bar,Hard,student,"{""$schema"": ""https://vega.github.io/schema/vega-lite/v6.json"", ""description"": ""Vega-Lite chart for key 1215@y_name@DESC"", ""data"": {""values"": [{""Fname"": ""Eric"", ""COUNT_Fname_"": 4}, {""Fname"": ""Sarah"", ""COUNT_Fname_"": 2}, {""Fname"": ""William"", ""COUNT_Fname_"": 1}, {""Fname"": ""Stacy"", ""COUNT_Fname_"": 1}, {""Fname"": ""Paul"", ""COUNT_Fname_"": 1}, {""Fname"": ""Michael"", ""COUNT_Fname_"": 1}, {""Fname"": ""Mark"", ""COUNT_Fname_"": 1}, {""Fname"": ""Lisa"", ""COUNT_Fname_"": 1}, {""Fname"": ""Jun"", ""COUNT_Fname_"": 1}, {""Fname"": ""Ian"", ""COUNT_Fname_"": 1}, {""Fname"": ""George"", ""COUNT_Fname_"": 1}, {""Fname"": ""David"", ""COUNT_Fname_"": 1}]}, ""mark"": ""bar"", ""encoding"": {""x"": {""field"": ""Fname"", ""type"": ""nominal""}, ""y"": {""field"": ""COUNT_Fname_"", ""type"": ""quantitative""}}}"
1042,1217@x_name@DESC,"Which students live in Smith Hall, and how many there are for each first name?",,,,,,,,1,1,1,1,,,,,Bar,Extra Hard,student,"{""$schema"": ""https://vega.github.io/schema/vega-lite/v6.json"", ""description"": ""Vega-Lite chart for key 1217@x_name@DESC"", ""data"": {""values"": [{""Fname"": ""Tracy"", ""COUNT_Fname_"": 1}, {""Fname"": ""Stacy"", ""COUNT_Fname_"": 1}, {""Fname"": ""Shiela"", ""COUNT_Fname_"": 1}, {""Fname"": ""Sarah"", ""COUNT_Fname_"": 2}, {""Fname"": ""Michael"", ""COUNT_Fname_"": 1}]}, ""mark"": ""bar"", ""encoding"": {""x"": {""field"": ""Fname"", ""type"": ""nominal""}, ""y"": {""field"": ""COUNT_Fname_"", ""type"": ""quantitative""}}}"
1043,1220@x_name@DESC,What’s the average age of male students in each city?,,,,,,,,1,1,1,1,,,,,Bar,Hard,student,"{""$schema"": ""https://vega.github.io/schema/vega-lite/v6.json"", ""description"": ""Vega-Lite chart for key 1220@x_name@DESC"", ""data"": {""values"": [{""city_code"": ""YYZ"", ""avg_age_"": 22.5}, {""city_code"": ""WAS"", ""avg_age_"": 18}, {""city_code"": ""ROC"", ""avg_age_"": 20}, {""city_code"": ""PIT"", ""avg_age_"": 19.33333333333333}, {""city_code"": ""PHL"", ""avg_age_"": 19.5}, {""city_code"": ""PEK"", ""avg_age_"": 17}, {""city_code"": ""NYC"", ""avg_age_"": 20.33333333333333}, {""city_code"": ""NAR"", ""avg_age_"": 18}, {""city_code"": ""LOS"", ""avg_age_"": 18}, {""city_code"": ""LON"", ""avg_age_"": 27}, {""city_code"": ""HOU"", ""avg_age_"": 17}, {""city_code"": ""HKG"", ""avg_age_"": 19}, {""city_code"": ""DET"", ""avg_age_"": 17}, {""city_code"": ""DAL"", ""avg_age_"": 18}, {""city_code"": ""CHI"", ""avg_age_"": 20}, {""city_code"": ""BOS"", ""avg_age_"": 18}, {""city_code"": ""BAL"", ""avg_age_"": 18}, {""city_code"": ""ATL"", ""avg_age_"": 20}]}, ""mark"": ""bar"", ""encoding"": {""x"": {""field"": ""city_code"", ""type"": ""nominal""}, ""y"": {""field"": ""avg_age_"", ""type"": ""quantitative""}}}"
1045,1224@y_name@DESC,How many students over 20 are in each dorm?,,,,,,,,1,1,1,1,,,,,Bar,Extra Hard,student,"{""$schema"": ""https://vega.github.io/schema/vega-lite/v6.json"", ""description"": ""Vega-Lite chart for key 1224@y_name@DESC"", ""data"": {""values"": [{""dorm_name"": ""Smith Hall"", ""count_"": 2}, {""dorm_name"": ""Fawlty Towers"", ""count_"": 2}, {""dorm_name"": ""Dorm-plex 2000"", ""count_"": 2}, {""dorm_name"": ""Anonymous Donor Hall"", ""count_"": 1}]}, ""mark"": ""bar"", ""encoding"": {""x"": {""field"": ""dorm_name"", ""type"": ""nominal""}, ""y"": {""field"": ""count_"", ""type"": ""quantitative""}}}"
1046,1225@y_name@DESC,"How many students are younger than the average age, grouped by first name?",,,,,,,,1,1,1,1,,,,,Bar,Hard,student,"{""$schema"": ""https://vega.github.io/schema/vega-lite/v6.json"", ""description"": ""Vega-Lite chart for key 1225@y_name@DESC"", ""data"": {""values"": [{""Fname"": ""Eric"", ""COUNT_Fname_"": 3}, {""Fname"": ""Mark"", ""COUNT_Fname_"": 2}, {""Fname"": ""William"", ""COUNT_Fname_"": 1}, {""Fname"": ""Tracy"", ""COUNT_Fname_"": 1}, {""Fname"": ""Susan"", ""COUNT_Fname_"": 1}, {""Fname"": ""Stacy"", ""COUNT_Fname_"": 1}, {""Fname"": ""Paul"", ""COUNT_Fname_"": 1}, {""Fname"": ""Michael"", ""COUNT_Fname_"": 1}, {""Fname"": ""Lisa"", ""COUNT_Fname_"": 1}, {""Fname"": ""Linda"", ""COUNT_Fname_"": 1}, {""Fname"": ""Jun"", ""COUNT_Fname_"": 1}, {""Fname"": ""George"", ""COUNT_Fname_"": 1}, {""Fname"": ""Derek"", ""COUNT_Fname_"": 1}, {""Fname"": ""Charles"", ""COUNT_Fname_"": 1}, {""Fname"": ""Arthur"", ""COUNT_Fname_"": 1}, {""Fname"": ""Andy"", ""COUNT_Fname_"": 1}]}, ""mark"": ""bar"", ""encoding"": {""x"": {""field"": ""Fname"", ""type"": ""nominal""}, ""y"": {""field"": ""COUNT_Fname_"", ""type"": ""quantitative""}}}"
1047,1226@y_name@DESC,"Which students are younger than the average age, grouped by their last names?",,,,,,,,1,1,1,1,,,,,Bar,Hard,student,"{""$schema"": ""https://vega.github.io/schema/vega-lite/v6.json"", ""description"": ""Vega-Lite chart for key 1226@y_name@DESC"", ""data"": {""values"": [{""LName"": ""Pang"", ""COUNT_LName_"": 2}, {""LName"": ""Lee"", ""COUNT_LName_"": 2}, {""LName"": ""Woods"", ""COUNT_LName_"": 1}, {""LName"": ""Tai"", ""COUNT_LName_"": 1}, {""LName"": ""Smith"", ""COUNT_LName_"": 1}, {""LName"": ""Simms"", ""COUNT_LName_"": 1}, {""LName"": ""Schwartz"", ""COUNT_LName_"": 1}, {""LName"": ""Schultz"", ""COUNT_LName_"": 1}, {""LName"": ""Prater"", ""COUNT_LName_"": 1}, {""LName"": ""Norris"", ""COUNT_LName_"": 1}, {""LName"": ""Kim"", ""COUNT_LName_"": 1}, {""LName"": ""Han"", ""COUNT_LName_"": 1}, {""LName"": ""Goldman"", ""COUNT_LName_"": 1}, {""LName"": ""Epp"", ""COUNT_LName_"": 1}, {""LName"": ""Brody"", ""COUNT_LName_"": 1}, {""LName"": ""Apap"", ""COUNT_LName_"": 1}, {""LName"": ""Andreou"", ""COUNT_LName_"": 1}]}, ""mark"": ""bar"", ""encoding"": {""x"": {""field"": ""LName"", ""type"": ""nominal""}, ""y"": {""field"": ""COUNT_LName_"", ""type"": ""quantitative""}}}"
1048,1227@x_name@DESC,How many students living in a dorm with a TV lounge are there for each first name?,,,,,,,,1,1,1,1,,,,,Bar,Extra Hard,student,"{""$schema"": ""https://vega.github.io/schema/vega-lite/v6.json"", ""description"": ""Vega-Lite chart for key 1227@x_name@DESC"", ""data"": {""values"": [{""Fname"": ""Susan"", ""COUNT_Fname_"": 1}, {""Fname"": ""Steven"", ""COUNT_Fname_"": 1}, {""Fname"": ""Paul"", ""COUNT_Fname_"": 2}, {""Fname"": ""Michael"", ""COUNT_Fname_"": 1}, {""Fname"": ""Mark"", ""COUNT_Fname_"": 2}, {""Fname"": ""Lisa"", ""COUNT_Fname_"": 2}, {""Fname"": ""Linda"", ""COUNT_Fname_"": 1}, {""Fname"": ""Jun"", ""COUNT_Fname_"": 1}, {""Fname"": ""Jandy"", ""COUNT_Fname_"": 1}, {""Fname"": ""Ian"", ""COUNT_Fname_"": 1}, {""Fname"": ""George"", ""COUNT_Fname_"": 1}, {""Fname"": ""Eric"", ""COUNT_Fname_"": 3}, {""Fname"": ""Dinesh"", ""COUNT_Fname_"": 1}, {""Fname"": ""Derek"", ""COUNT_Fname_"": 1}, {""Fname"": ""David"", ""COUNT_Fname_"": 2}, {""Fname"": ""Bruce"", ""COUNT_Fname_"": 1}]}, ""mark"": ""bar"", ""encoding"": {""x"": {""field"": ""Fname"", ""type"": ""nominal""}, ""y"": {""field"": ""COUNT_Fname_"", ""type"": ""quantitative""}}}"
1049,1235@x_name@DESC,How many students are older than the average for each gender?,,,,,,,,1,1,1,1,,,,,Bar,Medium,student,"{""$schema"": ""https://vega.github.io/schema/vega-lite/v6.json"", ""description"": ""Vega-Lite chart for key 1235@x_name@DESC"", ""data"": {""values"": [{""Sex"": ""M"", ""count_"": 10}, {""Sex"": ""F"", ""count_"": 5}]}, ""mark"": ""bar"", ""encoding"": {""x"": {""field"": ""Sex"", ""type"": ""nominal""}, ""y"": {""field"": ""count_"", ""type"": ""quantitative""}}}"
1050,1237@y_name@ASC,What’s the average age of students by gender?,,,,,,,,1,1,1,1,,,,,Bar,Medium,student,"{""$schema"": ""https://vega.github.io/schema/vega-lite/v6.json"", ""description"": ""Vega-Lite chart for key 1237@y_name@ASC"", ""data"": {""values"": [{""Sex"": ""M"", ""avg_age_"": 19.5}, {""Sex"": ""F"", ""avg_age_"": 19.7}]}, ""mark"": ""bar"", ""encoding"": {""x"": {""field"": ""Sex"", ""type"": ""nominal""}, ""y"": {""field"": ""avg_age_"", ""type"": ""quantitative""}}}"
1051,1238@x_name@ASC,What’s the oldest age for students of each gender?,,,,,,,,1,1,1,1,,,,,Bar,Easy,student,"{""$schema"": ""https://vega.github.io/schema/vega-lite/v6.json"", ""description"": ""Vega-Lite chart for key 1238@x_name@ASC"", ""data"": {""values"": [{""Sex"": ""F"", ""max_age_"": 26}, {""Sex"": ""M"", ""max_age_"": 27}]}, ""mark"": ""bar"", ""encoding"": {""x"": {""field"": ""Sex"", ""type"": ""nominal""}, ""y"": {""field"": ""max_age_"", ""type"": ""quantitative""}}}"
1052,2610@y_name@ASC,Show a chart of good customers’ first names and their gender.,,,,,,,,1,1,1,1,,,,,Bar,Medium,customers,"{""$schema"": ""https://vega.github.io/schema/vega-lite/v6.json"", ""description"": ""Vega-Lite chart for key 2610@y_name@ASC"", ""data"": {""values"": [{""first_name"": ""Geovany"", ""gender_mf"": 0}, {""first_name"": ""Jailyn"", ""gender_mf"": 0}, {""first_name"": ""Rosalee"", ""gender_mf"": 0}, {""first_name"": ""Ericka"", ""gender_mf"": 0}, {""first_name"": ""Elinore"", ""gender_mf"": 0}, {""first_name"": ""Maximilian"", ""gender_mf"": 0}, {""first_name"": ""Vergie"", ""gender_mf"": 0}, {""first_name"": ""Marilou"", ""gender_mf"": 1}, {""first_name"": ""German"", ""gender_mf"": 1}, {""first_name"": ""Laury"", ""gender_mf"": 1}, {""first_name"": ""Tyler"", ""gender_mf"": 1}]}, ""mark"": ""bar"", ""encoding"": {""x"": {""field"": ""first_name"", ""type"": ""nominal""}, ""y"": {""field"": ""gender_mf"", ""type"": ""quantitative""}}}"
1053,2614@x_name@DESC,"What’s the number of bookings each customer made, with first names and booking counts?",,,,,,,,1,1,1,0,,,,,Bar,Hard,Customers,"{""$schema"": ""https://vega.github.io/schema/vega-lite/v6.json"", ""description"": ""Vega-Lite chart for key 2614@x_name@DESC"", ""data"": {""values"": [{""first_name"": ""Rosalee"", ""count_"": 4}, {""first_name"": ""Maximilian"", ""count_"": 1}, {""first_name"": ""Marilou"", ""count_"": 3}, {""first_name"": ""Layne"", ""count_"": 2}, {""first_name"": ""Jamir"", ""count_"": 1}, {""first_name"": ""German"", ""count_"": 2}, {""first_name"": ""Elinore"", ""count_"": 2}]}, ""mark"": ""bar"", ""encoding"": {""x"": {""field"": ""first_name"", ""type"": ""nominal""}, ""y"": {""field"": ""count_"", ""type"": ""quantitative""}}}"
1054,2771@x_name@ASC,What are the singers’ names and their total song sales?,,,,,,,,1,1,1,1,,,,,Bar,Hard,singer,"{""$schema"": ""https://vega.github.io/schema/vega-lite/v6.json"", ""description"": ""Vega-Lite chart for key 2771@x_name@ASC"", ""data"": {""values"": [{""Name"": ""Christy Walton"", ""sum_T2_Sales_"": 651421}, {""Name"": ""Gina Rinehart"", ""sum_T2_Sales_"": 292000}, {""Name"": ""Iris Fontbona"", ""sum_T2_Sales_"": 335000}, {""Name"": ""Jacqueline Mars"", ""sum_T2_Sales_"": 275000}, {""Name"": ""Liliane Bettencourt"", ""sum_T2_Sales_"": 1646407}, {""Name"": ""Susanne Klatten"", ""sum_T2_Sales_"": 261000}]}, ""mark"": ""bar"", ""encoding"": {""x"": {""field"": ""Name"", ""type"": ""nominal""}, ""y"": {""field"": ""sum_T2_Sales_"", ""type"": ""quantitative""}}}"
1056,2774@x_name@ASC,Could you display a chart of singers by citizenship?,,,,,,,,1,1,1,1,,,,,Bar,Medium,singer,"{""$schema"": ""https://vega.github.io/schema/vega-lite/v6.json"", ""description"": ""Vega-Lite chart for key 2774@x_name@ASC"", ""data"": {""values"": [{""Citizenship"": ""Australia"", ""COUNT_"": 1}, {""Citizenship"": ""Chile"", ""COUNT_"": 1}, {""Citizenship"": ""France"", ""COUNT_"": 1}, {""Citizenship"": ""Germany"", ""COUNT_"": 1}, {""Citizenship"": ""United States"", ""COUNT_"": 4}]}, ""mark"": ""bar"", ""encoding"": {""x"": {""field"": ""Citizenship"", ""type"": ""nominal""}, ""y"": {""field"": ""COUNT_"", ""type"": ""quantitative""}}}"
1058,279@y_name@DESC,Could you show a chart of monthly incident counts for the “NOISE” type?,,,,,,,,1,1,1,1,,,,,Bar,Hard,Behavior_Incident,"{""$schema"": ""https://vega.github.io/schema/vega-lite/v6.json"", ""description"": ""Vega-Lite chart for key 279@y_name@DESC"", ""data"": {""values"": [{""date_incident_end"": ""Mar"", ""COUNT_date_incident_end_"": 5}, {""date_incident_end"": ""Feb"", ""COUNT_date_incident_end_"": 1}]}, ""mark"": ""bar"", ""encoding"": {""x"": {""field"": ""date_incident_end"", ""type"": ""nominal""}, ""y"": {""field"": ""COUNT_date_incident_end_"", ""type"": ""quantitative""}}}"
1059,3267@y_name@ASC,"Which continents have an average life expectancy below 72, and what are their total populations?",,,,,,,,1,1,1,1,,,,,Bar,Hard,country,"{""$schema"": ""https://vega.github.io/schema/vega-lite/v6.json"", ""description"": ""Vega-Lite chart for key 3267@y_name@ASC"", ""data"": {""values"": [{""Continent"": ""Oceania"", ""sum_Population_"": 30401150}, {""Continent"": ""South America"", ""sum_Population_"": 345780000}, {""Continent"": ""Africa"", ""sum_Population_"": 784475000}, {""Continent"": ""Asia"", ""sum_Population_"": 3705025700}]}, ""mark"": ""bar"", ""encoding"": {""x"": {""field"": ""Continent"", ""type"": ""nominal""}, ""y"": {""field"": ""sum_Population_"", ""type"": ""quantitative""}}}"
1061,3071@y_name@ASC,What are the total enrollments for each university affiliation type?,,,,,,,,1,1,1,1,,,,,Bar,Medium,university,"{""$schema"": ""https://vega.github.io/schema/vega-lite/v6.json"", ""description"": ""Vega-Lite chart for key 3071@y_name@ASC"", ""data"": {""values"": [{""Affiliation"": ""Private/Methodist"", ""sum_enrollment_"": 2100}, {""Affiliation"": ""Public"", ""sum_enrollment_"": 119027}]}, ""mark"": ""bar"", ""encoding"": {""x"": {""field"": ""Affiliation"", ""type"": ""nominal""}, ""y"": {""field"": ""sum_enrollment_"", ""type"": ""quantitative""}}}"
1062,3123@x_name@DESC,"What’s the distribution of ACC_Road values and their amounts, grouped by ACC_Roa?",,,,,,,,1,1,1,1,,,,,Bar,Medium,basketball_match,"{""$schema"": ""https://vega.github.io/schema/vega-lite/v6.json"", ""description"": ""Vega-Lite chart for key 3123@x_name@DESC"", ""data"": {""values"": [{""ACC_Road"": ""8-0"", ""COUNT_ACC_Road_"": 1}, {""ACC_Road"": ""6-2"", ""COUNT_ACC_Road_"": 1}, {""ACC_Road"": ""3-5"", ""COUNT_ACC_Road_"": 2}]}, ""mark"": ""bar"", ""encoding"": {""x"": {""field"": ""ACC_Road"", ""type"": ""nominal""}, ""y"": {""field"": ""COUNT_ACC_Road_"", ""type"": ""quantitative""}}}"
1063,3124@x_name@ASC,"Could you show a chart of the All_Home distribution, grouped by the All_Home attribute?",,,,,,,,1,1,1,1,,,,,Bar,Medium,basketball_match,"{""$schema"": ""https://vega.github.io/schema/vega-lite/v6.json"", ""description"": ""Vega-Lite chart for key 3124@x_name@ASC"", ""data"": {""values"": [{""All_Home"": ""14-2"", ""COUNT_All_Home_"": 2}, {""All_Home"": ""14-3"", ""COUNT_All_Home_"": 1}, {""All_Home"": ""15-1"", ""COUNT_All_Home_"": 1}]}, ""mark"": ""bar"", ""encoding"": {""x"": {""field"": ""All_Home"", ""type"": ""nominal""}, ""y"": {""field"": ""COUNT_All_Home_"", ""type"": ""quantitative""}}}"
1064,3134@y_name@ASC,Could you show a chart of each team’s all_games_percent?,,,,,,,,1,1,1,1,,,,,Bar,Easy,basketball_match,"{""$schema"": ""https://vega.github.io/schema/vega-lite/v6.json"", ""description"": ""Vega-Lite chart for key 3134@y_name@ASC"", ""data"": {""values"": [{""Team_Name"": ""Virginia Tech"", ""All_Games_Percent"": 0.6}, {""Team_Name"": ""Clemson"", ""All_Games_Percent"": 0.706}, {""Team_Name"": ""Duke"", ""All_Games_Percent"": 0.8240000000000001}, {""Team_Name"": ""North Carolina"", ""All_Games_Percent"": 0.946}]}, ""mark"": ""bar"", ""encoding"": {""x"": {""field"": ""Team_Name"", ""type"": ""nominal""}, ""y"": {""field"": ""All_Games_Percent"", ""type"": ""quantitative""}}}"
1065,3135@y_name@ASC,Could you show a chart comparing ACC_Percent with ACC_Regular_Season?,,,,,,,,1,0,1,0,,,,,Bar,Easy,basketball_match,"{""$schema"": ""https://vega.github.io/schema/vega-lite/v6.json"", ""description"": ""Vega-Lite chart for key 3135@y_name@ASC"", ""data"": {""values"": [{""ACC_Regular_Season"": ""9-7"", ""ACC_Percent"": 0.563}, {""ACC_Regular_Season"": ""10-6"", ""ACC_Percent"": 0.625}, {""ACC_Regular_Season"": ""13-3"", ""ACC_Percent"": 0.813}, {""ACC_Regular_Season"": ""14-2"", ""ACC_Percent"": 0.875}]}, ""mark"": ""bar"", ""encoding"": {""x"": {""field"": ""ACC_Regular_Season"", ""type"": ""nominal""}, ""y"": {""field"": ""ACC_Percent"", ""type"": ""quantitative""}}}"
1066,3137@y_name@DESC,Could you show a chart comparing All_Games_Percent across the ACC regular season?,,,,,,,,1,1,1,1,,,,,Bar,Easy,basketball_match,"{""$schema"": ""https://vega.github.io/schema/vega-lite/v6.json"", ""description"": ""Vega-Lite chart for key 3137@y_name@DESC"", ""data"": {""values"": [{""ACC_Regular_Season"": ""14-2"", ""All_Games_Percent"": 0.946}, {""ACC_Regular_Season"": ""13-3"", ""All_Games_Percent"": 0.8240000000000001}, {""ACC_Regular_Season"": ""10-6"", ""All_Games_Percent"": 0.706}, {""ACC_Regular_Season"": ""9-7"", ""All_Games_Percent"": 0.6}]}, ""mark"": ""bar"", ""encoding"": {""x"": {""field"": ""ACC_Regular_Season"", ""type"": ""nominal""}, ""y"": {""field"": ""All_Games_Percent"", ""type"": ""quantitative""}}}"
1067,3138@x_name@ASC,show the distribution of All_Games and ACC_Percent?,,,,,,,,1,1,1,1,,,,,Bar,Easy,basketball_match,"{""$schema"": ""https://vega.github.io/schema/vega-lite/v6.json"", ""description"": ""Vega-Lite chart for key 3138@x_name@ASC"", ""data"": {""values"": [{""All_Games"": ""21-14"", ""ACC_Percent"": 0.563}, {""All_Games"": ""24-10"", ""ACC_Percent"": 0.625}, {""All_Games"": ""28-6"", ""ACC_Percent"": 0.813}, {""All_Games"": ""35-2"", ""ACC_Percent"": 0.875}]}, ""mark"": ""bar"", ""encoding"": {""x"": {""field"": ""All_Games"", ""type"": ""nominal""}, ""y"": {""field"": ""ACC_Percent"", ""type"": ""quantitative""}}}"
1070,3144@x_name@DESC,What’s the distribution of All_Neutral and ACC_Percent?,,,,,,,,1,1,1,1,,,,,Bar,Easy,basketball_match,"{""$schema"": ""https://vega.github.io/schema/vega-lite/v6.json"", ""description"": ""Vega-Lite chart for key 3144@x_name@DESC"", ""data"": {""values"": [{""All_Neutral"": ""9-1"", ""ACC_Percent"": 0.875}, {""All_Neutral"": ""5-3"", ""ACC_Percent"": 0.813}, {""All_Neutral"": ""4-3"", ""ACC_Percent"": 0.625}, {""All_Neutral"": ""3-3"", ""ACC_Percent"": 0.563}]}, ""mark"": ""bar"", ""encoding"": {""x"": {""field"": ""All_Neutral"", ""type"": ""nominal""}, ""y"": {""field"": ""ACC_Percent"", ""type"": ""quantitative""}}}"
1071,3146@x_name@DESC,Could you plot a chart of all_games_percent for the neutral group?,,,,,,,,0,1,0,1,,,,,Bar,Easy,basketball_match,"{""$schema"": ""https://vega.github.io/schema/vega-lite/v6.json"", ""description"": ""Vega-Lite chart for key 3146@x_name@DESC"", ""data"": {""values"": [{""All_Neutral"": ""9-1"", ""All_Games_Percent"": 0.946}, {""All_Neutral"": ""5-3"", ""All_Games_Percent"": 0.8240000000000001}, {""All_Neutral"": ""4-3"", ""All_Games_Percent"": 0.706}, {""All_Neutral"": ""3-3"", ""All_Games_Percent"": 0.6}]}, ""mark"": ""bar"", ""encoding"": {""x"": {""field"": ""All_Neutral"", ""type"": ""nominal""}, ""y"": {""field"": ""All_Games_Percent"", ""type"": ""quantitative""}}}"
1072,2349@y_name@ASC,What’s the count of lenses for each brandl?,,,,,,,,1,1,1,1,,,,,Bar,Medium,camera_lens,"{""$schema"": ""https://vega.github.io/schema/vega-lite/v6.json"", ""description"": ""Vega-Lite chart for key 2349@y_name@ASC"", ""data"": {""values"": [{""brand"": ""Schneider Kreuznach"", ""COUNT_brand_"": 2}, {""brand"": ""Olympus"", ""COUNT_brand_"": 3}, {""brand"": ""Panasonic"", ""COUNT_brand_"": 3}, {""brand"": ""Sigma"", ""COUNT_brand_"": 3}]}, ""mark"": ""bar"", ""encoding"": {""x"": {""field"": ""brand"", ""type"": ""nominal""}, ""y"": {""field"": ""COUNT_brand_"", ""type"": ""quantitative""}}}"
1073,2596@x_name@ASC,How many attributes does each attribute-definition name have with a value of 0?,,,,,,,,1,1,1,1,,,,,Bar,Extra Hard,Attribute_Definitions,"{""$schema"": ""https://vega.github.io/schema/vega-lite/v6.json"", ""description"": ""Vega-Lite chart for key 2596@x_name@ASC"", ""data"": {""values"": [{""attribute_name"": ""Black"", ""COUNT_attribute_name_"": 3}, {""attribute_name"": ""Sweet"", ""COUNT_attribute_name_"": 3}, {""attribute_name"": ""Yellow"", ""COUNT_attribute_name_"": 2}]}, ""mark"": ""bar"", ""encoding"": {""x"": {""field"": ""attribute_name"", ""type"": ""nominal""}, ""y"": {""field"": ""COUNT_attribute_name_"", ""type"": ""quantitative""}}}"
1074,2600@y_name@ASC,"Which catalogs have a level number above 5, and for each catalog name, how many publications fall into each year interval?",,,,,,,,1,0,1,1,,,,,Stacked Bar,Extra Hard,product_catalog,"{""$schema"": ""https://vega.github.io/schema/vega-lite/v6.json"", ""description"": ""Vega-Lite chart for key 2600@y_name@ASC"", ""data"": {""values"": [{""classify"": ""Coffee Bean"", ""date_of_publication"": ""2012"", ""COUNT_date_of_publication_"": 1}, {""classify"": ""Coffee Bean"", ""date_of_publication"": ""2011"", ""COUNT_date_of_publication_"": 0}, {""classify"": ""Jam"", ""date_of_publication"": ""2012"", ""COUNT_date_of_publication_"": 0}, {""classify"": ""Jam"", ""date_of_publication"": ""2011"", ""COUNT_date_of_publication_"": 1}]}, ""mark"": ""bar"", ""encoding"": {""x"": {""field"": ""date_of_publication"", ""type"": ""nominal""}, ""y"": {""field"": ""COUNT_date_of_publication_"", ""type"": ""quantitative""}, ""color"": {""field"": ""classify"", ""type"": ""nominal""}}}"
1075,2602@y_name@DESC,"Which dates have multiple revisions, and for each of those dates place the latest revision into its weekday bucket.",,,,,,,,1,1,1,0,,,,,Bar,Medium,Catalogs,"{""$schema"": ""https://vega.github.io/schema/vega-lite/v6.json"", ""description"": ""Vega-Lite chart for key 2602@y_name@DESC"", ""data"": {""values"": [{""date_of_latest_revision"": ""Thur"", ""COUNT_date_of_latest_revision_"": 2}, {""date_of_latest_revision"": ""Tue"", ""COUNT_date_of_latest_revision_"": 1}, {""date_of_latest_revision"": ""Mon"", ""COUNT_date_of_latest_revision_"": 1}, {""date_of_latest_revision"": ""Wed"", ""COUNT_date_of_latest_revision_"": 0}, {""date_of_latest_revision"": ""Sun"", ""COUNT_date_of_latest_revision_"": 0}, {""date_of_latest_revision"": ""Sat"", ""COUNT_date_of_latest_revision_"": 0}, {""date_of_latest_revision"": ""Fri"", ""COUNT_date_of_latest_revision_"": 0}]}, ""mark"": ""bar"", ""encoding"": {""x"": {""field"": ""date_of_latest_revision"", ""type"": ""nominal""}, ""y"": {""field"": ""COUNT_date_of_latest_revision_"", ""type"": ""quantitative""}}}"
1077,2902@x_name@DESC,How many entries does each section_description have?,,,,,,,,1,1,1,1,,,,,Bar,Medium,Sections,"{""$schema"": ""https://vega.github.io/schema/vega-lite/v6.json"", ""description"": ""Vega-Lite chart for key 2902@x_name@DESC"", ""data"": {""values"": [{""section_description"": ""voluptatem"", ""COUNT_section_description_"": 1}, {""section_description"": ""voluptas"", ""COUNT_section_description_"": 1}, {""section_description"": ""reprehenderit"", ""COUNT_section_description_"": 1}, {""section_description"": ""quis"", ""COUNT_section_description_"": 1}, {""section_description"": ""qui"", ""COUNT_section_description_"": 2}, {""section_description"": ""provident"", ""COUNT_section_description_"": 1}, {""section_description"": ""non"", ""COUNT_section_description_"": 1}, {""section_description"": ""nesciunt"", ""COUNT_section_description_"": 1}, {""section_description"": ""facilis"", ""COUNT_section_description_"": 1}, {""section_description"": ""ex"", ""COUNT_section_description_"": 1}, {""section_description"": ""et"", ""COUNT_section_description_"": 2}, {""section_description"": ""doloremque"", ""COUNT_section_description_"": 1}, {""section_description"": ""ad"", ""COUNT_section_description_"": 1}]}, ""mark"": ""bar"", ""encoding"": {""x"": {""field"": ""section_description"", ""type"": ""nominal""}, ""y"": {""field"": ""COUNT_section_description_"", ""type"": ""quantitative""}}}"
1078,1399@x_name@ASC,Which studios have produced how many films?,,,,,,,,1,1,1,1,,,,,Bar,Medium,film,"{""$schema"": ""https://vega.github.io/schema/vega-lite/v6.json"", ""description"": ""Vega-Lite chart for key 1399@x_name@ASC"", ""data"": {""values"": [{""Studio"": ""20th Century Fox"", ""COUNT_"": 2}, {""Studio"": ""Columbia"", ""COUNT_"": 2}, {""Studio"": ""Columbia / Rastar"", ""COUNT_"": 1}, {""Studio"": ""MGM"", ""COUNT_"": 1}, {""Studio"": ""Orion / Carolco"", ""COUNT_"": 1}, {""Studio"": ""Paramount"", ""COUNT_"": 2}, {""Studio"": ""Paramount / Lorimar"", ""COUNT_"": 1}, {""Studio"": ""United Artists"", ""COUNT_"": 1}, {""Studio"": ""Universal"", ""COUNT_"": 1}, {""Studio"": ""Universal / RKO"", ""COUNT_"": 1}]}, ""mark"": ""bar"", ""encoding"": {""x"": {""field"": ""Studio"", ""type"": ""nominal""}, ""y"": {""field"": ""COUNT_"", ""type"": ""quantitative""}}}"
1079,2933@x_name@DESC,Could you display each artist’s name with their number of exhibitions?,,,,,,,,1,1,1,1,,,,,Bar,Hard,exhibition,"{""$schema"": ""https://vega.github.io/schema/vega-lite/v6.json"", ""description"": ""Vega-Lite chart for key 2933@x_name@DESC"", ""data"": {""values"": [{""Name"": ""Vijay Singh"", ""count_"": 2}, {""Name"": ""Paul Azinger"", ""count_"": 1}, {""Name"": ""Nick Price"", ""count_"": 1}, {""Name"": ""John Daly"", ""count_"": 1}, {""Name"": ""Jeff Sluman"", ""count_"": 1}]}, ""mark"": ""bar"", ""encoding"": {""x"": {""field"": ""Name"", ""type"": ""nominal""}, ""y"": {""field"": ""count_"", ""type"": ""quantitative""}}}"
1080,2935@x_name@ASC,What were the dates and attendance figures for the 2004 exhibitions?,,,,,,,,1,1,1,1,,,,,Bar,Hard,exhibition_record,"{""$schema"": ""https://vega.github.io/schema/vega-lite/v6.json"", ""description"": ""Vega-Lite chart for key 2935@x_name@ASC"", ""data"": {""values"": [{""Date"": ""December 2"", ""Attendance"": 965}, {""Date"": ""December 5"", ""Attendance"": 1098}, {""Date"": ""December 7"", ""Attendance"": 2983}]}, ""mark"": ""bar"", ""encoding"": {""x"": {""field"": ""Date"", ""type"": ""nominal""}, ""y"": {""field"": ""Attendance"", ""type"": ""quantitative""}}}"
1082,2944@y_name@ASC,Make a chart with name and age.,,,,,,,,1,1,1,1,,,,,Bar,Easy,artist,"{""$schema"": ""https://vega.github.io/schema/vega-lite/v6.json"", ""description"": ""Vega-Lite chart for key 2944@y_name@ASC"", ""data"": {""values"": [{""Name"": ""Vijay Singh"", ""Age"": 45}, {""Name"": ""John Daly"", ""Age"": 46}, {""Name"": ""Paul Azinger"", ""Age"": 47}, {""Name"": ""Mark Brooks"", ""Age"": 48}, {""Name"": ""Nick Price"", ""Age"": 48}, {""Name"": ""Larry Nelson"", ""Age"": 50}, {""Name"": ""Jeff Sluman"", ""Age"": 57}]}, ""mark"": ""bar"", ""encoding"": {""x"": {""field"": ""Name"", ""type"": ""nominal""}, ""y"": {""field"": ""Age"", ""type"": ""quantitative""}}}"
1083,2950@y_name@ASC,"Which years have exhibitions with ticket prices under $15, and how many of those exhibitions occur in each year?",,,,,,,,1,1,0,1,,,,,Bar,Hard,exhibition,"{""$schema"": ""https://vega.github.io/schema/vega-lite/v6.json"", ""description"": ""Vega-Lite chart for key 2950@y_name@ASC"", ""data"": {""values"": [{""Year"": ""2007"", ""COUNT_Year_"": 0}, {""Year"": ""2008"", ""COUNT_Year_"": 0}, {""Year"": ""2006"", ""COUNT_Year_"": 1}, {""Year"": ""2009"", ""COUNT_Year_"": 1}]}, ""mark"": ""bar"", ""encoding"": {""x"": {""field"": ""Year"", ""type"": ""nominal""}, ""y"": {""field"": ""COUNT_Year_"", ""type"": ""quantitative""}}}"
1084,1989@y_name@DESC,What are the open dates for all policies linked to customers with “Diana” in their name?,,,,,,,,1,1,1,1,,,,,Bar,Extra Hard,customers,"{""$schema"": ""https://vega.github.io/schema/vega-lite/v6.json"", ""description"": ""Vega-Lite chart for key 1989@y_name@DESC"", ""data"": {""values"": [{""Date_Opened"": ""Mon"", ""COUNT_Date_Opened_"": 1}, {""Date_Opened"": ""Fri"", ""COUNT_Date_Opened_"": 1}, {""Date_Opened"": ""Wed"", ""COUNT_Date_Opened_"": 0}, {""Date_Opened"": ""Tue"", ""COUNT_Date_Opened_"": 0}, {""Date_Opened"": ""Thur"", ""COUNT_Date_Opened_"": 0}, {""Date_Opened"": ""Sun"", ""COUNT_Date_Opened_"": 0}, {""Date_Opened"": ""Sat"", ""COUNT_Date_Opened_"": 0}]}, ""mark"": ""bar"", ""encoding"": {""x"": {""field"": ""Date_Opened"", ""type"": ""nominal""}, ""y"": {""field"": ""COUNT_Date_Opened_"", ""type"": ""quantitative""}}}"
1085,1967@x_name@DESC,What’s the number of rooms for each bed type?,,,,,,,,1,1,1,1,,,,,Bar,Medium,Rooms,"{""$schema"": ""https://vega.github.io/schema/vega-lite/v6.json"", ""description"": ""Vega-Lite chart for key 1967@x_name@DESC"", ""data"": {""values"": [{""bedType"": ""Queen"", ""count_"": 4}, {""bedType"": ""King"", ""count_"": 4}, {""bedType"": ""Double"", ""count_"": 2}]}, ""mark"": ""bar"", ""encoding"": {""x"": {""field"": ""bedType"", ""type"": ""nominal""}, ""y"": {""field"": ""count_"", ""type"": ""quantitative""}}}"
1086,1970@x_name@ASC,What's the lowest room price for each decor style?,,,,,,,,1,1,1,1,,,,,Bar,Easy,Rooms,"{""$schema"": ""https://vega.github.io/schema/vega-lite/v6.json"", ""description"": ""Vega-Lite chart for key 1970@x_name@ASC"", ""data"": {""values"": [{""decor"": ""modern"", ""min_basePrice_"": 75}, {""decor"": ""rustic"", ""min_basePrice_"": 150}, {""decor"": ""traditional"", ""min_basePrice_"": 150}]}, ""mark"": ""bar"", ""encoding"": {""x"": {""field"": ""decor"", ""type"": ""nominal""}, ""y"": {""field"": ""min_basePrice_"", ""type"": ""quantitative""}}}"
1087,1977@x_name@ASC,What's the average base price of rooms for each bed type?,,,,,,,,1,1,1,1,,,,,Bar,Medium,Rooms,"{""$schema"": ""https://vega.github.io/schema/vega-lite/v6.json"", ""description"": ""Vega-Lite chart for key 1977@x_name@ASC"", ""data"": {""values"": [{""bedType"": ""Double"", ""avg_basePrice_"": 100}, {""bedType"": ""King"", ""avg_basePrice_"": 181.25}, {""bedType"": ""Queen"", ""avg_basePrice_"": 150}]}, ""mark"": ""bar"", ""encoding"": {""x"": {""field"": ""bedType"", ""type"": ""nominal""}, ""y"": {""field"": ""avg_basePrice_"", ""type"": ""quantitative""}}}"
1088,1979@y_name@DESC,How many rooms cost more than 120 for each decor style?,,,,,,,,1,1,1,1,,,,,Bar,Hard,Rooms,"{""$schema"": ""https://vega.github.io/schema/vega-lite/v6.json"", ""description"": ""Vega-Lite chart for key 1979@y_name@DESC"", ""data"": {""values"": [{""decor"": ""traditional"", ""count_"": 4}, {""decor"": ""rustic"", ""count_"": 2}, {""decor"": ""modern"", ""count_"": 2}]}, ""mark"": ""bar"", ""encoding"": {""x"": {""field"": ""decor"", ""type"": ""nominal""}, ""y"": {""field"": ""count_"", ""type"": ""quantitative""}}}"
1089,1981@y_name@DESC,"How many rooms of each type were booked by customers whose first name contains “ROY,”?",,,,,,,,1,1,1,1,,,,,Bar,Extra Hard,Reservations,"{""$schema"": ""https://vega.github.io/schema/vega-lite/v6.json"", ""description"": ""Vega-Lite chart for key 1981@y_name@DESC"", ""data"": {""values"": [{""roomName"": ""Harbinger but bequest"", ""COUNT_roomName_"": 3}, {""roomName"": ""Frugal not apropos"", ""COUNT_roomName_"": 2}, {""roomName"": ""Thrift and accolade"", ""COUNT_roomName_"": 1}, {""roomName"": ""Convoke and sanguine"", ""COUNT_roomName_"": 1}]}, ""mark"": ""bar"", ""encoding"": {""x"": {""field"": ""roomName"", ""type"": ""nominal""}, ""y"": {""field"": ""COUNT_roomName_"", ""type"": ""quantitative""}}}"
1090,1984@y_name@DESC,What are the room names and how many reservations each has?,,,,,,,,1,1,1,1,,,,,Bar,Hard,Reservations,"{""$schema"": ""https://vega.github.io/schema/vega-lite/v6.json"", ""description"": ""Vega-Lite chart for key 1984@y_name@DESC"", ""data"": {""values"": [{""roomName"": ""Convoke and sanguine"", ""count_"": 69}, {""roomName"": ""Frugal not apropos"", ""count_"": 66}, {""roomName"": ""Immutable before decorum"", ""count_"": 63}, {""roomName"": ""Recluse and defiance"", ""count_"": 62}, {""roomName"": ""Harbinger but bequest"", ""count_"": 60}, {""roomName"": ""Thrift and accolade"", ""count_"": 59}, {""roomName"": ""Interim but salutary"", ""count_"": 59}, {""roomName"": ""Mendicant with cryptic"", ""count_"": 56}, {""roomName"": ""Riddle to exculpate"", ""count_"": 55}, {""roomName"": ""Abscond or bolster"", ""count_"": 51}]}, ""mark"": ""bar"", ""encoding"": {""x"": {""field"": ""roomName"", ""type"": ""nominal""}, ""y"": {""field"": ""count_"", ""type"": ""quantitative""}}}"
1091,3033@y_name@ASC,I’d like a chart showing log entry descriptionsand their counts.,,,,,,,,1,1,1,1,,,,,Bar,Medium,problem_log,"{""$schema"": ""https://vega.github.io/schema/vega-lite/v6.json"", ""description"": ""Vega-Lite chart for key 3033@y_name@ASC"", ""data"": {""values"": [{""log_entry_description"": ""b"", ""COUNT_log_entry_description_"": 1}, {""log_entry_description"": ""d"", ""COUNT_log_entry_description_"": 1}, {""log_entry_description"": ""h"", ""COUNT_log_entry_description_"": 1}, {""log_entry_description"": ""j"", ""COUNT_log_entry_description_"": 1}, {""log_entry_description"": ""p"", ""COUNT_log_entry_description_"": 1}, {""log_entry_description"": ""q"", ""COUNT_log_entry_description_"": 1}, {""log_entry_description"": ""s"", ""COUNT_log_entry_description_"": 1}, {""log_entry_description"": ""t"", ""COUNT_log_entry_description_"": 1}, {""log_entry_description"": ""v"", ""COUNT_log_entry_description_"": 1}, {""log_entry_description"": ""w"", ""COUNT_log_entry_description_"": 1}, {""log_entry_description"": ""c"", ""COUNT_log_entry_description_"": 2}, {""log_entry_description"": ""a"", ""COUNT_log_entry_description_"": 3}]}, ""mark"": ""bar"", ""encoding"": {""x"": {""field"": ""log_entry_description"", ""type"": ""nominal""}, ""y"": {""field"": ""COUNT_log_entry_description_"", ""type"": ""quantitative""}}}"
1092,2677@x_name@ASC,Could you compare the players’ gender distribution?,,,,,,,,1,1,1,1,,,,,Bar,Medium,player,"{""$schema"": ""https://vega.github.io/schema/vega-lite/v6.json"", ""description"": ""Vega-Lite chart for key 2677@x_name@ASC"", ""data"": {""values"": [{""Gender"": ""F"", ""COUNT_Gender_"": 5}, {""Gender"": ""M"", ""COUNT_Gender_"": 9}]}, ""mark"": ""bar"", ""encoding"": {""x"": {""field"": ""Gender"", ""type"": ""nominal""}, ""y"": {""field"": ""COUNT_Gender_"", ""type"": ""quantitative""}}}"
1094,2681@x_name@ASC,What occupations are there and how many players belong to each?,,,,,,,,1,1,1,1,,,,,Bar,Medium,player,"{""$schema"": ""https://vega.github.io/schema/vega-lite/v6.json"", ""description"": ""Vega-Lite chart for key 2681@x_name@ASC"", ""data"": {""values"": [{""Occupation"": ""Design Coordinator"", ""COUNT_"": 1}, {""Occupation"": ""Distribution Centre Associate"", ""COUNT_"": 1}, {""Occupation"": ""Locomotive Engineer"", ""COUNT_"": 1}, {""Occupation"": ""Ministerial Assistant"", ""COUNT_"": 1}, {""Occupation"": ""Parliamentarian"", ""COUNT_"": 2}, {""Occupation"": ""Product Consultant - MLCC"", ""COUNT_"": 1}, {""Occupation"": ""Researcher"", ""COUNT_"": 1}, {""Occupation"": ""Retired"", ""COUNT_"": 2}, {""Occupation"": ""Self Employed / Consultant"", ""COUNT_"": 1}, {""Occupation"": ""Small Businessman"", ""COUNT_"": 1}, {""Occupation"": ""Student"", ""COUNT_"": 2}]}, ""mark"": ""bar"", ""encoding"": {""x"": {""field"": ""Occupation"", ""type"": ""nominal""}, ""y"": {""field"": ""COUNT_"", ""type"": ""quantitative""}}}"
1097,2760@y_name@DESC,What’s the count of individuals for each nationality?,,,,,,,,1,1,1,1,,,,,Bar,Medium,ship,"{""$schema"": ""https://vega.github.io/schema/vega-lite/v6.json"", ""description"": ""Vega-Lite chart for key 2760@y_name@DESC"", ""data"": {""values"": [{""Nationality"": ""United Kingdom"", ""COUNT_Nationality_"": 5}, {""Nationality"": ""United States"", ""COUNT_Nationality_"": 3}]}, ""mark"": ""bar"", ""encoding"": {""x"": {""field"": ""Nationality"", ""type"": ""nominal""}, ""y"": {""field"": ""COUNT_Nationality_"", ""type"": ""quantitative""}}}"
1101,2879@y_name@ASC,What’s the total count of candidates for each last name?,,,,,,,,1,1,1,1,,,,,Bar,Medium,people,"{""$schema"": ""https://vega.github.io/schema/vega-lite/v6.json"", ""description"": ""Vega-Lite chart for key 2879@y_name@ASC"", ""data"": {""values"": [{""last_name"": ""Bartoletti"", ""COUNT_last_name_"": 1}, {""last_name"": ""Bednar"", ""COUNT_last_name_"": 1}, {""last_name"": ""Feest"", ""COUNT_last_name_"": 1}, {""last_name"": ""Grant"", ""COUNT_last_name_"": 1}, {""last_name"": ""Senger"", ""COUNT_last_name_"": 1}, {""last_name"": ""Wintheiser"", ""COUNT_last_name_"": 1}, {""last_name"": ""Hartmann"", ""COUNT_last_name_"": 2}]}, ""mark"": ""bar"", ""encoding"": {""x"": {""field"": ""last_name"", ""type"": ""nominal""}, ""y"": {""field"": ""COUNT_last_name_"", ""type"": ""quantitative""}}}"
1102,2886@x_name@DESC,What’s the enrollment for each course—list the course name and its number of registered students?,,,,,,,,1,1,1,1,,,,,Bar,Hard,students,"{""$schema"": ""https://vega.github.io/schema/vega-lite/v6.json"", ""description"": ""Vega-Lite chart for key 2886@x_name@DESC"", ""data"": {""values"": [{""course_name"": ""statistics"", ""count_"": 4}, {""course_name"": ""data structure"", ""count_"": 1}, {""course_name"": ""French"", ""count_"": 2}, {""course_name"": ""English"", ""count_"": 2}]}, ""mark"": ""bar"", ""encoding"": {""x"": {""field"": ""course_name"", ""type"": ""nominal""}, ""y"": {""field"": ""count_"", ""type"": ""quantitative""}}}"
1104,117@y_name@ASC,Could you display a chart of asset counts grouped by make?,,,,,,,,1,1,1,1,,,,,Bar,Medium,Assets,"{""$schema"": ""https://vega.github.io/schema/vega-lite/v6.json"", ""description"": ""Vega-Lite chart for key 117@y_name@ASC"", ""data"": {""values"": [{""asset_make"": ""GB"", ""COUNT_asset_make_"": 1}, {""asset_make"": ""IE"", ""COUNT_asset_make_"": 1}, {""asset_make"": ""IT"", ""COUNT_asset_make_"": 1}, {""asset_make"": ""PT"", ""COUNT_asset_make_"": 1}, {""asset_make"": ""CN"", ""COUNT_asset_make_"": 2}, {""asset_make"": ""DE"", ""COUNT_asset_make_"": 2}, {""asset_make"": ""FR"", ""COUNT_asset_make_"": 2}, {""asset_make"": ""IN"", ""COUNT_asset_make_"": 2}, {""asset_make"": ""RU"", ""COUNT_asset_make_"": 3}]}, ""mark"": ""bar"", ""encoding"": {""x"": {""field"": ""asset_make"", ""type"": ""nominal""}, ""y"": {""field"": ""COUNT_asset_make_"", ""type"": ""quantitative""}}}"
1106,127@y_name@ASC,"How many staff members have reached out to each engineer, grouped by the engineers’ first names?",,,,,,,,1,1,1,1,,,,,Bar,Hard,Staff,"{""$schema"": ""https://vega.github.io/schema/vega-lite/v6.json"", ""description"": ""Vega-Lite chart for key 127@y_name@ASC"", ""data"": {""values"": [{""first_name"": ""Alexys"", ""COUNT_first_name_"": 1}, {""first_name"": ""Courtney"", ""COUNT_first_name_"": 1}, {""first_name"": ""Cullen"", ""COUNT_first_name_"": 1}, {""first_name"": ""Etha"", ""COUNT_first_name_"": 1}, {""first_name"": ""Nellie"", ""COUNT_first_name_"": 1}, {""first_name"": ""Lorine"", ""COUNT_first_name_"": 2}, {""first_name"": ""Naomi"", ""COUNT_first_name_"": 2}, {""first_name"": ""Archibald"", ""COUNT_first_name_"": 6}]}, ""mark"": ""bar"", ""encoding"": {""x"": {""field"": ""first_name"", ""type"": ""nominal""}, ""y"": {""field"": ""COUNT_first_name_"", ""type"": ""quantitative""}}}"
1107,128@x_name@DESC,"How many staff members have contacted each engineer, grouped by the engineers’ last names?",,,,,,,,1,1,1,1,,,,,Bar,Hard,Staff,"{""$schema"": ""https://vega.github.io/schema/vega-lite/v6.json"", ""description"": ""Vega-Lite chart for key 128@x_name@DESC"", ""data"": {""values"": [{""last_name"": ""Streich"", ""COUNT_last_name_"": 6}, {""last_name"": ""Simonis"", ""COUNT_last_name_"": 1}, {""last_name"": ""Reinger"", ""COUNT_last_name_"": 1}, {""last_name"": ""Price"", ""COUNT_last_name_"": 2}, {""last_name"": ""Morar"", ""COUNT_last_name_"": 2}, {""last_name"": ""Kunde"", ""COUNT_last_name_"": 1}, {""last_name"": ""Hirthe"", ""COUNT_last_name_"": 1}, {""last_name"": ""Adams"", ""COUNT_last_name_"": 1}]}, ""mark"": ""bar"", ""encoding"": {""x"": {""field"": ""last_name"", ""type"": ""nominal""}, ""y"": {""field"": ""COUNT_last_name_"", ""type"": ""quantitative""}}}"
1110,140@y_name@ASC,How many assets are produced by each manufacturer?,,,,,,,,1,1,1,1,,,,,Bar,Medium,Assets,"{""$schema"": ""https://vega.github.io/schema/vega-lite/v6.json"", ""description"": ""Vega-Lite chart for key 140@y_name@ASC"", ""data"": {""values"": [{""asset_make"": ""GB"", ""COUNT_asset_make_"": 1}, {""asset_make"": ""IE"", ""COUNT_asset_make_"": 1}, {""asset_make"": ""IT"", ""COUNT_asset_make_"": 1}, {""asset_make"": ""PT"", ""COUNT_asset_make_"": 1}, {""asset_make"": ""CN"", ""COUNT_asset_make_"": 2}, {""asset_make"": ""DE"", ""COUNT_asset_make_"": 2}, {""asset_make"": ""FR"", ""COUNT_asset_make_"": 2}, {""asset_make"": ""IN"", ""COUNT_asset_make_"": 2}, {""asset_make"": ""RU"", ""COUNT_asset_make_"": 3}]}, ""mark"": ""bar"", ""encoding"": {""x"": {""field"": ""asset_make"", ""type"": ""nominal""}, ""y"": {""field"": ""COUNT_asset_make_"", ""type"": ""quantitative""}}}"
1112,149@x_name@DESC,What’s the number of faults for each skill description needed to fix them?,,,,,,,,1,1,1,1,,,,,Bar,Hard,Part_Faults,"{""$schema"": ""https://vega.github.io/schema/vega-lite/v6.json"", ""description"": ""Vega-Lite chart for key 149@x_name@DESC"", ""data"": {""values"": [{""skill_description"": ""TV, Video"", ""COUNT_skill_description_"": 7}, {""skill_description"": ""Mechanical"", ""COUNT_skill_description_"": 5}, {""skill_description"": ""Electrical"", ""COUNT_skill_description_"": 3}]}, ""mark"": ""bar"", ""encoding"": {""x"": {""field"": ""skill_description"", ""type"": ""nominal""}, ""y"": {""field"": ""COUNT_skill_description_"", ""type"": ""quantitative""}}}"
1113,3069@x_name@ASC,What are the users’ names and how many tweets each has posted?,,,,,,,,1,1,1,1,,,,,Bar,Hard,user_profiles,"{""$schema"": ""https://vega.github.io/schema/vega-lite/v6.json"", ""description"": ""Vega-Lite chart for key 3069@x_name@ASC"", ""data"": {""values"": [{""name"": ""Black Widow\n"", ""count_"": 1}, {""name"": ""Celine Dion"", ""count_"": 2}, {""name"": ""Iron Man"", ""count_"": 2}, {""name"": ""Susan"", ""count_"": 2}, {""name"": ""Tyler Swift"", ""count_"": 1}]}, ""mark"": ""bar"", ""encoding"": {""x"": {""field"": ""name"", ""type"": ""nominal""}, ""y"": {""field"": ""count_"", ""type"": ""quantitative""}}}"
1114,1424@y_name@ASC,"What's the total count for each country, ordered from low to high?",,,,,,,,1,1,1,1,,,,,Bar,Medium,airport,"{""$schema"": ""https://vega.github.io/schema/vega-lite/v6.json"", ""description"": ""Vega-Lite chart for key 1424@y_name@ASC"", ""data"": {""values"": [{""Country"": ""Belgium"", ""count_"": 1}, {""Country"": ""Denmark"", ""count_"": 1}, {""Country"": ""Iceland"", ""count_"": 1}, {""Country"": ""Netherlands"", ""count_"": 1}, {""Country"": ""Norway"", ""count_"": 1}, {""Country"": ""Spain"", ""count_"": 1}, {""Country"": ""United States"", ""count_"": 3}]}, ""mark"": ""bar"", ""encoding"": {""x"": {""field"": ""Country"", ""type"": ""nominal""}, ""y"": {""field"": ""count_"", ""type"": ""quantitative""}}}"
1115,4001,What’s the relationship between the number of faculty and students for each activity?,,,,,,,,1,1,1,1,,,,,Scatter,Hard,Faculty_Participates_in,"{""$schema"": ""https://vega.github.io/schema/vega-lite/v6.json"", ""description"": ""Vega-Lite chart for key 4001"", ""data"": {""values"": [{""count_FacID_"": 0, ""count_stuid_"": 2}, {""count_FacID_"": 5, ""count_stuid_"": 6}, {""count_FacID_"": 4, ""count_stuid_"": 4}, {""count_FacID_"": 1, ""count_stuid_"": 5}, {""count_FacID_"": 2, ""count_stuid_"": 3}, {""count_FacID_"": 3, ""count_stuid_"": 2}, {""count_FacID_"": 1, ""count_stuid_"": 9}, {""count_FacID_"": 1, ""count_stuid_"": 5}, {""count_FacID_"": 3, ""count_stuid_"": 14}, {""count_FacID_"": 2, ""count_stuid_"": 4}, {""count_FacID_"": 3, ""count_stuid_"": 3}, {""count_FacID_"": 5, ""count_stuid_"": 6}, {""count_FacID_"": 7, ""count_stuid_"": 7}, {""count_FacID_"": 2, ""count_stuid_"": 0}]}, ""mark"": ""point"", ""encoding"": {""x"": {""field"": ""count_FacID_"", ""type"": ""quantitative""}, ""y"": {""field"": ""count_stuid_"", ""type"": ""quantitative""}}}"
1121,4007,How many accelerators are compatible with each browser?,,,,,,,,1,1,1,0,,,,,Stacked Bar,Hard,browser_web,"{""$schema"": ""https://vega.github.io/schema/vega-lite/v6.json"", ""description"": ""Vega-Lite chart for key 4007"", ""data"": {""values"": [{""classify"": ""CACHEbox"", ""name"": ""Firefox"", ""count_name_"": 1}, {""classify"": ""CACHEbox"", ""name"": ""Internet Explorer"", ""count_name_"": 1}, {""classify"": ""CACHEbox"", ""name"": ""Opera"", ""count_name_"": 0}, {""classify"": ""CACHEbox"", ""name"": ""Safari"", ""count_name_"": 0}, {""classify"": ""CProxy"", ""name"": ""Firefox"", ""count_name_"": 0}, {""classify"": ""CProxy"", ""name"": ""Internet Explorer"", ""count_name_"": 0}, {""classify"": ""CProxy"", ""name"": ""Opera"", ""count_name_"": 1}, {""classify"": ""CProxy"", ""name"": ""Safari"", ""count_name_"": 1}, {""classify"": ""Fasterfox"", ""name"": ""Firefox"", ""count_name_"": 1}, {""classify"": ""Fasterfox"", ""name"": ""Internet Explorer"", ""count_name_"": 1}, {""classify"": ""Fasterfox"", ""name"": ""Opera"", ""count_name_"": 0}, {""classify"": ""Fasterfox"", ""name"": ""Safari"", ""count_name_"": 1}, {""classify"": ""Nitro"", ""name"": ""Firefox"", ""count_name_"": 0}, {""classify"": ""Nitro"", ""name"": ""Internet Explorer"", ""count_name_"": 1}, {""classify"": ""Nitro"", ""name"": ""Opera"", ""count_name_"": 0}, {""classify"": ""Nitro"", ""name"": ""Safari"", ""count_name_"": 0}, {""classify"": ""fasTun"", ""name"": ""Firefox"", ""count_name_"": 0}, {""classify"": ""fasTun"", ""name"": ""Internet Explorer"", ""count_name_"": 0}, {""classify"": ""fasTun"", ""name"": ""Opera"", ""count_name_"": 1}, {""classify"": ""fasTun"", ""name"": ""Safari"", ""count_name_"": 0}]}, ""mark"": ""bar"", ""encoding"": {""x"": {""field"": ""name"", ""type"": ""nominal""}, ""y"": {""field"": ""count_name_"", ""type"": ""quantitative""}, ""color"": {""field"": ""classify"", ""type"": ""nominal""}}}"
1126,4012,"What’s the relationship between horsepower and acceleration, with points colored by country?",,,,,,,,1,1,1,1,,,,,Grouping Scatter,Extra Hard,car_1,"{""$schema"": ""https://vega.github.io/schema/vega-lite/v6.json"", ""description"": ""Vega-Lite chart for key 4012"", ""data"": {""values"": [{""classify"": ""france"", ""Horsepower"": 115, ""Accelerate"": 17.5}, {""classify"": ""france"", ""Horsepower"": 87, ""Accelerate"": 17.5}, {""classify"": ""france"", ""Horsepower"": 70, ""Accelerate"": 19.5}, {""classify"": ""france"", ""Horsepower"": 87, ""Accelerate"": 19.5}, {""classify"": ""france"", ""Horsepower"": 69, ""Accelerate"": 18.0}, {""classify"": ""france"", ""Horsepower"": 88, ""Accelerate"": 17.0}, {""classify"": ""france"", ""Horsepower"": 83, ""Accelerate"": 15.3}, {""classify"": ""france"", ""Horsepower"": 88, ""Accelerate"": 21.9}, {""classify"": ""france"", ""Horsepower"": 58, ""Accelerate"": 18.6}, {""classify"": ""france"", ""Horsepower"": 133, ""Accelerate"": 15.8}, {""classify"": ""france"", ""Horsepower"": 71, ""Accelerate"": 24.8}, {""classify"": ""france"", ""Horsepower"": 80, ""Accelerate"": 20.4}, {""classify"": ""germany"", ""Horsepower"": 115, ""Accelerate"": 20.5}, {""classify"": ""germany"", ""Horsepower"": 87, ""Accelerate"": 14.5}, {""classify"": ""germany"", ""Horsepower"": 70, ""Accelerate"": 12.5}, {""classify"": ""germany"", ""Horsepower"": 87, ""Accelerate"": 20.0}, {""classify"": ""germany"", ""Horsepower"": 69, ""Accelerate"": 14.0}, {""classify"": ""germany"", ""Horsepower"": 88, ""Accelerate"": 19.0}, {""classify"": ""germany"", ""Horsepower"": 83, ""Accelerate"": 23.5}, {""classify"": ""germany"", ""Horsepower"": 88, ""Accelerate"": 18.0}, {""classify"": ""germany"", ""Horsepower"": 58, ""Accelerate"": 21.0}, {""classify"": ""germany"", ""Horsepower"": 133, ""Accelerate"": 15.5}, {""classify"": ""germany"", ""Horsepower"": 71, ""Accelerate"": 14.0}, {""classify"": ""germany"", ""Horsepower"": 80, ""Accelerate"": 16.5}, {""classify"": ""italy"", ""Horsepower"": 115, ""Accelerate"": 14.5}, {""classify"": ""italy"", ""Horsepower"": 87, ""Accelerate"": 15.5}, {""classify"": ""italy"", ""Horsepower"": 70, ""Accelerate"": 19.5}, {""classify"": ""italy"", ""Horsepower"": 87, ""Accelerate"": 15.5}, {""classify"": ""italy"", ""Horsepower"": 69, ""Accelerate"": 14.0}, {""classify"": ""italy"", ""Horsepower"": 88, ""Accelerate"": 16.0}, {""classify"": ""italy"", ""Horsepower"": 83, ""Accelerate"": 15.5}, {""classify"": ""italy"", ""Horsepower"": 88, ""Accelerate"": 14.7}, {""classify"": ""italy"", ""Horsepower"": 58, ""Accelerate"": null}, {""classify"": ""italy"", ""Horsepower"": 133, ""Accelerate"": null}, {""classify"": ""italy"", ""Horsepower"": 71, ""Accelerate"": null}, {""classify"": ""italy"", ""Horsepower"": 80, ""Accelerate"": null}, {""classify"": ""japan"", ""Horsepower"": 115, ""Accelerate"": 15.0}, {""classify"": ""japan"", ""Horsepower"": 87, ""Accelerate"": 14.5}, {""classify"": ""japan"", ""Horsepower"": 70, ""Accelerate"": 14.5}, {""classify"": ""japan"", ""Horsepower"": 87, ""Accelerate"": 14.0}, {""classify"": ""japan"", ""Horsepower"": 69, ""Accelerate"": 19.0}, {""classify"": ""japan"", ""Horsepower"": 88, ""Accelerate"": 18.0}, {""classify"": ""japan"", ""Horsepower"": 83, ""Accelerate"": 15.5}, {""classify"": ""japan"", ""Horsepower"": 88, ""Accelerate"": 13.5}, {""classify"": ""japan"", ""Horsepower"": 58, ""Accelerate"": 17.0}, {""classify"": ""japan"", ""Horsepower"": 133, ""Accelerate"": 14.5}, {""classify"": ""japan"", ""Horsepower"": 71, ""Accelerate"": 16.5}, {""classify"": ""japan"", ""Horsepower"": 80, ""Accelerate"": 19.0}, {""classify"": ""sweden"", ""Horsepower"": 115, ""Accelerate"": 17.5}, {""classify"": ""sweden"", ""Horsepower"": 87, ""Accelerate"": 14.5}, {""classify"": ""sweden"", ""Horsepower"": 70, ""Accelerate"": 15.5}, {""classify"": ""sweden"", ""Horsepower"": 87, ""Accelerate"": 14.0}, {""classify"": ""sweden"", ""Horsepower"": 69, ""Accelerate"": 14.5}, {""classify"": ""sweden"", ""Horsepower"": 88, ""Accelerate"": 13.5}, {""classify"": ""sweden"", ""Horsepower"": 83, ""Accelerate"": 15.7}, {""classify"": ""sweden"", ""Horsepower"": 88, ""Accelerate"": 13.6}, {""classify"": ""sweden"", ""Horsepower"": 58, ""Accelerate"": 15.7}, {""classify"": ""sweden"", ""Horsepower"": 133, ""Accelerate"": 15.4}, {""classify"": ""sweden"", ""Horsepower"": 71, ""Accelerate"": 19.6}, {""classify"": ""sweden"", ""Horsepower"": 80, ""Accelerate"": null}, {""classify"": ""uk"", ""Horsepower"": 115, ""Accelerate"": 15.1}, {""classify"": ""uk"", ""Horsepower"": 87, ""Accelerate"": null}, {""classify"": ""uk"", ""Horsepower"": 70, ""Accelerate"": null}, {""classify"": ""uk"", ""Horsepower"": 87, ""Accelerate"": null}, {""classify"": ""uk"", ""Horsepower"": 69, ""Accelerate"": null}, {""classify"": ""uk"", ""Horsepower"": 88, ""Accelerate"": null}, {""classify"": ""uk"", ""Horsepower"": 83, ""Accelerate"": null}, {""classify"": ""uk"", ""Horsepower"": 88, ""Accelerate"": null}, {""classify"": ""uk"", ""Horsepower"": 58, ""Accelerate"": null}, {""classify"": ""uk"", ""Horsepower"": 133, ""Accelerate"": null}, {""classify"": ""uk"", ""Horsepower"": 71, ""Accelerate"": null}, {""classify"": ""uk"", ""Horsepower"": 80, ""Accelerate"": null}, {""classify"": ""usa"", ""Horsepower"": 115, ""Accelerate"": 12.0}, {""classify"": ""usa"", ""Horsepower"": 87, ""Accelerate"": 11.5}, {""classify"": ""usa"", ""Horsepower"": 70, ""Accelerate"": 11.0}, {""classify"": ""usa"", ""Horsepower"": 87, ""Accelerate"": 12.0}, {""classify"": ""usa"", ""Horsepower"": 69, ""Accelerate"": 10.5}, {""classify"": ""usa"", ""Horsepower"": 88, ""Accelerate"": 10.0}, {""classify"": ""usa"", ""Horsepower"": 83, ""Accelerate"": 9.0}, {""classify"": ""usa"", ""Horsepower"": 88, ""Accelerate"": 8.5}, {""classify"": ""usa"", ""Horsepower"": 58, ""Accelerate"": 10.0}, {""classify"": ""usa"", ""Horsepower"": 133, ""Accelerate"": 8.5}, {""classify"": ""usa"", ""Horsepower"": 71, ""Accelerate"": 11.5}, {""classify"": ""usa"", ""Horsepower"": 80, ""Accelerate"": 11.0}]}, ""mark"": ""point"", ""encoding"": {""x"": {""field"": ""Horsepower"", ""type"": ""quantitative""}, ""y"": {""field"": ""Accelerate"", ""type"": ""quantitative""}, ""color"": {""field"": ""classify"", ""type"": ""nominal""}}}"
1127,4013,What’s the breakdown of cars produced by each country across the various cylinder types?,,,,,,,,1,1,0,1,,,,,Stacked Bar,Extra Hard,car_1,"{""$schema"": ""https://vega.github.io/schema/vega-lite/v6.json"", ""description"": ""Vega-Lite chart for key 4013"", ""data"": {""values"": [{""classify"": ""france"", ""Cylinders"": ""3"", ""count_id_"": 0}, {""classify"": ""france"", ""Cylinders"": ""4"", ""count_id_"": 11}, {""classify"": ""france"", ""Cylinders"": ""5"", ""count_id_"": 0}, {""classify"": ""france"", ""Cylinders"": ""6"", ""count_id_"": 1}, {""classify"": ""france"", ""Cylinders"": ""8"", ""count_id_"": 0}, {""classify"": ""germany"", ""Cylinders"": ""3"", ""count_id_"": 0}, {""classify"": ""germany"", ""Cylinders"": ""4"", ""count_id_"": 34}, {""classify"": ""germany"", ""Cylinders"": ""5"", ""count_id_"": 3}, {""classify"": ""germany"", ""Cylinders"": ""6"", ""count_id_"": 1}, {""classify"": ""germany"", ""Cylinders"": ""8"", ""count_id_"": 0}, {""classify"": ""italy"", ""Cylinders"": ""3"", ""count_id_"": 0}, {""classify"": ""italy"", ""Cylinders"": ""4"", ""count_id_"": 8}, {""classify"": ""italy"", ""Cylinders"": ""5"", ""count_id_"": 0}, {""classify"": ""italy"", ""Cylinders"": ""6"", ""count_id_"": 0}, {""classify"": ""italy"", ""Cylinders"": ""8"", ""count_id_"": 0}, {""classify"": ""japan"", ""Cylinders"": ""3"", ""count_id_"": 4}, {""classify"": ""japan"", ""Cylinders"": ""4"", ""count_id_"": 69}, {""classify"": ""japan"", ""Cylinders"": ""5"", ""count_id_"": 0}, {""classify"": ""japan"", ""Cylinders"": ""6"", ""count_id_"": 6}, {""classify"": ""japan"", ""Cylinders"": ""8"", ""count_id_"": 0}, {""classify"": ""sweden"", ""Cylinders"": ""3"", ""count_id_"": 0}, {""classify"": ""sweden"", ""Cylinders"": ""4"", ""count_id_"": 9}, {""classify"": ""sweden"", ""Cylinders"": ""5"", ""count_id_"": 0}, {""classify"": ""sweden"", ""Cylinders"": ""6"", ""count_id_"": 2}, {""classify"": ""sweden"", ""Cylinders"": ""8"", ""count_id_"": 0}, {""classify"": ""uk"", ""Cylinders"": ""3"", ""count_id_"": 0}, {""classify"": ""uk"", ""Cylinders"": ""4"", ""count_id_"": 1}, {""classify"": ""uk"", ""Cylinders"": ""5"", ""count_id_"": 0}, {""classify"": ""uk"", ""Cylinders"": ""6"", ""count_id_"": 0}, {""classify"": ""uk"", ""Cylinders"": ""8"", ""count_id_"": 0}, {""classify"": ""usa"", ""Cylinders"": ""3"", ""count_id_"": 0}, {""classify"": ""usa"", ""Cylinders"": ""4"", ""count_id_"": 69}, {""classify"": ""usa"", ""Cylinders"": ""5"", ""count_id_"": 0}, {""classify"": ""usa"", ""Cylinders"": ""6"", ""count_id_"": 73}, {""classify"": ""usa"", ""Cylinders"": ""8"", ""count_id_"": 107}]}, ""mark"": ""bar"", ""encoding"": {""x"": {""field"": ""Cylinders"", ""type"": ""nominal""}, ""y"": {""field"": ""count_id_"", ""type"": ""quantitative""}, ""color"": {""field"": ""classify"", ""type"": ""nominal""}}}"
1129,4015,Could you illustrate how a shop’s staff count relates to its score?,,,,,,,,1,1,1,1,,,,,Scatter,Extra Hard,shop,"{""$schema"": ""https://vega.github.io/schema/vega-lite/v6.json"", ""description"": ""Vega-Lite chart for key 4015"", ""data"": {""values"": [{""Num_of_staff"": 13, ""Score"": 42.0}, {""Num_of_staff"": 19, ""Score"": 38.0}, {""Num_of_staff"": 42, ""Score"": 36.0}, {""Num_of_staff"": 27, ""Score"": 32.0}, {""Num_of_staff"": 24, ""Score"": 30.0}, {""Num_of_staff"": 34, ""Score"": 30.0}, {""Num_of_staff"": 425, ""Score"": 40.0}, {""Num_of_staff"": 28, ""Score"": 30.0}, {""Num_of_staff"": 23, ""Score"": 30.0}, {""Num_of_staff"": 16, ""Score"": 28.0}]}, ""mark"": ""point"", ""encoding"": {""x"": {""field"": ""Num_of_staff"", ""type"": ""quantitative""}, ""y"": {""field"": ""Score"", ""type"": ""quantitative""}}}"
1133,4019,"What’s the number of orders for each product, and how many deliveries are in each status?",,,,,,,,1,1,0,0,,,,,Stacked Bar,Medium,customer_deliveries,"{""$schema"": ""https://vega.github.io/schema/vega-lite/v6.json"", ""description"": ""Vega-Lite chart for key 4019"", ""data"": {""values"": [{""classify"": ""Cancel"", ""product_name"": ""books"", ""count_"": 1}, {""classify"": ""Cancel"", ""product_name"": ""cloth"", ""count_"": 2}, {""classify"": ""Cancel"", ""product_name"": ""dvds"", ""count_"": 3}, {""classify"": ""Cancel"", ""product_name"": ""electronics"", ""count_"": 2}, {""classify"": ""Cancel"", ""product_name"": ""food"", ""count_"": 2}, {""classify"": ""Cancel"", ""product_name"": ""gift"", ""count_"": 1}, {""classify"": ""Success"", ""product_name"": ""books"", ""count_"": 0}, {""classify"": ""Success"", ""product_name"": ""cloth"", ""count_"": 1}, {""classify"": ""Success"", ""product_name"": ""dvds"", ""count_"": 0}, {""classify"": ""Success"", ""product_name"": ""electronics"", ""count_"": 2}, {""classify"": ""Success"", ""product_name"": ""food"", ""count_"": 0}, {""classify"": ""Success"", ""product_name"": ""gift"", ""count_"": 1}]}, ""mark"": ""bar"", ""encoding"": {""x"": {""field"": ""product_name"", ""type"": ""nominal""}, ""y"": {""field"": ""count_"", ""type"": ""quantitative""}, ""color"": {""field"": ""classify"", ""type"": ""nominal""}}}"
1137,4023,"Can you show a plot of assets versus market value, with points colored by the main industry?",,,,,,,,1,1,1,1,,,,,Grouping Scatter,Easy,gas_company,"{""$schema"": ""https://vega.github.io/schema/vega-lite/v6.json"", ""description"": ""Vega-Lite chart for key 4023"", ""data"": {""values"": [{""classify"": ""Banking"", ""Assets_billion"": 2039.1, ""Market_Value"": 237.4}, {""classify"": ""Banking"", ""Assets_billion"": 2550.0, ""Market_Value"": 164.3}, {""classify"": ""Banking"", ""Assets_billion"": 1313.9, ""Market_Value"": 178.7}, {""classify"": ""Conglomerate"", ""Assets_billion"": 2039.1, ""Market_Value"": 213.7}, {""classify"": ""Conglomerate"", ""Assets_billion"": 2550.0, ""Market_Value"": 202.2}, {""classify"": ""Conglomerate"", ""Assets_billion"": 1313.9, ""Market_Value"": null}, {""classify"": ""Oil and gas"", ""Assets_billion"": 2039.1, ""Market_Value"": 407.4}, {""classify"": ""Oil and gas"", ""Assets_billion"": 2550.0, ""Market_Value"": 227.6}, {""classify"": ""Oil and gas"", ""Assets_billion"": 1313.9, ""Market_Value"": 294.7}]}, ""mark"": ""point"", ""encoding"": {""x"": {""field"": ""Assets_billion"", ""type"": ""quantitative""}, ""y"": {""field"": ""Market_Value"", ""type"": ""quantitative""}, ""color"": {""field"": ""classify"", ""type"": ""nominal""}}}"
1141,4027,"What’s the yearly total of launched chip models, broken out by slot type?",,,,,,,,0,1,1,1,,,,,Grouping Line,Easy,phone_1,"{""$schema"": ""https://vega.github.io/schema/vega-lite/v6.json"", ""description"": ""Vega-Lite chart for key 4027"", ""data"": {""values"": [{""classify"": ""1CFII,1SD"", ""Launch_year"": 2002, ""count_"": 2}, {""classify"": ""1CFII,1SD"", ""Launch_year"": 2003, ""count_"": 0}, {""classify"": ""1CFII,1SD"", ""Launch_year"": 2004, ""count_"": 3}, {""classify"": ""1CFII,1SD"", ""Launch_year"": 2005, ""count_"": 3}, {""classify"": ""1SD"", ""Launch_year"": 2002, ""count_"": 0}, {""classify"": ""1SD"", ""Launch_year"": 2003, ""count_"": 3}, {""classify"": ""1SD"", ""Launch_year"": 2004, ""count_"": 3}, {""classify"": ""1SD"", ""Launch_year"": 2005, ""count_"": 0}]}, ""mark"": ""line"", ""encoding"": {""x"": {""field"": ""Launch_year"", ""type"": ""quantitative""}, ""y"": {""field"": ""count_"", ""type"": ""quantitative""}, ""color"": {""field"": ""classify"", ""type"": ""nominal""}}}"
1144,4030,"What’s the distribution of wines priced over $100 across different years, broken down by grape variety?",,,,,,,,1,0,0,1,,,,,Stacked Bar,Medium,wine_1,"{""$schema"": ""https://vega.github.io/schema/vega-lite/v6.json"", ""description"": ""Vega-Lite chart for key 4030"", ""data"": {""values"": [{""classify"": ""Cabernet Sauvingnon"", ""Year"": 2006, ""count_"": 4}, {""classify"": ""Cabernet Sauvingnon"", ""Year"": 2007, ""count_"": 11}, {""classify"": ""Cabernet Sauvingnon"", ""Year"": 2008, ""count_"": 2}, {""classify"": ""Grenache"", ""Year"": 2006, ""count_"": 1}, {""classify"": ""Grenache"", ""Year"": 2007, ""count_"": 1}, {""classify"": ""Grenache"", ""Year"": 2008, ""count_"": 0}, {""classify"": ""Syrah"", ""Year"": 2006, ""count_"": 1}, {""classify"": ""Syrah"", ""Year"": 2007, ""count_"": 1}, {""classify"": ""Syrah"", ""Year"": 2008, ""count_"": 0}]}, ""mark"": ""bar"", ""encoding"": {""x"": {""field"": ""Year"", ""type"": ""quantitative""}, ""y"": {""field"": ""count_"", ""type"": ""quantitative""}, ""color"": {""field"": ""classify"", ""type"": ""nominal""}}}"
1147,4033,"What were the highest accelerations each year from 1973 to 1979 for cars with 4, 6, and 8 cylinders?",,,,,,,,1,0,1,1,,,,,Grouping Line,Hard,car_1,"{""$schema"": ""https://vega.github.io/schema/vega-lite/v6.json"", ""description"": ""Vega-Lite chart for key 4033"", ""data"": {""values"": [{""classify"": ""4"", ""Year"": 1973, ""max_Accelerate_"": 21.0}, {""classify"": ""4"", ""Year"": 1974, ""max_Accelerate_"": 21.0}, {""classify"": ""4"", ""Year"": 1975, ""max_Accelerate_"": 18.5}, {""classify"": ""4"", ""Year"": 1976, ""max_Accelerate_"": 22.2}, {""classify"": ""4"", ""Year"": 1977, ""max_Accelerate_"": 18.6}, {""classify"": ""4"", ""Year"": 1978, ""max_Accelerate_"": 21.5}, {""classify"": ""4"", ""Year"": 1979, ""max_Accelerate_"": 24.8}, {""classify"": ""6"", ""Year"": 1973, ""max_Accelerate_"": 18.0}, {""classify"": ""6"", ""Year"": 1974, ""max_Accelerate_"": 18.0}, {""classify"": ""6"", ""Year"": 1975, ""max_Accelerate_"": 21.0}, {""classify"": ""6"", ""Year"": 1976, ""max_Accelerate_"": 21.0}, {""classify"": ""6"", ""Year"": 1977, ""max_Accelerate_"": 19.0}, {""classify"": ""6"", ""Year"": 1978, ""max_Accelerate_"": 19.2}, {""classify"": ""6"", ""Year"": 1979, ""max_Accelerate_"": 18.2}, {""classify"": ""8"", ""Year"": 1973, ""max_Accelerate_"": 14.5}, {""classify"": ""8"", ""Year"": 1974, ""max_Accelerate_"": 16.0}, {""classify"": ""8"", ""Year"": 1975, ""max_Accelerate_"": 14.5}, {""classify"": ""8"", ""Year"": 1976, ""max_Accelerate_"": 15.0}, {""classify"": ""8"", ""Year"": 1977, ""max_Accelerate_"": 19.0}, {""classify"": ""8"", ""Year"": 1978, ""max_Accelerate_"": 15.5}, {""classify"": ""8"", ""Year"": 1979, ""max_Accelerate_"": 22.2}]}, ""mark"": ""line"", ""encoding"": {""x"": {""field"": ""Year"", ""type"": ""quantitative""}, ""y"": {""field"": ""max_Accelerate_"", ""type"": ""quantitative""}, ""color"": {""field"": ""classify"", ""type"": ""nominal""}}}"
1149,4035,"How many 4‑credit courses are offered each semester, broken down by year?",,,,,,,,1,1,1,0,,,,,Grouping Line,Medium,college_2,"{""$schema"": ""https://vega.github.io/schema/vega-lite/v6.json"", ""description"": ""Vega-Lite chart for key 4035"", ""data"": {""values"": [{""classify"": ""Fall"", ""year"": 2002, ""semester"": 4}, {""classify"": ""Fall"", ""year"": 2003, ""semester"": 4}, {""classify"": ""Fall"", ""year"": 2004, ""semester"": 1}, {""classify"": ""Fall"", ""year"": 2005, ""semester"": 3}, {""classify"": ""Fall"", ""year"": 2006, ""semester"": 6}, {""classify"": ""Fall"", ""year"": 2007, ""semester"": 2}, {""classify"": ""Fall"", ""year"": 2008, ""semester"": 0}, {""classify"": ""Fall"", ""year"": 2009, ""semester"": 1}, {""classify"": ""Fall"", ""year"": 2010, ""semester"": 2}, {""classify"": ""Spring"", ""year"": 2002, ""semester"": 2}, {""classify"": ""Spring"", ""year"": 2003, ""semester"": 2}, {""classify"": ""Spring"", ""year"": 2004, ""semester"": 2}, {""classify"": ""Spring"", ""year"": 2005, ""semester"": 2}, {""classify"": ""Spring"", ""year"": 2006, ""semester"": 1}, {""classify"": ""Spring"", ""year"": 2007, ""semester"": 3}, {""classify"": ""Spring"", ""year"": 2008, ""semester"": 5}, {""classify"": ""Spring"", ""year"": 2009, ""semester"": 2}, {""classify"": ""Spring"", ""year"": 2010, ""semester"": 2}]}, ""mark"": ""line"", ""encoding"": {""x"": {""field"": ""year"", ""type"": ""quantitative""}, ""y"": {""field"": ""semester"", ""type"": ""quantitative""}, ""color"": {""field"": ""classify"", ""type"": ""nominal""}}}"
,1000@y_name@DESC,How do the product name frequencies compare ?,,,,,,,,1,1,1,1,,,,,Bar,Medium,products,"{""$schema"": ""https://vega.github.io/schema/vega-lite/v6.json"", ""description"": ""Vega-Lite chart for key 1000@y_name@DESC"", ""data"": {""values"": [{""product_name"": ""Apple"", ""COUNT_product_name_"": 5}, {""product_name"": ""jcrew"", ""COUNT_product_name_"": 4}, {""product_name"": ""gucci"", ""COUNT_product_name_"": 3}, {""product_name"": ""Sony"", ""COUNT_product_name_"": 3}]}, ""mark"": ""bar"", ""encoding"": {""x"": {""field"": ""product_name"", ""type"": ""nominal""}, ""y"": {""field"": ""COUNT_product_name_"", ""type"": ""quantitative""}}}"
,1037,What’s the count of customers for each last name?,,,,,,,,1,1,1,1,,,,,Bar,Easy,Customers,"{""$schema"": ""https://vega.github.io/schema/vega-lite/v6.json"", ""description"": ""Vega-Lite chart for key 1037"", ""data"": {""values"": [{""customer_last_name"": ""Brekke"", ""COUNT_customer_last_name_"": 1}, {""customer_last_name"": ""Davis"", ""COUNT_customer_last_name_"": 1}, {""customer_last_name"": ""Effertz"", ""COUNT_customer_last_name_"": 2}, {""customer_last_name"": ""Erdman"", ""COUNT_customer_last_name_"": 1}, {""customer_last_name"": ""Farrell"", ""COUNT_customer_last_name_"": 1}, {""customer_last_name"": ""Feest"", ""COUNT_customer_last_name_"": 1}, {""customer_last_name"": ""Huels"", ""COUNT_customer_last_name_"": 1}, {""customer_last_name"": ""Langworth"", ""COUNT_customer_last_name_"": 1}, {""customer_last_name"": ""Lind"", ""COUNT_customer_last_name_"": 1}, {""customer_last_name"": ""Rath"", ""COUNT_customer_last_name_"": 1}, {""customer_last_name"": ""Schinner"", ""COUNT_customer_last_name_"": 1}, {""customer_last_name"": ""Swift"", ""COUNT_customer_last_name_"": 1}, {""customer_last_name"": ""Turcotte"", ""COUNT_customer_last_name_"": 1}, {""customer_last_name"": ""Wiza"", ""COUNT_customer_last_name_"": 1}]}, ""mark"": ""bar"", ""encoding"": {""x"": {""field"": ""customer_last_name"", ""type"": ""nominal""}, ""y"": {""field"": ""COUNT_customer_last_name_"", ""type"": ""quantitative""}}}"
,1060@y_name@DESC,Could you display chart of card type codes with their transaction counts?,,,,,,,,1,1,1,1,,,,,Bar,Hard,Financial_transactions,"{""$schema"": ""https://vega.github.io/schema/vega-lite/v6.json"", ""description"": ""Vega-Lite chart for key 1060@y_name@DESC"", ""data"": {""values"": [{""card_type_code"": ""Debit"", ""count_"": 8}, {""card_type_code"": ""Credit"", ""count_"": 7}]}, ""mark"": ""bar"", ""encoding"": {""x"": {""field"": ""card_type_code"", ""type"": ""nominal""}, ""y"": {""field"": ""count_"", ""type"": ""quantitative""}}}"
,1105@y_name@ASC,"Which departments have heads acting temporarily, and how many employees are in each?",,,,,,,,1,1,1,1,,,,,Bar,Extra Hard,department,"{""$schema"": ""https://vega.github.io/schema/vega-lite/v6.json"", ""description"": ""Vega-Lite chart for key 1105@y_name@ASC"", ""data"": {""values"": [{""Name"": ""Homeland Security"", ""SUM_Num_Employees_"": 208000}, {""Name"": ""Treasury"", ""SUM_Num_Employees_"": 115897}]}, ""mark"": ""bar"", ""encoding"": {""x"": {""field"": ""Name"", ""type"": ""nominal""}, ""y"": {""field"": ""SUM_Num_Employees_"", ""type"": ""quantitative""}}}"
,1122@y_name@ASC,How many customers use each payment method?,,,,,,,,1,1,1,1,,,,,Bar,Medium,customers,"{""$schema"": ""https://vega.github.io/schema/vega-lite/v6.json"", ""description"": ""Vega-Lite chart for key 1122@y_name@ASC"", ""data"": {""values"": [{""payment_method_code"": ""Direct Debit"", ""count_"": 5}, {""payment_method_code"": ""Credit Card"", ""count_"": 10}]}, ""mark"": ""bar"", ""encoding"": {""x"": {""field"": ""payment_method_code"", ""type"": ""nominal""}, ""y"": {""field"": ""count_"", ""type"": ""quantitative""}}}"
,1129,What’s the highest price for each product type?,,,,,,,,1,1,1,1,,,,,Bar,Easy,products,"{""$schema"": ""https://vega.github.io/schema/vega-lite/v6.json"", ""description"": ""Vega-Lite chart for key 1129"", ""data"": {""values"": [{""product_type_code"": ""Clothes"", ""max_product_price_"": 939.57}, {""product_type_code"": ""Hardware"", ""max_product_price_"": 971.44}]}, ""mark"": ""bar"", ""encoding"": {""x"": {""field"": ""product_type_code"", ""type"": ""nominal""}, ""y"": {""field"": ""max_product_price_"", ""type"": ""quantitative""}}}"
,1130,What’s the lowest price for each product type?,,,,,,,,1,1,1,1,,,,,Bar,Easy,products,"{""$schema"": ""https://vega.github.io/schema/vega-lite/v6.json"", ""description"": ""Vega-Lite chart for key 1130"", ""data"": {""values"": [{""product_type_code"": ""Clothes"", ""min_product_price_"": 408.82}, {""product_type_code"": ""Hardware"", ""min_product_price_"": 612.46}]}, ""mark"": ""bar"", ""encoding"": {""x"": {""field"": ""product_type_code"", ""type"": ""nominal""}, ""y"": {""field"": ""min_product_price_"", ""type"": ""quantitative""}}}"
,1150@y_name@ASC,"How many shops are in each location,?",,,,,,,,1,1,1,1,,,,,Bar,Medium,shop,"{""$schema"": ""https://vega.github.io/schema/vega-lite/v6.json"", ""description"": ""Vega-Lite chart for key 1150@y_name@ASC"", ""data"": {""values"": [{""Location"": ""Cymmer"", ""COUNT_Location_"": 1}, {""Location"": ""Gelli"", ""COUNT_Location_"": 1}, {""Location"": ""Maerdy"", ""COUNT_Location_"": 1}, {""Location"": ""Pentre"", ""COUNT_Location_"": 1}, {""Location"": ""Porth"", ""COUNT_Location_"": 1}, {""Location"": ""Wattstown"", ""COUNT_Location_"": 1}, {""Location"": ""Blaenllechau"", ""COUNT_Location_"": 2}, {""Location"": ""Dinas"", ""COUNT_Location_"": 2}, {""Location"": ""Penygraig"", ""COUNT_Location_"": 2}]}, ""mark"": ""bar"", ""encoding"": {""x"": {""field"": ""Location"", ""type"": ""nominal""}, ""y"": {""field"": ""COUNT_Location_"", ""type"": ""quantitative""}}}"
,116@x_name@DESC,Which staff members contacted how many distinct engineers?,,,,,,,,1,1,1,1,,,,,Bar,Hard,Staff,"{""$schema"": ""https://vega.github.io/schema/vega-lite/v6.json"", ""description"": ""Vega-Lite chart for key 116@x_name@DESC"", ""data"": {""values"": [{""staff_name"": ""Rodger"", ""count_"": 1}, {""staff_name"": ""Oren"", ""count_"": 1}, {""staff_name"": ""Kadin"", ""count_"": 1}, {""staff_name"": ""Edmond"", ""count_"": 3}, {""staff_name"": ""Cyrus"", ""count_"": 1}, {""staff_name"": ""Christophe"", ""count_"": 1}, {""staff_name"": ""Bernice"", ""count_"": 2}, {""staff_name"": ""Berneice"", ""count_"": 2}]}, ""mark"": ""bar"", ""encoding"": {""x"": {""field"": ""staff_name"", ""type"": ""nominal""}, ""y"": {""field"": ""count_"", ""type"": ""quantitative""}}}"
,1187,How many treated dogs arrived in each year?,,,,,,,,1,1,1,1,,,,,Bar,Medium,Dogs,"{""$schema"": ""https://vega.github.io/schema/vega-lite/v6.json"", ""description"": ""Vega-Lite chart for key 1187"", ""data"": {""values"": [{""date_arrived"": ""2017"", ""COUNT_date_arrived_"": 8}, {""date_arrived"": ""2018"", ""COUNT_date_arrived_"": 1}]}, ""mark"": ""bar"", ""encoding"": {""x"": {""field"": ""date_arrived"", ""type"": ""nominal""}, ""y"": {""field"": ""COUNT_date_arrived_"", ""type"": ""quantitative""}}}"
,1222@y_name@DESC,What’s the average age of students in each dorm?,,,,,,,,1,1,1,1,,,,,Bar,Hard,student,"{""$schema"": ""https://vega.github.io/schema/vega-lite/v6.json"", ""description"": ""Vega-Lite chart for key 1222@y_name@DESC"", ""data"": {""values"": [{""dorm_name"": ""Smith Hall"", ""avg_T1_age_"": 20.166666666666668}, {""dorm_name"": ""Bud Jones Hall"", ""avg_T1_age_"": 20}, {""dorm_name"": ""Fawlty Towers"", ""avg_T1_age_"": 19.777777777777782}, {""dorm_name"": ""Anonymous Donor Hall"", ""avg_T1_age_"": 19.666666666666668}, {""dorm_name"": ""Dorm-plex 2000"", ""avg_T1_age_"": 19.6}, {""dorm_name"": ""University Hovels"", ""avg_T1_age_"": 18}, {""dorm_name"": ""Grad Student Asylum"", ""avg_T1_age_"": 18}]}, ""mark"": ""bar"", ""encoding"": {""x"": {""field"": ""dorm_name"", ""type"": ""nominal""}, ""y"": {""field"": ""avg_T1_age_"", ""type"": ""quantitative""}}}"
,1229,What's the total count for each city code?,,,,,,,,1,1,1,1,,,,,Bar,Easy,student,"{""$schema"": ""https://vega.github.io/schema/vega-lite/v6.json"", ""description"": ""Vega-Lite chart for key 1229"", ""data"": {""values"": [{""city_code"": ""ATL"", ""count_"": 1}, {""city_code"": ""BAL"", ""count_"": 4}, {""city_code"": ""BOS"", ""count_"": 1}, {""city_code"": ""CHI"", ""count_"": 1}, {""city_code"": ""DAL"", ""count_"": 1}, {""city_code"": ""DET"", ""count_"": 1}, {""city_code"": ""HKG"", ""count_"": 3}, {""city_code"": ""HOU"", ""count_"": 1}, {""city_code"": ""LON"", ""count_"": 1}, {""city_code"": ""LOS"", ""count_"": 1}, {""city_code"": ""NAR"", ""count_"": 1}, {""city_code"": ""NYC"", ""count_"": 3}, {""city_code"": ""PEK"", ""count_"": 1}, {""city_code"": ""PHL"", ""count_"": 3}, {""city_code"": ""PIT"", ""count_"": 4}, {""city_code"": ""ROC"", ""count_"": 1}, {""city_code"": ""SFO"", ""count_"": 1}, {""city_code"": ""WAS"", ""count_"": 3}, {""city_code"": ""YYZ"", ""count_"": 2}]}, ""mark"": ""bar"", ""encoding"": {""x"": {""field"": ""city_code"", ""type"": ""nominal""}, ""y"": {""field"": ""count_"", ""type"": ""quantitative""}}}"
,1232,What’s the average age of students in each city?,,,,,,,,1,1,1,1,,,,,Bar,Easy,student,"{""$schema"": ""https://vega.github.io/schema/vega-lite/v6.json"", ""description"": ""Vega-Lite chart for key 1232"", ""data"": {""values"": [{""city_code"": ""ATL"", ""avg_age_"": 20}, {""city_code"": ""BAL"", ""avg_age_"": 18.5}, {""city_code"": ""BOS"", ""avg_age_"": 18}, {""city_code"": ""CHI"", ""avg_age_"": 20}, {""city_code"": ""DAL"", ""avg_age_"": 18}, {""city_code"": ""DET"", ""avg_age_"": 17}, {""city_code"": ""HKG"", ""avg_age_"": 18}, {""city_code"": ""HOU"", ""avg_age_"": 17}, {""city_code"": ""LON"", ""avg_age_"": 27}, {""city_code"": ""LOS"", ""avg_age_"": 18}, {""city_code"": ""NAR"", ""avg_age_"": 18}, {""city_code"": ""NYC"", ""avg_age_"": 20.33333333333333}, {""city_code"": ""PEK"", ""avg_age_"": 17}, {""city_code"": ""PHL"", ""avg_age_"": 19.666666666666668}, {""city_code"": ""PIT"", ""avg_age_"": 19}, {""city_code"": ""ROC"", ""avg_age_"": 20}, {""city_code"": ""SFO"", ""avg_age_"": 21}, {""city_code"": ""WAS"", ""avg_age_"": 21.66666666666667}, {""city_code"": ""YYZ"", ""avg_age_"": 22.5}]}, ""mark"": ""bar"", ""encoding"": {""x"": {""field"": ""city_code"", ""type"": ""nominal""}, ""y"": {""field"": ""avg_age_"", ""type"": ""quantitative""}}}"
,123@y_name@DESC,What’s the count of faults for each fault status in the logs?,,,,,,,,1,1,1,1,,,,,Bar,Hard,Fault_Log,"{""$schema"": ""https://vega.github.io/schema/vega-lite/v6.json"", ""description"": ""Vega-Lite chart for key 123@y_name@DESC"", ""data"": {""values"": [{""fault_status"": ""Reported"", ""COUNT_fault_status_"": 5}, {""fault_status"": ""Fixed"", ""COUNT_fault_status_"": 5}, {""fault_status"": ""Waiting"", ""COUNT_fault_status_"": 3}, {""fault_status"": ""Return"", ""COUNT_fault_status_"": 2}]}, ""mark"": ""bar"", ""encoding"": {""x"": {""field"": ""fault_status"", ""type"": ""nominal""}, ""y"": {""field"": ""COUNT_fault_status_"", ""type"": ""quantitative""}}}"
,1247@x_name@ASC,Could you list each payment method along with its count of payments?,,,,,,,,1,1,1,1,,,,,Bar,Medium,Customer_Payments,"{""$schema"": ""https://vega.github.io/schema/vega-lite/v6.json"", ""description"": ""Vega-Lite chart for key 1247@x_name@ASC"", ""data"": {""values"": [{""payment_method_code"": ""Credit Card"", ""count_"": 5}, {""payment_method_code"": ""Direct Debit"", ""count_"": 10}]}, ""mark"": ""bar"", ""encoding"": {""x"": {""field"": ""payment_method_code"", ""type"": ""nominal""}, ""y"": {""field"": ""count_"", ""type"": ""quantitative""}}}"
,1302@x_name@ASC,What’s the number of delegates in each county?,,,,,,,,1,1,1,1,,,,,Bar,Hard,county,"{""$schema"": ""https://vega.github.io/schema/vega-lite/v6.json"", ""description"": ""Vega-Lite chart for key 1302@x_name@ASC"", ""data"": {""values"": [{""County_name"": ""Baltimore County"", ""COUNT_County_name_"": 2}, {""County_name"": ""Colony"", ""COUNT_County_name_"": 2}, {""County_name"": ""Howard"", ""COUNT_County_name_"": 3}, {""County_name"": ""Mansfield"", ""COUNT_County_name_"": 1}]}, ""mark"": ""bar"", ""encoding"": {""x"": {""field"": ""County_name"", ""type"": ""nominal""}, ""y"": {""field"": ""COUNT_County_name_"", ""type"": ""quantitative""}}}"
,1335@y_name@DESC,"Could you show a  chart of the full‑time status distribution, grouped by Is_full_time?",,,,,,,,1,1,1,1,,,,,Bar,Medium,hiring,"{""$schema"": ""https://vega.github.io/schema/vega-lite/v6.json"", ""description"": ""Vega-Lite chart for key 1335@y_name@DESC"", ""data"": {""values"": [{""Is_full_time"": ""T"", ""COUNT_Is_full_time_"": 5}, {""Is_full_time"": ""F"", ""COUNT_Is_full_time_"": 2}]}, ""mark"": ""bar"", ""encoding"": {""x"": {""field"": ""Is_full_time"", ""type"": ""nominal""}, ""y"": {""field"": ""COUNT_Is_full_time_"", ""type"": ""quantitative""}}}"
,1384@y_name@ASC,What are the statuses and average populations for each city?,,,,,,,,1,1,1,1,,,,,Bar,Medium,city,"{""$schema"": ""https://vega.github.io/schema/vega-lite/v6.json"", ""description"": ""Vega-Lite chart for key 1384@y_name@ASC"", ""data"": {""values"": [{""Status"": ""Village"", ""avg_Population_"": 1009.75}, {""Status"": ""Town"", ""avg_Population_"": 5706}]}, ""mark"": ""bar"", ""encoding"": {""x"": {""field"": ""Status"", ""type"": ""nominal""}, ""y"": {""field"": ""avg_Population_"", ""type"": ""quantitative""}}}"
,1392,What’s the count of films for each type?,,,,,,,,1,1,1,1,,,,,Bar,Medium,film,"{""$schema"": ""https://vega.github.io/schema/vega-lite/v6.json"", ""description"": ""Vega-Lite chart for key 1392"", ""data"": {""values"": [{""Type"": ""Mass human sacrifice"", ""COUNT_Type_"": 1}, {""Type"": ""Mass suicide"", ""COUNT_Type_"": 6}, {""Type"": ""Mass suicide murder"", ""COUNT_Type_"": 2}]}, ""mark"": ""bar"", ""encoding"": {""x"": {""field"": ""Type"", ""type"": ""nominal""}, ""y"": {""field"": ""COUNT_Type_"", ""type"": ""quantitative""}}}"
,139@y_name@ASC,"How many assets can each part be used in, showing the part name?",,,,,,,,1,1,1,1,,,,,Bar,Hard,Parts,"{""$schema"": ""https://vega.github.io/schema/vega-lite/v6.json"", ""description"": ""Vega-Lite chart for key 139@y_name@ASC"", ""data"": {""values"": [{""part_name"": ""top"", ""count_"": 4}, {""part_name"": ""middle"", ""count_"": 5}, {""part_name"": ""package"", ""count_"": 6}]}, ""mark"": ""bar"", ""encoding"": {""x"": {""field"": ""part_name"", ""type"": ""nominal""}, ""y"": {""field"": ""count_"", ""type"": ""quantitative""}}}"
,1462@x_name@ASC,How many students play each sport?,,,,,,,,1,1,1,1,,,,,Bar,Medium,Sportsinfo,"{""$schema"": ""https://vega.github.io/schema/vega-lite/v6.json"", ""description"": ""Vega-Lite chart for key 1462@x_name@ASC"", ""data"": {""values"": [{""SportName"": ""Athletics"", ""count_"": 1}, {""SportName"": ""Baseball"", ""count_"": 1}, {""SportName"": ""Basketball"", ""count_"": 1}, {""SportName"": ""Cricket"", ""count_"": 1}, {""SportName"": ""Curling"", ""count_"": 1}, {""SportName"": ""Football"", ""count_"": 2}, {""SportName"": ""Lacrosse"", ""count_"": 3}, {""SportName"": ""Soccer"", ""count_"": 1}, {""SportName"": ""Swimming"", ""count_"": 1}, {""SportName"": ""Tennis"", ""count_"": 2}]}, ""mark"": ""bar"", ""encoding"": {""x"": {""field"": ""SportName"", ""type"": ""nominal""}, ""y"": {""field"": ""count_"", ""type"": ""quantitative""}}}"
,1491@y_name@DESC,How many games does each home team have?,,,,,,,,1,1,1,1,,,,,Bar,Medium,game,"{""$schema"": ""https://vega.github.io/schema/vega-lite/v6.json"", ""description"": ""Vega-Lite chart for key 1491@y_name@DESC"", ""data"": {""values"": [{""Home_team"": ""Pakhtakor"", ""COUNT_Home_team_"": 10}, {""Home_team"": ""Bunyodkor"", ""COUNT_Home_team_"": 9}, {""Home_team"": ""Quruvchi"", ""COUNT_Home_team_"": 1}]}, ""mark"": ""bar"", ""encoding"": {""x"": {""field"": ""Home_team"", ""type"": ""nominal""}, ""y"": {""field"": ""COUNT_Home_team_"", ""type"": ""quantitative""}}}"
,1493@y_name@ASC,Could you show a  chart with the away teams?,,,,,,,,1,1,1,1,,,,,Bar,Medium,game,"{""$schema"": ""https://vega.github.io/schema/vega-lite/v6.json"", ""description"": ""Vega-Lite chart for key 1493@y_name@ASC"", ""data"": {""values"": [{""Away_team"": ""Quruvchi"", ""COUNT_Away_team_"": 3}, {""Away_team"": ""Bunyodkor"", ""COUNT_Away_team_"": 7}, {""Away_team"": ""Pakhtakor"", ""COUNT_Away_team_"": 10}]}, ""mark"": ""bar"", ""encoding"": {""x"": {""field"": ""Away_team"", ""type"": ""nominal""}, ""y"": {""field"": ""COUNT_Away_team_"", ""type"": ""quantitative""}}}"
,1498@y_name@DESC,Which headquarters host how many companies?,,,,,,,,1,1,1,1,,,,,Bar,Medium,company,"{""$schema"": ""https://vega.github.io/schema/vega-lite/v6.json"", ""description"": ""Vega-Lite chart for key 1498@y_name@DESC"", ""data"": {""values"": [{""Headquarters"": ""USA"", ""count_"": 4}, {""Headquarters"": ""UK"", ""count_"": 2}, {""Headquarters"": ""China"", ""count_"": 2}, {""Headquarters"": ""Netherlands"", ""count_"": 1}, {""Headquarters"": ""Brazil"", ""count_"": 1}]}, ""mark"": ""bar"", ""encoding"": {""x"": {""field"": ""Headquarters"", ""type"": ""nominal""}, ""y"": {""field"": ""count_"", ""type"": ""quantitative""}}}"
,1516@x_name@DESC,Could you show a chart of each company’s name with its number of gas stations?,,,,,,,,1,1,1,1,,,,,Bar,Hard,station_company,"{""$schema"": ""https://vega.github.io/schema/vega-lite/v6.json"", ""description"": ""Vega-Lite chart for key 1516@x_name@DESC"", ""data"": {""values"": [{""Company"": ""Royal Dutch Shell"", ""count_"": 1}, {""Company"": ""Petrobras"", ""count_"": 1}, {""Company"": ""PetroChina"", ""count_"": 1}, {""Company"": ""ExxonMobil"", ""count_"": 2}, {""Company"": ""BP"", ""count_"": 1}]}, ""mark"": ""bar"", ""encoding"": {""x"": {""field"": ""Company"", ""type"": ""nominal""}, ""y"": {""field"": ""count_"", ""type"": ""quantitative""}}}"
,1551@y_name@ASC,"Which employees have a “D” or an “S” in their first name, and what does the distribution of their hire dates look like?",,,,,,,,1,1,0,0,,,,,Bar,Extra Hard,employees,"{""$schema"": ""https://vega.github.io/schema/vega-lite/v6.json"", ""description"": ""Vega-Lite chart for key 1551@y_name@ASC"", ""data"": {""values"": [{""HIRE_DATE"": ""Thur"", ""AVG_SALARY_"": 3280}, {""HIRE_DATE"": ""Sat"", ""AVG_SALARY_"": 4933.333333333333}, {""HIRE_DATE"": ""Fri"", ""AVG_SALARY_"": 6357.142857142857}, {""HIRE_DATE"": ""Mon"", ""AVG_SALARY_"": 6525}, {""HIRE_DATE"": ""Tue"", ""AVG_SALARY_"": 6620}, {""HIRE_DATE"": ""Wed"", ""AVG_SALARY_"": 7590.909090909091}, {""HIRE_DATE"": ""Sun"", ""AVG_SALARY_"": 7733.333333333333}]}, ""mark"": ""bar"", ""encoding"": {""x"": {""field"": ""HIRE_DATE"", ""type"": ""nominal""}, ""y"": {""field"": ""AVG_SALARY_"", ""type"": ""quantitative""}}}"
,1627@x_name@DESC,How many employees have each job ID when their salary is lower than any salary of an MK_MAN?,,,,,,,,1,1,1,1,,,,,Bar,Hard,employees,"{""$schema"": ""https://vega.github.io/schema/vega-lite/v6.json"", ""description"": ""Vega-Lite chart for key 1627@x_name@DESC"", ""data"": {""values"": [{""JOB_ID"": ""ST_MAN"", ""COUNT_JOB_ID_"": 5}, {""JOB_ID"": ""ST_CLERK"", ""COUNT_JOB_ID_"": 20}, {""JOB_ID"": ""SH_CLERK"", ""COUNT_JOB_ID_"": 20}, {""JOB_ID"": ""SA_REP"", ""COUNT_JOB_ID_"": 30}, {""JOB_ID"": ""SA_MAN"", ""COUNT_JOB_ID_"": 3}, {""JOB_ID"": ""PU_MAN"", ""COUNT_JOB_ID_"": 1}, {""JOB_ID"": ""PU_CLERK"", ""COUNT_JOB_ID_"": 5}, {""JOB_ID"": ""PR_REP"", ""COUNT_JOB_ID_"": 1}, {""JOB_ID"": ""MK_REP"", ""COUNT_JOB_ID_"": 1}, {""JOB_ID"": ""IT_PROG"", ""COUNT_JOB_ID_"": 5}, {""JOB_ID"": ""HR_REP"", ""COUNT_JOB_ID_"": 1}, {""JOB_ID"": ""FI_MGR"", ""COUNT_JOB_ID_"": 1}, {""JOB_ID"": ""FI_ACCOUNT"", ""COUNT_JOB_ID_"": 5}, {""JOB_ID"": ""AD_ASST"", ""COUNT_JOB_ID_"": 1}, {""JOB_ID"": ""AC_MGR"", ""COUNT_JOB_ID_"": 1}, {""JOB_ID"": ""AC_ACCOUNT"", ""COUNT_JOB_ID_"": 1}]}, ""mark"": ""bar"", ""encoding"": {""x"": {""field"": ""JOB_ID"", ""type"": ""nominal""}, ""y"": {""field"": ""COUNT_JOB_ID_"", ""type"": ""quantitative""}}}"
,1630,What are the frequencies of last names for employees who earn more than the employee with ID 163?,,,,,,,,1,1,1,1,,,,,Bar,Medium,employees,"{""$schema"": ""https://vega.github.io/schema/vega-lite/v6.json"", ""description"": ""Vega-Lite chart for key 1630"", ""data"": {""values"": [{""LAST_NAME"": ""Abel"", ""COUNT_LAST_NAME_"": 1}, {""LAST_NAME"": ""Baer"", ""COUNT_LAST_NAME_"": 1}, {""LAST_NAME"": ""Bloom"", ""COUNT_LAST_NAME_"": 1}, {""LAST_NAME"": ""Cambrault"", ""COUNT_LAST_NAME_"": 1}, {""LAST_NAME"": ""De Haan"", ""COUNT_LAST_NAME_"": 1}, {""LAST_NAME"": ""Errazuriz"", ""COUNT_LAST_NAME_"": 1}, {""LAST_NAME"": ""Fox"", ""COUNT_LAST_NAME_"": 1}, {""LAST_NAME"": ""Greenberg"", ""COUNT_LAST_NAME_"": 1}, {""LAST_NAME"": ""Hartstein"", ""COUNT_LAST_NAME_"": 1}, {""LAST_NAME"": ""Higgins"", ""COUNT_LAST_NAME_"": 1}, {""LAST_NAME"": ""King"", ""COUNT_LAST_NAME_"": 2}, {""LAST_NAME"": ""Kochhar"", ""COUNT_LAST_NAME_"": 1}, {""LAST_NAME"": ""Ozer"", ""COUNT_LAST_NAME_"": 1}, {""LAST_NAME"": ""Partners"", ""COUNT_LAST_NAME_"": 1}, {""LAST_NAME"": ""Raphaely"", ""COUNT_LAST_NAME_"": 1}, {""LAST_NAME"": ""Russell"", ""COUNT_LAST_NAME_"": 1}, {""LAST_NAME"": ""Tucker"", ""COUNT_LAST_NAME_"": 1}, {""LAST_NAME"": ""Vishney"", ""COUNT_LAST_NAME_"": 1}, {""LAST_NAME"": ""Zlotkey"", ""COUNT_LAST_NAME_"": 1}]}, ""mark"": ""bar"", ""encoding"": {""x"": {""field"": ""LAST_NAME"", ""type"": ""nominal""}, ""y"": {""field"": ""COUNT_LAST_NAME_"", ""type"": ""quantitative""}}}"
,1702@y_name@ASC,"What are the job titles and their salary ranges for positions with a maximum salary between 12,000 and 18,000?",,,,,,,,1,1,1,1,,,,,Bar,Medium,jobs,"{""$schema"": ""https://vega.github.io/schema/vega-lite/v6.json"", ""description"": ""Vega-Lite chart for key 1702@y_name@ASC"", ""data"": {""values"": [{""JOB_TITLE"": ""Marketing Manager"", ""max_salary_min_salary"": 6000}, {""JOB_TITLE"": ""Sales Representative"", ""max_salary_min_salary"": 6000}, {""JOB_TITLE"": ""Purchasing Manager"", ""max_salary_min_salary"": 7000}, {""JOB_TITLE"": ""Accounting Manager"", ""max_salary_min_salary"": 7800}, {""JOB_TITLE"": ""Finance Manager"", ""max_salary_min_salary"": 7800}]}, ""mark"": ""bar"", ""encoding"": {""x"": {""field"": ""JOB_TITLE"", ""type"": ""nominal""}, ""y"": {""field"": ""max_salary_min_salary"", ""type"": ""quantitative""}}}"
,2096,What's the number of customers for each move‑in date?,,,,,,,,1,1,0,1,,,,,Bar,Medium,Customers,"{""$schema"": ""https://vega.github.io/schema/vega-lite/v6.json"", ""description"": ""Vega-Lite chart for key 2096"", ""data"": {""values"": [{""date_moved_in"": ""2015-03-27"", ""COUNT_date_moved_in_"": 9}, {""date_moved_in"": ""2016-09-27"", ""COUNT_date_moved_in_"": 4}]}, ""mark"": ""bar"", ""encoding"": {""x"": {""field"": ""date_moved_in"", ""type"": ""nominal""}, ""y"": {""field"": ""COUNT_date_moved_in_"", ""type"": ""quantitative""}}}"
,2127@x_name@ASC,Could you plot a  chart with participant type codes?,,,,,,,,1,1,1,1,,,,,Bar,Medium,Participants,"{""$schema"": ""https://vega.github.io/schema/vega-lite/v6.json"", ""description"": ""Vega-Lite chart for key 2127@x_name@ASC"", ""data"": {""values"": [{""Participant_Type_Code"": ""Organizer"", ""COUNT_Participant_Type_Code_"": 7}, {""Participant_Type_Code"": ""Participant"", ""COUNT_Participant_Type_Code_"": 8}]}, ""mark"": ""bar"", ""encoding"": {""x"": {""field"": ""Participant_Type_Code"", ""type"": ""nominal""}, ""y"": {""field"": ""COUNT_Participant_Type_Code_"", ""type"": ""quantitative""}}}"
,2310@x_name@DESC,"How many furniture types does each manufacturer produce, and what are their company names?",,,,,,,,1,1,1,1,,,,,Bar,Hard,manufacturer,"{""$schema"": ""https://vega.github.io/schema/vega-lite/v6.json"", ""description"": ""Vega-Lite chart for key 2310@x_name@DESC"", ""data"": {""values"": [{""Name"": ""Tomorrow"", ""count_"": 2}, {""Name"": ""Chevrolet House"", ""count_"": 1}, {""Name"": ""Jiaju"", ""count_"": 1}, {""Name"": ""Chevrolet"", ""count_"": 1}]}, ""mark"": ""bar"", ""encoding"": {""x"": {""field"": ""Name"", ""type"": ""nominal""}, ""y"": {""field"": ""count_"", ""type"": ""quantitative""}}}"
,2344,What are the names of the camera lenses and how many photos each took?,,,,,,,,1,1,1,1,,,,,Bar,Hard,camera_lens,"{""$schema"": ""https://vega.github.io/schema/vega-lite/v6.json"", ""description"": ""Vega-Lite chart for key 2344"", ""data"": {""values"": [{""name"": ""Panasonic Leica DG Nocticron 42.5mm f /1.2"", ""count_"": 1}, {""name"": ""Panasonic Lumix G 150mm f /2.8"", ""count_"": 1}, {""name"": ""Olympus 15mm f/8.0 Body Cap"", ""count_"": 2}, {""name"": ""Schneider Kreuznach Super Angulon 14mm f /2.0"", ""count_"": 2}, {""name"": ""Sigma 19mm f2.8 EX DN"", ""count_"": 4}]}, ""mark"": ""bar"", ""encoding"": {""x"": {""field"": ""name"", ""type"": ""nominal""}, ""y"": {""field"": ""count_"", ""type"": ""quantitative""}}}"
,2403,Which years did a movie receive a 4‑ or 5‑star rating?,,,,,,,,1,1,1,1,,,,,Bar,Extra Hard,Movie,"{""$schema"": ""https://vega.github.io/schema/vega-lite/v6.json"", ""description"": ""Vega-Lite chart for key 2403"", ""data"": {""values"": [{""year"": ""1937"", ""COUNT_year_"": 2}, {""year"": ""1939"", ""COUNT_year_"": 1}, {""year"": ""1981"", ""COUNT_year_"": 2}, {""year"": ""2009"", ""COUNT_year_"": 1}]}, ""mark"": ""bar"", ""encoding"": {""x"": {""field"": ""year"", ""type"": ""nominal""}, ""y"": {""field"": ""COUNT_year_"", ""type"": ""quantitative""}}}"
,2437,How old were each of these singers when they first received a famous title?,,,,,,,,1,1,1,1,,,,,Bar,Easy,artist,"{""$schema"": ""https://vega.github.io/schema/vega-lite/v6.json"", ""description"": ""Vega-Lite chart for key 2437"", ""data"": {""values"": [{""Artist"": ""Gorgoroth"", ""Age"": 34}, {""Artist"": ""Ophiolatry"", ""Age"": 22}, {""Artist"": ""Black Flame"", ""Age"": 18}, {""Artist"": ""Tangorodrim"", ""Age"": 27}, {""Artist"": ""Triumfall"", ""Age"": 49}]}, ""mark"": ""bar"", ""encoding"": {""x"": {""field"": ""Artist"", ""type"": ""nominal""}, ""y"": {""field"": ""Age"", ""type"": ""quantitative""}}}"
,2457,How many high‑school students have likes?,,,,,,,,1,1,1,1,,,,,Bar,Medium,Likes,"{""$schema"": ""https://vega.github.io/schema/vega-lite/v6.json"", ""description"": ""Vega-Lite chart for key 2457"", ""data"": {""values"": [{""name"": ""Alexis"", ""COUNT_name_"": 1}, {""name"": ""Andrew"", ""COUNT_name_"": 1}, {""name"": ""Austin"", ""COUNT_name_"": 1}, {""name"": ""Brittany"", ""COUNT_name_"": 1}, {""name"": ""Cassandra"", ""COUNT_name_"": 1}, {""name"": ""Gabriel"", ""COUNT_name_"": 2}, {""name"": ""Jessica"", ""COUNT_name_"": 1}, {""name"": ""John"", ""COUNT_name_"": 1}, {""name"": ""Kyle"", ""COUNT_name_"": 1}]}, ""mark"": ""bar"", ""encoding"": {""x"": {""field"": ""name"", ""type"": ""nominal""}, ""y"": {""field"": ""COUNT_name_"", ""type"": ""quantitative""}}}"
,246,Could you show a  chart of the yearly distribution of date_address_from and the corresponding sum of monthly_rental for each year?,,,,,,,,1,1,1,1,,,,,Bar,Medium,Student_Addresses,"{""$schema"": ""https://vega.github.io/schema/vega-lite/v6.json"", ""description"": ""Vega-Lite chart for key 246"", ""data"": {""values"": [{""date_address_from"": ""2017"", ""SUM_monthly_rental_"": 13315.6005}, {""date_address_from"": ""2018"", ""SUM_monthly_rental_"": 5508.4205}]}, ""mark"": ""bar"", ""encoding"": {""x"": {""field"": ""date_address_from"", ""type"": ""nominal""}, ""y"": {""field"": ""SUM_monthly_rental_"", ""type"": ""quantitative""}}}"
,248,"Could you break down date_address_from by weekday, count the entries for each day?",,,,,,,,1,1,1,1,,,,,Bar,Medium,Student_Addresses,"{""$schema"": ""https://vega.github.io/schema/vega-lite/v6.json"", ""description"": ""Vega-Lite chart for key 248"", ""data"": {""values"": [{""date_address_from"": ""Mon"", ""COUNT_date_address_from_"": 4}, {""date_address_from"": ""Tue"", ""COUNT_date_address_from_"": 2}, {""date_address_from"": ""Wed"", ""COUNT_date_address_from_"": 1}, {""date_address_from"": ""Thur"", ""COUNT_date_address_from_"": 2}, {""date_address_from"": ""Fri"", ""COUNT_date_address_from_"": 4}, {""date_address_from"": ""Sat"", ""COUNT_date_address_from_"": 3}, {""date_address_from"": ""Sun"", ""COUNT_date_address_from_"": 4}]}, ""mark"": ""bar"", ""encoding"": {""x"": {""field"": ""date_address_from"", ""type"": ""nominal""}, ""y"": {""field"": ""COUNT_date_address_from_"", ""type"": ""quantitative""}}}"
,2560@y_name@DESC,Could you show the average weight for each pet type?,,,,,,,,1,1,1,1,,,,,Bar,Medium,pets,"{""$schema"": ""https://vega.github.io/schema/vega-lite/v6.json"", ""description"": ""Vega-Lite chart for key 2560@y_name@DESC"", ""data"": {""values"": [{""PetType"": ""cat"", ""avg_weight_"": 12}, {""PetType"": ""dog"", ""avg_weight_"": 11.35}]}, ""mark"": ""bar"", ""encoding"": {""x"": {""field"": ""PetType"", ""type"": ""nominal""}, ""y"": {""field"": ""avg_weight_"", ""type"": ""quantitative""}}}"
,2605,What are the names and levels of catalog structures with level numbers between 5 and 10?,,,,,,,,1,1,1,1,,,,,Bar,Easy,Catalog_Structure,"{""$schema"": ""https://vega.github.io/schema/vega-lite/v6.json"", ""description"": ""Vega-Lite chart for key 2605"", ""data"": {""values"": [{""catalog_level_name"": ""Sub-Category"", ""catalog_level_number"": 8}, {""catalog_level_name"": ""Product"", ""catalog_level_number"": 9}]}, ""mark"": ""bar"", ""encoding"": {""x"": {""field"": ""catalog_level_name"", ""type"": ""nominal""}, ""y"": {""field"": ""catalog_level_number"", ""type"": ""quantitative""}}}"
,2607@x_name@DESC,What are the names and capacities of products priced over $700r?,,,,,,,,1,1,1,1,,,,,Bar,Medium,Catalog_Contents,"{""$schema"": ""https://vega.github.io/schema/vega-lite/v6.json"", ""description"": ""Vega-Lite chart for key 2607@x_name@DESC"", ""data"": {""values"": [{""catalog_entry_name"": ""Vimto"", ""capacity"": 6}, {""catalog_entry_name"": ""Sprite Lemo"", ""capacity"": 8}, {""catalog_entry_name"": ""Dr Pepper"", ""capacity"": 1}, {""catalog_entry_name"": ""Diet Pepsi"", ""capacity"": 9}, {""catalog_entry_name"": ""Diet Mountain Dew"", ""capacity"": 8}]}, ""mark"": ""bar"", ""encoding"": {""x"": {""field"": ""catalog_entry_name"", ""type"": ""nominal""}, ""y"": {""field"": ""capacity"", ""type"": ""quantitative""}}}"
,2678@y_name@DESC,How many players are there for each occupation?,,,,,,,,1,1,1,1,,,,,Bar,Medium,player,"{""$schema"": ""https://vega.github.io/schema/vega-lite/v6.json"", ""description"": ""Vega-Lite chart for key 2678@y_name@DESC"", ""data"": {""values"": [{""Occupation"": ""Student"", ""COUNT_Occupation_"": 2}, {""Occupation"": ""Retired"", ""COUNT_Occupation_"": 2}, {""Occupation"": ""Parliamentarian"", ""COUNT_Occupation_"": 2}, {""Occupation"": ""Small Businessman"", ""COUNT_Occupation_"": 1}, {""Occupation"": ""Self Employed / Consultant"", ""COUNT_Occupation_"": 1}, {""Occupation"": ""Researcher"", ""COUNT_Occupation_"": 1}, {""Occupation"": ""Product Consultant - MLCC"", ""COUNT_Occupation_"": 1}, {""Occupation"": ""Ministerial Assistant"", ""COUNT_Occupation_"": 1}, {""Occupation"": ""Locomotive Engineer"", ""COUNT_Occupation_"": 1}, {""Occupation"": ""Distribution Centre Associate"", ""COUNT_Occupation_"": 1}, {""Occupation"": ""Design Coordinator"", ""COUNT_Occupation_"": 1}]}, ""mark"": ""bar"", ""encoding"": {""x"": {""field"": ""Occupation"", ""type"": ""nominal""}, ""y"": {""field"": ""COUNT_Occupation_"", ""type"": ""quantitative""}}}"
,2683@x_name@ASC,What are the countries and their average roller‑coaster speeds?,,,,,,,,1,1,1,1,,,,,Bar,Hard,country,"{""$schema"": ""https://vega.github.io/schema/vega-lite/v6.json"", ""description"": ""Vega-Lite chart for key 2683@x_name@ASC"", ""data"": {""values"": [{""Name"": ""Austria"", ""avg_T2_Speed_"": 58.66666666666666}, {""Name"": ""Finland"", ""avg_T2_Speed_"": 47.45}, {""Name"": ""Sweden"", ""avg_T2_Speed_"": 67}]}, ""mark"": ""bar"", ""encoding"": {""x"": {""field"": ""Name"", ""type"": ""nominal""}, ""y"": {""field"": ""avg_T2_Speed_"", ""type"": ""quantitative""}}}"
,2733@y_name@ASC,"Which projects are scientists whose names contain “Smith” assigned to, and how many of them are there for each project?",,,,,,,,1,1,1,1,,,,,Bar,Extra Hard,assignedto,"{""$schema"": ""https://vega.github.io/schema/vega-lite/v6.json"", ""description"": ""Vega-Lite chart for key 2733@y_name@ASC"", ""data"": {""values"": [{""Name"": ""Aerodynamics and Gas Mileage"", ""COUNT_Name_"": 1}, {""Name"": ""Build Your Own Telescope"", ""COUNT_Name_"": 2}]}, ""mark"": ""bar"", ""encoding"": {""x"": {""field"": ""Name"", ""type"": ""nominal""}, ""y"": {""field"": ""COUNT_Name_"", ""type"": ""quantitative""}}}"
,2737@y_name@DESC,How many captains under 50 are in each rank?,,,,,,,,1,1,1,1,,,,,Bar,Hard,captain,"{""$schema"": ""https://vega.github.io/schema/vega-lite/v6.json"", ""description"": ""Vega-Lite chart for key 2737@y_name@DESC"", ""data"": {""values"": [{""Rank"": ""Midshipman"", ""count_"": 3}, {""Rank"": ""Lieutenant"", ""count_"": 1}, {""Rank"": ""Commander, junior captain"", ""count_"": 1}]}, ""mark"": ""bar"", ""encoding"": {""x"": {""field"": ""Rank"", ""type"": ""nominal""}, ""y"": {""field"": ""count_"", ""type"": ""quantitative""}}}"
,2762@y_name@DESC,Could you display the different ship types and their counts in a bar chart?,,,,,,,,1,1,1,1,,,,,Bar,Medium,ship,"{""$schema"": ""https://vega.github.io/schema/vega-lite/v6.json"", ""description"": ""Vega-Lite chart for key 2762@y_name@DESC"", ""data"": {""values"": [{""Type"": ""Cargo ship"", ""COUNT_"": 5}, {""Type"": ""Battle ship"", ""COUNT_"": 3}]}, ""mark"": ""bar"", ""encoding"": {""x"": {""field"": ""Type"", ""type"": ""nominal""}, ""y"": {""field"": ""COUNT_"", ""type"": ""quantitative""}}}"
,2763@y_name@ASC,Show a bar chart comparing the total counts for each fate.,,,,,,,,1,1,1,1,,,,,Bar,Medium,mission,"{""$schema"": ""https://vega.github.io/schema/vega-lite/v6.json"", ""description"": ""Vega-Lite chart for key 2763@y_name@ASC"", ""data"": {""values"": [{""Fate"": ""Decommissioned 1959"", ""COUNT_Fate_"": 1}, {""Fate"": ""Decommissioned 1960"", ""COUNT_Fate_"": 1}, {""Fate"": ""Lost (burned and sunk) 1933"", ""COUNT_Fate_"": 1}, {""Fate"": ""Lost (burned) 1931"", ""COUNT_Fate_"": 1}, {""Fate"": ""Retired 1939"", ""COUNT_Fate_"": 1}, {""Fate"": ""Decommissioned 1950"", ""COUNT_Fate_"": 2}]}, ""mark"": ""bar"", ""encoding"": {""x"": {""field"": ""Fate"", ""type"": ""nominal""}, ""y"": {""field"": ""COUNT_Fate_"", ""type"": ""quantitative""}}}"
,2765@y_name@ASC,What’s the average tonnage for each type?,,,,,,,,1,1,1,1,,,,,Bar,Medium,ship,"{""$schema"": ""https://vega.github.io/schema/vega-lite/v6.json"", ""description"": ""Vega-Lite chart for key 2765@y_name@ASC"", ""data"": {""values"": [{""Type"": ""Cargo ship"", ""avg_Tonnage_"": 3932.2}, {""Type"": ""Battle ship"", ""avg_Tonnage_"": 4845}]}, ""mark"": ""bar"", ""encoding"": {""x"": {""field"": ""Type"", ""type"": ""nominal""}, ""y"": {""field"": ""avg_Tonnage_"", ""type"": ""quantitative""}}}"
,2772@y_name@ASC,How many songs does each singer have?,,,,,,,,1,1,1,1,,,,,Bar,Hard,singer,"{""$schema"": ""https://vega.github.io/schema/vega-lite/v6.json"", ""description"": ""Vega-Lite chart for key 2772@y_name@ASC"", ""data"": {""values"": [{""Name"": ""Gina Rinehart"", ""COUNT_Name_"": 1}, {""Name"": ""Iris Fontbona"", ""COUNT_Name_"": 1}, {""Name"": ""Jacqueline Mars"", ""COUNT_Name_"": 1}, {""Name"": ""Susanne Klatten"", ""COUNT_Name_"": 1}, {""Name"": ""Christy Walton"", ""COUNT_Name_"": 2}, {""Name"": ""Liliane Bettencourt"", ""COUNT_Name_"": 2}]}, ""mark"": ""bar"", ""encoding"": {""x"": {""field"": ""Name"", ""type"": ""nominal""}, ""y"": {""field"": ""COUNT_Name_"", ""type"": ""quantitative""}}}"
,2790@x_name@DESC,"Which players have fewer than 1500 training hours, and what are their names and hour totals?",,,,,,,,1,1,1,1,,,,,Bar,Medium,Player,"{""$schema"": ""https://vega.github.io/schema/vega-lite/v6.json"", ""description"": ""Vega-Lite chart for key 2790@x_name@DESC"", ""data"": {""values"": [{""pName"": ""Eddie"", ""HS"": 600}, {""pName"": ""Charles"", ""HS"": 300}, {""pName"": ""Andrew"", ""HS"": 1200}]}, ""mark"": ""bar"", ""encoding"": {""x"": {""field"": ""pName"", ""type"": ""nominal""}, ""y"": {""field"": ""HS"", ""type"": ""quantitative""}}}"
,2830,How many items are there for each local authority?,,,,,,,,1,1,1,1,,,,,Bar,Easy,station,"{""$schema"": ""https://vega.github.io/schema/vega-lite/v6.json"", ""description"": ""Vega-Lite chart for key 2830"", ""data"": {""values"": [{""local_authority"": ""Brentwood"", ""COUNT_local_authority_"": 1}, {""local_authority"": ""Broxbourne"", ""COUNT_local_authority_"": 2}, {""local_authority"": ""Chiltern"", ""COUNT_local_authority_"": 3}, {""local_authority"": ""Three Rivers"", ""COUNT_local_authority_"": 3}, {""local_authority"": ""Thurrock"", ""COUNT_local_authority_"": 1}, {""local_authority"": ""Watford"", ""COUNT_local_authority_"": 1}]}, ""mark"": ""bar"", ""encoding"": {""x"": {""field"": ""local_authority"", ""type"": ""nominal""}, ""y"": {""field"": ""COUNT_local_authority_"", ""type"": ""quantitative""}}}"
,285,"Which three days recorded the highest maximum wind speeds, and what were their average temperatures?",,,,,,,,0,1,1,1,,,,,Bar,Medium,weather,"{""$schema"": ""https://vega.github.io/schema/vega-lite/v6.json"", ""description"": ""Vega-Lite chart for key 285"", ""data"": {""values"": [{""date"": ""7/30/2015"", ""mean_temperature_f"": 71}, {""date"": ""5/1/2014"", ""mean_temperature_f"": 72}, {""date"": ""5/12/2015"", ""mean_temperature_f"": 58}]}, ""mark"": ""bar"", ""encoding"": {""x"": {""field"": ""date"", ""type"": ""nominal""}, ""y"": {""field"": ""mean_temperature_f"", ""type"": ""quantitative""}}}"
,2855@x_name@ASC,Could you list all playlist names and display their counts in a chart?,,,,,,,,1,1,1,1,,,,,Bar,Medium,playlists,"{""$schema"": ""https://vega.github.io/schema/vega-lite/v6.json"", ""description"": ""Vega-Lite chart for key 2855@x_name@ASC"", ""data"": {""values"": [{""name"": ""90's Music"", ""COUNT_name_"": 1}, {""name"": ""Audiobooks"", ""COUNT_name_"": 2}, {""name"": ""Brazilian Music"", ""COUNT_name_"": 1}, {""name"": ""Classical"", ""COUNT_name_"": 1}, {""name"": ""Classical 101 - Deep Cuts"", ""COUNT_name_"": 1}, {""name"": ""Classical 101 - Next Steps"", ""COUNT_name_"": 1}, {""name"": ""Classical 101 - The Basics"", ""COUNT_name_"": 1}, {""name"": ""Grunge"", ""COUNT_name_"": 1}, {""name"": ""Heavy Metal Classic"", ""COUNT_name_"": 1}, {""name"": ""Movies"", ""COUNT_name_"": 2}, {""name"": ""Music"", ""COUNT_name_"": 2}, {""name"": ""Music Videos"", ""COUNT_name_"": 1}, {""name"": ""On-The-Go 1"", ""COUNT_name_"": 1}, {""name"": ""TV Shows"", ""COUNT_name_"": 2}]}, ""mark"": ""bar"", ""encoding"": {""x"": {""field"": ""name"", ""type"": ""nominal""}, ""y"": {""field"": ""COUNT_name_"", ""type"": ""quantitative""}}}"
,2862@x_name@ASC,What are the different store types and how many of each?,,,,,,,,1,1,1,1,,,,,Bar,Medium,store,"{""$schema"": ""https://vega.github.io/schema/vega-lite/v6.json"", ""description"": ""Vega-Lite chart for key 2862@x_name@ASC"", ""data"": {""values"": [{""Type"": ""City Mall"", ""count_"": 2}, {""Type"": ""Village Store"", ""count_"": 3}]}, ""mark"": ""bar"", ""encoding"": {""x"": {""field"": ""Type"", ""type"": ""nominal""}, ""y"": {""field"": ""count_"", ""type"": ""quantitative""}}}"
,2869@y_name@DESC,Could you compare the death counts for every storm that caused at least one fatality?,,,,,,,,1,1,1,1,,,,,Bar,Medium,storm,"{""$schema"": ""https://vega.github.io/schema/vega-lite/v6.json"", ""description"": ""Vega-Lite chart for key 2869@y_name@DESC"", ""data"": {""values"": [{""Dates_active"": ""May19 -October26"", ""Number_Deaths"": 71}, {""Dates_active"": ""August5-August14"", ""Number_Deaths"": 52}, {""Dates_active"": ""August3-August10"", ""Number_Deaths"": 7}, {""Dates_active"": ""August26-September2"", ""Number_Deaths"": 7}, {""Dates_active"": ""September7-September17"", ""Number_Deaths"": 3}, {""Dates_active"": ""September18-September25"", ""Number_Deaths"": 2}]}, ""mark"": ""bar"", ""encoding"": {""x"": {""field"": ""Dates_active"", ""type"": ""nominal""}, ""y"": {""field"": ""Number_Deaths"", ""type"": ""quantitative""}}}"
,2903,How many swimmers have a “win” result?,,,,,,,,1,1,1,1,,,,,Bar,Hard,swimmer,"{""$schema"": ""https://vega.github.io/schema/vega-lite/v6.json"", ""description"": ""Vega-Lite chart for key 2903"", ""data"": {""values"": [{""name"": ""Craig Stevens"", ""COUNT_name_"": 3}, {""name"": ""Federico Colbertaldo"", ""COUNT_name_"": 1}, {""name"": ""Grant Hackett"", ""COUNT_name_"": 1}, {""name"": ""Oussama Mellouli"", ""COUNT_name_"": 2}, {""name"": ""Ryan Cochrane"", ""COUNT_name_"": 1}, {""name"": ""Sergiy Fesenko"", ""COUNT_name_"": 1}]}, ""mark"": ""bar"", ""encoding"": {""x"": {""field"": ""name"", ""type"": ""nominal""}, ""y"": {""field"": ""COUNT_name_"", ""type"": ""quantitative""}}}"
,291,What are the weekday frequencies for the three days with the highest maximum wind speeds?,,,,,,,,1,1,1,1,,,,,Bar,Hard,weather,"{""$schema"": ""https://vega.github.io/schema/vega-lite/v6.json"", ""description"": ""Vega-Lite chart for key 291"", ""data"": {""values"": [{""date"": ""Tue"", ""COUNT_date_"": 1}, {""date"": ""Thur"", ""COUNT_date_"": 2}]}, ""mark"": ""bar"", ""encoding"": {""x"": {""field"": ""date"", ""type"": ""nominal""}, ""y"": {""field"": ""COUNT_date_"", ""type"": ""quantitative""}}}"
,2943@y_name@ASC,Could you plot a  chart with countries?,,,,,,,,1,1,1,1,,,,,Bar,Medium,artist,"{""$schema"": ""https://vega.github.io/schema/vega-lite/v6.json"", ""description"": ""Vega-Lite chart for key 2943@y_name@ASC"", ""data"": {""values"": [{""Country"": ""Fiji"", ""AVG_Age_"": 45}, {""Country"": ""Zimbabwe"", ""AVG_Age_"": 48}, {""Country"": ""United States"", ""AVG_Age_"": 49.6}]}, ""mark"": ""bar"", ""encoding"": {""x"": {""field"": ""Country"", ""type"": ""nominal""}, ""y"": {""field"": ""AVG_Age_"", ""type"": ""quantitative""}}}"
,3014@y_name@ASC,"Could you pull the sales details for transactions under $3,000, group them by weekday?",,,,,,,,1,1,1,1,,,,,Bar,Extra Hard,SALES,"{""$schema"": ""https://vega.github.io/schema/vega-lite/v6.json"", ""description"": ""Vega-Lite chart for key 3014@y_name@ASC"", ""data"": {""values"": [{""date_of_transaction"": ""Sat"", ""COUNT_date_of_transaction_"": 0}, {""date_of_transaction"": ""Thur"", ""COUNT_date_of_transaction_"": 0}, {""date_of_transaction"": ""Fri"", ""COUNT_date_of_transaction_"": 1}, {""date_of_transaction"": ""Mon"", ""COUNT_date_of_transaction_"": 1}, {""date_of_transaction"": ""Tue"", ""COUNT_date_of_transaction_"": 2}, {""date_of_transaction"": ""Sun"", ""COUNT_date_of_transaction_"": 3}, {""date_of_transaction"": ""Wed"", ""COUNT_date_of_transaction_"": 3}]}, ""mark"": ""bar"", ""encoding"": {""x"": {""field"": ""date_of_transaction"", ""type"": ""nominal""}, ""y"": {""field"": ""COUNT_date_of_transaction_"", ""type"": ""quantitative""}}}"
,3046,What's the average number of platforms for each location?,,,,,,,,1,1,1,1,,,,,Bar,Easy,station,"{""$schema"": ""https://vega.github.io/schema/vega-lite/v6.json"", ""description"": ""Vega-Lite chart for key 3046"", ""data"": {""values"": [{""Location"": ""Birmingham"", ""AVG_Number_of_Platforms_"": 13}, {""Location"": ""Glasgow"", ""AVG_Number_of_Platforms_"": 17}, {""Location"": ""London"", ""AVG_Number_of_Platforms_"": 14}]}, ""mark"": ""bar"", ""encoding"": {""x"": {""field"": ""Location"", ""type"": ""nominal""}, ""y"": {""field"": ""AVG_Number_of_Platforms_"", ""type"": ""quantitative""}}}"
,30@y_name@ASC,"What’s the count of faculty members in each activity, showing the activity names and numbers?",,,,,,,,1,1,1,1,,,,,Bar,Hard,Activity,"{""$schema"": ""https://vega.github.io/schema/vega-lite/v6.json"", ""description"": ""Vega-Lite chart for key 30@y_name@ASC"", ""data"": {""values"": [{""activity_name"": ""Baseball"", ""count_"": 1}, {""activity_name"": ""Kayaking"", ""count_"": 1}, {""activity_name"": ""Soccer"", ""count_"": 1}, {""activity_name"": ""Spelunking"", ""count_"": 2}, {""activity_name"": ""Square Dancing"", ""count_"": 2}, {""activity_name"": ""Volleyball"", ""count_"": 2}, {""activity_name"": ""Canasta"", ""count_"": 3}, {""activity_name"": ""Extreme Canasta"", ""count_"": 3}, {""activity_name"": ""Football"", ""count_"": 3}, {""activity_name"": ""Canoeing"", ""count_"": 4}, {""activity_name"": ""Chess"", ""count_"": 5}, {""activity_name"": ""Mountain Climbing"", ""count_"": 6}, {""activity_name"": ""Crossword Puzzles"", ""count_"": 7}]}, ""mark"": ""bar"", ""encoding"": {""x"": {""field"": ""activity_name"", ""type"": ""nominal""}, ""y"": {""field"": ""count_"", ""type"": ""quantitative""}}}"
,3140@x_name@ASC,Could you display a  chart of All_Games and All_Games_Percent?,,,,,,,,0,1,1,1,,,,,Bar,Easy,basketball_match,"{""$schema"": ""https://vega.github.io/schema/vega-lite/v6.json"", ""description"": ""Vega-Lite chart for key 3140@x_name@ASC"", ""data"": {""values"": [{""All_Games"": ""21-14"", ""All_Games_Percent"": 0.6}, {""All_Games"": ""24-10"", ""All_Games_Percent"": 0.706}, {""All_Games"": ""28-6"", ""All_Games_Percent"": 0.8240000000000001}, {""All_Games"": ""35-2"", ""All_Games_Percent"": 0.946}]}, ""mark"": ""bar"", ""encoding"": {""x"": {""field"": ""All_Games"", ""type"": ""nominal""}, ""y"": {""field"": ""All_Games_Percent"", ""type"": ""quantitative""}}}"
,3141@y_name@ASC,Could you show the distribution of All_Road and ACC_Percent?,,,,,,,,1,1,1,1,,,,,Bar,Easy,basketball_match,"{""$schema"": ""https://vega.github.io/schema/vega-lite/v6.json"", ""description"": ""Vega-Lite chart for key 3141@y_name@ASC"", ""data"": {""values"": [{""All_Road"": ""4-8"", ""ACC_Percent"": 0.563}, {""All_Road"": ""6-5"", ""ACC_Percent"": 0.625}, {""All_Road"": ""8-2"", ""ACC_Percent"": 0.813}, {""All_Road"": ""13-0"", ""ACC_Percent"": 0.875}]}, ""mark"": ""bar"", ""encoding"": {""x"": {""field"": ""All_Road"", ""type"": ""nominal""}, ""y"": {""field"": ""ACC_Percent"", ""type"": ""quantitative""}}}"
,3224@x_name@DESC,What’s the number of areas for each appellation?,,,,,,,,1,1,1,1,,,,,Bar,Medium,APPELLATIONS,"{""$schema"": ""https://vega.github.io/schema/vega-lite/v6.json"", ""description"": ""Vega-Lite chart for key 3224@x_name@DESC"", ""data"": {""values"": [{""Area"": ""Sierra Foothills"", ""COUNT_Area_"": 5}, {""Area"": ""Santa Cruz Mountains"", ""COUNT_Area_"": 3}, {""Area"": ""North Coast"", ""COUNT_Area_"": 31}, {""Area"": ""Central Valley"", ""COUNT_Area_"": 2}, {""Area"": ""Central Coast"", ""COUNT_Area_"": 14}, {""Area"": ""California"", ""COUNT_Area_"": 1}]}, ""mark"": ""bar"", ""encoding"": {""x"": {""field"": ""Area"", ""type"": ""nominal""}, ""y"": {""field"": ""COUNT_Area_"", ""type"": ""quantitative""}}}"
,3230,How many wines priced over $100 are there per year?,,,,,,,,1,1,1,1,,,,,Bar,Medium,WINE,"{""$schema"": ""https://vega.github.io/schema/vega-lite/v6.json"", ""description"": ""Vega-Lite chart for key 3230"", ""data"": {""values"": [{""Year"": ""2006"", ""COUNT_Year_"": 6}, {""Year"": ""2007"", ""COUNT_Year_"": 13}, {""Year"": ""2008"", ""COUNT_Year_"": 2}]}, ""mark"": ""bar"", ""encoding"": {""x"": {""field"": ""Year"", ""type"": ""nominal""}, ""y"": {""field"": ""COUNT_Year_"", ""type"": ""quantitative""}}}"
,3274,"What’s the official language of the country where Beatrix is head of state, and how many people speak it?",,,,,,,,1,1,1,1,,,,,Bar,Hard,country,"{""$schema"": ""https://vega.github.io/schema/vega-lite/v6.json"", ""description"": ""Vega-Lite chart for key 3274"", ""data"": {""values"": [{""Language"": ""Dutch"", ""COUNT_Language_"": 3}, {""Language"": ""Papiamento"", ""COUNT_Language_"": 1}]}, ""mark"": ""bar"", ""encoding"": {""x"": {""field"": ""Language"", ""type"": ""nominal""}, ""y"": {""field"": ""COUNT_Language_"", ""type"": ""quantitative""}}}"
,3291,"Could you plot a  chart that shows the count per year, grouping the years into YEAR intervals?",,,,,,,,1,1,1,1,,,,,Bar,Medium,matches,"{""$schema"": ""https://vega.github.io/schema/vega-lite/v6.json"", ""description"": ""Vega-Lite chart for key 3291"", ""data"": {""values"": [{""year"": ""2013"", ""count_year_"": 12}, {""year"": ""2014"", ""count_year_"": 0}, {""year"": ""2015"", ""count_year_"": 0}, {""year"": ""2016"", ""count_year_"": 158}, {""year"": ""2017"", ""count_year_"": 108}]}, ""mark"": ""bar"", ""encoding"": {""x"": {""field"": ""year"", ""type"": ""nominal""}, ""y"": {""field"": ""count_year_"", ""type"": ""quantitative""}}}"
,330@y_name@ASC,"How many days per year had a minimum dew point lower than any day in zip code 94107, and which zip codes were those?",,,,,,,,1,0,1,1,,,,,Bar,Hard,weather,"{""$schema"": ""https://vega.github.io/schema/vega-lite/v6.json"", ""description"": ""Vega-Lite chart for key 330@y_name@ASC"", ""data"": {""values"": [{""date"": ""2014"", ""COUNT_date_"": 1}, {""date"": ""2013"", ""COUNT_date_"": 1}]}, ""mark"": ""bar"", ""encoding"": {""x"": {""field"": ""date"", ""type"": ""nominal""}, ""y"": {""field"": ""COUNT_date_"", ""type"": ""quantitative""}}}"
,364@y_name@ASC,Could you list each publisher with its number of publications?,,,,,,,,1,1,1,1,,,,,Bar,Medium,publication,"{""$schema"": ""https://vega.github.io/schema/vega-lite/v6.json"", ""description"": ""Vega-Lite chart for key 364@y_name@ASC"", ""data"": {""values"": [{""Publisher"": ""Bertelsmann"", ""COUNT_"": 1}, {""Publisher"": ""Springer Nature"", ""COUNT_"": 1}, {""Publisher"": ""Thomson Reuters"", ""COUNT_"": 1}, {""Publisher"": ""Pearson"", ""COUNT_"": 2}, {""Publisher"": ""Wiley"", ""COUNT_"": 2}]}, ""mark"": ""bar"", ""encoding"": {""x"": {""field"": ""Publisher"", ""type"": ""nominal""}, ""y"": {""field"": ""COUNT_"", ""type"": ""quantitative""}}}"
,372@y_name@DESC,Could you show a  chart of operating systems with their total counts?,,,,,,,,1,1,1,1,,,,,Bar,Medium,web_client_accelerator,"{""$schema"": ""https://vega.github.io/schema/vega-lite/v6.json"", ""description"": ""Vega-Lite chart for key 372@y_name@DESC"", ""data"": {""values"": [{""Operating_system"": ""Windows, Mac"", ""count_"": 3}, {""Operating_system"": ""Windows"", ""count_"": 3}, {""Operating_system"": ""Unix (Linux, *BSD, Mac OS X, others), Windows"", ""count_"": 2}, {""Operating_system"": ""Windows, except NT and 95"", ""count_"": 1}, {""Operating_system"": ""Windows, Mac, Mobile devices"", ""count_"": 1}, {""Operating_system"": ""Windows, Mac, Linux and Mobile devices"", ""count_"": 1}, {""Operating_system"": ""Windows, Mac and Mobile devices"", ""count_"": 1}, {""Operating_system"": ""Windows, Linux, Mac OS, Symbian, WindowsMobile"", ""count_"": 1}, {""Operating_system"": ""Windows (2000 onwards)"", ""count_"": 1}, {""Operating_system"": ""Unix (Linux, *BSD, Mac OS X, others)"", ""count_"": 1}, {""Operating_system"": ""Appliance (Linux)"", ""count_"": 1}, {""Operating_system"": ""Any system with Java 1.6 VM available"", ""count_"": 1}, {""Operating_system"": ""Any"", ""count_"": 1}, {""Operating_system"": ""Android, Linux, Mac and Windows devices"", ""count_"": 1}]}, ""mark"": ""bar"", ""encoding"": {""x"": {""field"": ""Operating_system"", ""type"": ""nominal""}, ""y"": {""field"": ""count_"", ""type"": ""quantitative""}}}"
,434@y_name@DESC,Which continents have how many car makers?,,,,,,,,1,1,1,1,,,,,Bar,Hard,CONTINENTS,"{""$schema"": ""https://vega.github.io/schema/vega-lite/v6.json"", ""description"": ""Vega-Lite chart for key 434@y_name@DESC"", ""data"": {""values"": [{""Continent"": ""europe"", ""count_"": 11}, {""Continent"": ""asia"", ""count_"": 7}, {""Continent"": ""america"", ""count_"": 4}]}, ""mark"": ""bar"", ""encoding"": {""x"": {""field"": ""Continent"", ""type"": ""nominal""}, ""y"": {""field"": ""count_"", ""type"": ""quantitative""}}}"
,440,How many invoices are issued each year for customers named Astrid Gruber?,,,,,,,,1,1,1,1,,,,,Bar,Hard,CUSTOMER,"{""$schema"": ""https://vega.github.io/schema/vega-lite/v6.json"", ""description"": ""Vega-Lite chart for key 440"", ""data"": {""values"": [{""InvoiceDate"": ""2009"", ""COUNT_InvoiceDate_"": 1}, {""InvoiceDate"": ""2010"", ""COUNT_InvoiceDate_"": 2}, {""InvoiceDate"": ""2012"", ""COUNT_InvoiceDate_"": 3}, {""InvoiceDate"": ""2013"", ""COUNT_InvoiceDate_"": 1}]}, ""mark"": ""bar"", ""encoding"": {""x"": {""field"": ""InvoiceDate"", ""type"": ""nominal""}, ""y"": {""field"": ""COUNT_InvoiceDate_"", ""type"": ""quantitative""}}}"
,445@x_name@ASC,Which directors have how many films each.,,,,,,,,1,1,1,1,,,,,Bar,Medium,film,"{""$schema"": ""https://vega.github.io/schema/vega-lite/v6.json"", ""description"": ""Vega-Lite chart for key 445@x_name@ASC"", ""data"": {""values"": [{""Directed_by"": ""Bill Schreiner"", ""count_"": 4}, {""Directed_by"": ""Jesus Salvador Treviño"", ""count_"": 1}]}, ""mark"": ""bar"", ""encoding"": {""x"": {""field"": ""Directed_by"", ""type"": ""nominal""}, ""y"": {""field"": ""count_"", ""type"": ""quantitative""}}}"
,451,What's the average price of each film?,,,,,,,,1,1,1,1,,,,,Bar,Medium,schedule,"{""$schema"": ""https://vega.github.io/schema/vega-lite/v6.json"", ""description"": ""Vega-Lite chart for key 451"", ""data"": {""values"": [{""Title"": ""The Case of the Bermuda Triangle"", ""AVG_Price_"": 9.99}, {""Title"": ""The Case of the Mystery Weekend"", ""AVG_Price_"": 12.99}, {""Title"": ""The Case of the Piggy Banker"", ""AVG_Price_"": 12.99}, {""Title"": ""The Case of the Smart Dummy"", ""AVG_Price_"": 12.99}, {""Title"": ""The Case: Off the Record"", ""AVG_Price_"": 8.99}]}, ""mark"": ""bar"", ""encoding"": {""x"": {""field"": ""Title"", ""type"": ""nominal""}, ""y"": {""field"": ""AVG_Price_"", ""type"": ""quantitative""}}}"
,543@x_name@DESC,How many locations does each school have?,,,,,,,,1,1,1,1,,,,,Bar,Medium,department,"{""$schema"": ""https://vega.github.io/schema/vega-lite/v6.json"", ""description"": ""Vega-Lite chart for key 543@x_name@DESC"", ""data"": {""values"": [{""SCHOOL_CODE"": ""BUS"", ""count_DISTINCT_dept_address_"": 4}, {""SCHOOL_CODE"": ""A&SCI"", ""count_DISTINCT_dept_address_"": 7}]}, ""mark"": ""bar"", ""encoding"": {""x"": {""field"": ""SCHOOL_CODE"", ""type"": ""nominal""}, ""y"": {""field"": ""count_DISTINCT_dept_address_"", ""type"": ""quantitative""}}}"
,551,How many professors in office DRE 102 were hired on each weekday?,,,,,,,,1,1,1,1,,,,,Bar,Extra Hard,employee,"{""$schema"": ""https://vega.github.io/schema/vega-lite/v6.json"", ""description"": ""Vega-Lite chart for key 551"", ""data"": {""values"": [{""EMP_HIREDATE"": ""Mon"", ""COUNT_EMP_HIREDATE_"": 0}, {""EMP_HIREDATE"": ""Tue"", ""COUNT_EMP_HIREDATE_"": 0}, {""EMP_HIREDATE"": ""Wed"", ""COUNT_EMP_HIREDATE_"": 0}, {""EMP_HIREDATE"": ""Thur"", ""COUNT_EMP_HIREDATE_"": 0}, {""EMP_HIREDATE"": ""Fri"", ""COUNT_EMP_HIREDATE_"": 1}, {""EMP_HIREDATE"": ""Sat"", ""COUNT_EMP_HIREDATE_"": 1}, {""EMP_HIREDATE"": ""Sun"", ""COUNT_EMP_HIREDATE_"": 0}]}, ""mark"": ""bar"", ""encoding"": {""x"": {""field"": ""EMP_HIREDATE"", ""type"": ""nominal""}, ""y"": {""field"": ""COUNT_EMP_HIREDATE_"", ""type"": ""quantitative""}}}"
,580@x_name@DESC,What’s the total number of people in each classroom?,,,,,,,,1,1,1,1,,,,,Bar,Medium,CLASS,"{""$schema"": ""https://vega.github.io/schema/vega-lite/v6.json"", ""description"": ""Vega-Lite chart for key 580@x_name@DESC"", ""data"": {""values"": [{""CLASS_ROOM"": ""KLR211"", ""count_"": 1}, {""CLASS_ROOM"": ""KLR209"", ""count_"": 3}, {""CLASS_ROOM"": ""KLR200"", ""count_"": 4}, {""CLASS_ROOM"": ""BUS311"", ""count_"": 2}, {""CLASS_ROOM"": ""BUS252"", ""count_"": 2}, {""CLASS_ROOM"": ""BUS200"", ""count_"": 1}]}, ""mark"": ""bar"", ""encoding"": {""x"": {""field"": ""CLASS_ROOM"", ""type"": ""nominal""}, ""y"": {""field"": ""count_"", ""type"": ""quantitative""}}}"
,620@x_name@ASC,Which buildings have how many rooms with a capacity over 50?,,,,,,,,1,1,1,1,,,,,Bar,Hard,classroom,"{""$schema"": ""https://vega.github.io/schema/vega-lite/v6.json"", ""description"": ""Vega-Lite chart for key 620@x_name@ASC"", ""data"": {""values"": [{""building"": ""Garfield"", ""count_"": 1}, {""building"": ""Gates"", ""count_"": 1}, {""building"": ""Lambeau"", ""count_"": 1}, {""building"": ""Nassau"", ""count_"": 1}, {""building"": ""Painter"", ""count_"": 1}, {""building"": ""Rathbone"", ""count_"": 1}, {""building"": ""Saucon"", ""count_"": 1}, {""building"": ""Stabler"", ""count_"": 1}, {""building"": ""Taylor"", ""count_"": 2}, {""building"": ""Whitman"", ""count_"": 1}]}, ""mark"": ""bar"", ""encoding"": {""x"": {""field"": ""building"", ""type"": ""nominal""}, ""y"": {""field"": ""count_"", ""type"": ""quantitative""}}}"
,621@y_name@ASC,What’s the total number of credits each department offers?,,,,,,,,1,1,1,1,,,,,Bar,Medium,course,"{""$schema"": ""https://vega.github.io/schema/vega-lite/v6.json"", ""description"": ""Vega-Lite chart for key 621@y_name@ASC"", ""data"": {""values"": [{""dept_name"": ""Marketing"", ""sum_credits_"": 20}, {""dept_name"": ""Statistics"", ""sum_credits_"": 21}, {""dept_name"": ""Biology"", ""sum_credits_"": 23}, {""dept_name"": ""Pol. Sci."", ""sum_credits_"": 23}, {""dept_name"": ""Elec. Eng."", ""sum_credits_"": 28}, {""dept_name"": ""English"", ""sum_credits_"": 28}, {""dept_name"": ""History"", ""sum_credits_"": 29}, {""dept_name"": ""Athletics"", ""sum_credits_"": 30}, {""dept_name"": ""Geology"", ""sum_credits_"": 33}, {""dept_name"": ""Civil Eng."", ""sum_credits_"": 34}, {""dept_name"": ""Math"", ""sum_credits_"": 34}, {""dept_name"": ""Astronomy"", ""sum_credits_"": 37}, {""dept_name"": ""Comp. Sci."", ""sum_credits_"": 37}, {""dept_name"": ""Languages"", ""sum_credits_"": 37}, {""dept_name"": ""Physics"", ""sum_credits_"": 38}, {""dept_name"": ""Accounting"", ""sum_credits_"": 40}, {""dept_name"": ""Mech. Eng."", ""sum_credits_"": 40}, {""dept_name"": ""Psychology"", ""sum_credits_"": 44}, {""dept_name"": ""Finance"", ""sum_credits_"": 49}, {""dept_name"": ""Cybernetics"", ""sum_credits_"": 67}]}, ""mark"": ""bar"", ""encoding"": {""x"": {""field"": ""dept_name"", ""type"": ""nominal""}, ""y"": {""field"": ""sum_credits_"", ""type"": ""quantitative""}}}"
,624@y_name@ASC,What's the average room capacity for each building?,,,,,,,,1,1,1,1,,,,,Bar,Medium,classroom,"{""$schema"": ""https://vega.github.io/schema/vega-lite/v6.json"", ""description"": ""Vega-Lite chart for key 624@y_name@ASC"", ""data"": {""values"": [{""building"": ""Lamberton"", ""avg_capacity_"": 10}, {""building"": ""Chandler"", ""avg_capacity_"": 10.5}, {""building"": ""Power"", ""avg_capacity_"": 11}, {""building"": ""Bronfman"", ""avg_capacity_"": 12}, {""building"": ""Drown"", ""avg_capacity_"": 18}, {""building"": ""Main"", ""avg_capacity_"": 26}, {""building"": ""Fairchild"", ""avg_capacity_"": 27}, {""building"": ""Polya"", ""avg_capacity_"": 28}, {""building"": ""Grace"", ""avg_capacity_"": 34}, {""building"": ""Alumni"", ""avg_capacity_"": 36.5}, {""building"": ""Gates"", ""avg_capacity_"": 37.5}, {""building"": ""Saucon"", ""avg_capacity_"": 49.33333333333334}, {""building"": ""Lambeau"", ""avg_capacity_"": 51}, {""building"": ""Garfield"", ""avg_capacity_"": 59}, {""building"": ""Rathbone"", ""avg_capacity_"": 60}, {""building"": ""Whitman"", ""avg_capacity_"": 76}, {""building"": ""Nassau"", ""avg_capacity_"": 92}, {""building"": ""Taylor"", ""avg_capacity_"": 93}, {""building"": ""Painter"", ""avg_capacity_"": 97}, {""building"": ""Stabler"", ""avg_capacity_"": 113}]}, ""mark"": ""bar"", ""encoding"": {""x"": {""field"": ""building"", ""type"": ""nominal""}, ""y"": {""field"": ""avg_capacity_"", ""type"": ""quantitative""}}}"
,64,What are the apartment type codes and how many apartments correspond to each?,,,,,,,,1,1,1,1,,,,,Bar,Medium,Apartments,"{""$schema"": ""https://vega.github.io/schema/vega-lite/v6.json"", ""description"": ""Vega-Lite chart for key 64"", ""data"": {""values"": [{""apt_type_code"": ""Studio"", ""COUNT_"": 4}, {""apt_type_code"": ""Duplex"", ""COUNT_"": 5}, {""apt_type_code"": ""Flat"", ""COUNT_"": 6}]}, ""mark"": ""bar"", ""encoding"": {""x"": {""field"": ""apt_type_code"", ""type"": ""nominal""}, ""y"": {""field"": ""COUNT_"", ""type"": ""quantitative""}}}"
,793,"How many documents are stored, grouped by the day of the week?",,,,,,,,1,1,1,1,,,,,Bar,Medium,All_documents,"{""$schema"": ""https://vega.github.io/schema/vega-lite/v6.json"", ""description"": ""Vega-Lite chart for key 793"", ""data"": {""values"": [{""Date_Stored"": ""Mon"", ""COUNT_Date_Stored_"": 3}, {""Date_Stored"": ""Tue"", ""COUNT_Date_Stored_"": 7}, {""Date_Stored"": ""Wed"", ""COUNT_Date_Stored_"": 0}, {""Date_Stored"": ""Thur"", ""COUNT_Date_Stored_"": 1}, {""Date_Stored"": ""Fri"", ""COUNT_Date_Stored_"": 0}, {""Date_Stored"": ""Sat"", ""COUNT_Date_Stored_"": 0}, {""Date_Stored"": ""Sun"", ""COUNT_Date_Stored_"": 4}]}, ""mark"": ""bar"", ""encoding"": {""x"": {""field"": ""Date_Stored"", ""type"": ""nominal""}, ""y"": {""field"": ""COUNT_Date_Stored_"", ""type"": ""quantitative""}}}"
,809,What’s the count of documents for each document name?,,,,,,,,1,1,1,1,,,,,Bar,Easy,Documents,"{""$schema"": ""https://vega.github.io/schema/vega-lite/v6.json"", ""description"": ""Vega-Lite chart for key 809"", ""data"": {""values"": [{""Document_Name"": ""Book on USA files"", ""COUNT_Document_Name_"": 1}, {""Document_Name"": ""Chapter on private files"", ""COUNT_Document_Name_"": 1}, {""Document_Name"": ""Deontae files"", ""COUNT_Document_Name_"": 1}, {""Document_Name"": ""Jevon Paper"", ""COUNT_Document_Name_"": 1}, {""Document_Name"": ""Katheryn statement"", ""COUNT_Document_Name_"": 1}, {""Document_Name"": ""King Book"", ""COUNT_Document_Name_"": 1}, {""Document_Name"": ""Noel CV"", ""COUNT_Document_Name_"": 1}, {""Document_Name"": ""Review on Canadian files"", ""COUNT_Document_Name_"": 1}, {""Document_Name"": ""Review on French files"", ""COUNT_Document_Name_"": 1}, {""Document_Name"": ""Review on UK files"", ""COUNT_Document_Name_"": 3}, {""Document_Name"": ""Review on USA files"", ""COUNT_Document_Name_"": 1}, {""Document_Name"": ""Trenton Presentation"", ""COUNT_Document_Name_"": 1}, {""Document_Name"": ""Winona Book"", ""COUNT_Document_Name_"": 1}]}, ""mark"": ""bar"", ""encoding"": {""x"": {""field"": ""Document_Name"", ""type"": ""nominal""}, ""y"": {""field"": ""COUNT_Document_Name_"", ""type"": ""quantitative""}}}"
,827@y_name@ASC,What are the document type codes and how many documents belong to each?,,,,,,,,1,1,1,1,,,,,Bar,Medium,Documents,"{""$schema"": ""https://vega.github.io/schema/vega-lite/v6.json"", ""description"": ""Vega-Lite chart for key 827@y_name@ASC"", ""data"": {""values"": [{""Document_Type_Code"": ""FM"", ""count_"": 1}, {""Document_Type_Code"": ""CV"", ""count_"": 3}, {""Document_Type_Code"": ""PP"", ""count_"": 5}, {""Document_Type_Code"": ""BK"", ""count_"": 6}]}, ""mark"": ""bar"", ""encoding"": {""x"": {""field"": ""Document_Type_Code"", ""type"": ""nominal""}, ""y"": {""field"": ""count_"", ""type"": ""quantitative""}}}"
,82@x_name@ASC,Show a  chart of how many apartments with more than four bedrooms there are for each facility code.,,,,,,,,1,1,1,1,,,,,Bar,Extra Hard,Apartment_Facilities,"{""$schema"": ""https://vega.github.io/schema/vega-lite/v6.json"", ""description"": ""Vega-Lite chart for key 82@x_name@ASC"", ""data"": {""values"": [{""facility_code"": ""Cable TV"", ""COUNT_facility_code_"": 1}, {""facility_code"": ""Gym"", ""COUNT_facility_code_"": 2}]}, ""mark"": ""bar"", ""encoding"": {""x"": {""field"": ""facility_code"", ""type"": ""nominal""}, ""y"": {""field"": ""COUNT_facility_code_"", ""type"": ""quantitative""}}}"
,83@y_name@ASC,How many apartment bookings are there for each year?,,,,,,,,1,1,1,1,,,,,Bar,Medium,Apartment_Bookings,"{""$schema"": ""https://vega.github.io/schema/vega-lite/v6.json"", ""description"": ""Vega-Lite chart for key 83@y_name@ASC"", ""data"": {""values"": [{""booking_end_date"": ""2018"", ""COUNT_booking_end_date_"": 4}, {""booking_end_date"": ""2017"", ""COUNT_booking_end_date_"": 11}]}, ""mark"": ""bar"", ""encoding"": {""x"": {""field"": ""booking_end_date"", ""type"": ""nominal""}, ""y"": {""field"": ""COUNT_booking_end_date_"", ""type"": ""quantitative""}}}"
,894@y_name@DESC,"What are the unique visit dates, grouped by weekday intervals and counted?",,,,,,,,1,1,1,1,,,,,Bar,Medium,VISITS,"{""$schema"": ""https://vega.github.io/schema/vega-lite/v6.json"", ""description"": ""Vega-Lite chart for key 894@y_name@DESC"", ""data"": {""values"": [{""Visit_Date"": ""Mon"", ""COUNT_Visit_Date_"": 6}, {""Visit_Date"": ""Tue"", ""COUNT_Visit_Date_"": 5}, {""Visit_Date"": ""Thur"", ""COUNT_Visit_Date_"": 3}, {""Visit_Date"": ""Sun"", ""COUNT_Visit_Date_"": 3}, {""Visit_Date"": ""Wed"", ""COUNT_Visit_Date_"": 2}, {""Visit_Date"": ""Sat"", ""COUNT_Visit_Date_"": 1}, {""Visit_Date"": ""Fri"", ""COUNT_Visit_Date_"": 0}]}, ""mark"": ""bar"", ""encoding"": {""x"": {""field"": ""Visit_Date"", ""type"": ""nominal""}, ""y"": {""field"": ""COUNT_Visit_Date_"", ""type"": ""quantitative""}}}"
,924,How many customers with IDs from 10 to 20 started on each weekday?,,,,,,,,1,1,1,1,,,,,Bar,Medium,customers,"{""$schema"": ""https://vega.github.io/schema/vega-lite/v6.json"", ""description"": ""Vega-Lite chart for key 924"", ""data"": {""values"": [{""date_became_customer"": ""Mon"", ""COUNT_date_became_customer_"": 1}, {""date_became_customer"": ""Tue"", ""COUNT_date_became_customer_"": 0}, {""date_became_customer"": ""Wed"", ""COUNT_date_became_customer_"": 0}, {""date_became_customer"": ""Thur"", ""COUNT_date_became_customer_"": 3}, {""date_became_customer"": ""Fri"", ""COUNT_date_became_customer_"": 0}, {""date_became_customer"": ""Sat"", ""COUNT_date_became_customer_"": 1}, {""date_became_customer"": ""Sun"", ""COUNT_date_became_customer_"": 1}]}, ""mark"": ""bar"", ""encoding"": {""x"": {""field"": ""date_became_customer"", ""type"": ""nominal""}, ""y"": {""field"": ""COUNT_date_became_customer_"", ""type"": ""quantitative""}}}"
,926,What’s the count of accounts broken down by their various details?,,,,,,,,1,1,1,1,,,,,Bar,Easy,Accounts,"{""$schema"": ""https://vega.github.io/schema/vega-lite/v6.json"", ""description"": ""Vega-Lite chart for key 926"", ""data"": {""values"": [{""other_account_details"": ""Regular"", ""COUNT_other_account_details_"": 8}, {""other_account_details"": ""VIP"", ""COUNT_other_account_details_"": 7}]}, ""mark"": ""bar"", ""encoding"": {""x"": {""field"": ""other_account_details"", ""type"": ""nominal""}, ""y"": {""field"": ""COUNT_other_account_details_"", ""type"": ""quantitative""}}}"
,932@y_name@DESC,Could you show a chart of accounts opened per weekday?,,,,,,,,1,1,1,1,,,,,Bar,Medium,Accounts,"{""$schema"": ""https://vega.github.io/schema/vega-lite/v6.json"", ""description"": ""Vega-Lite chart for key 932@y_name@DESC"", ""data"": {""values"": [{""date_account_opened"": ""Mon"", ""COUNT_date_account_opened_"": 5}, {""date_account_opened"": ""Fri"", ""COUNT_date_account_opened_"": 3}, {""date_account_opened"": ""Tue"", ""COUNT_date_account_opened_"": 2}, {""date_account_opened"": ""Sun"", ""COUNT_date_account_opened_"": 2}, {""date_account_opened"": ""Sat"", ""COUNT_date_account_opened_"": 2}, {""date_account_opened"": ""Wed"", ""COUNT_date_account_opened_"": 1}, {""date_account_opened"": ""Thur"", ""COUNT_date_account_opened_"": 0}]}, ""mark"": ""bar"", ""encoding"": {""x"": {""field"": ""date_account_opened"", ""type"": ""nominal""}, ""y"": {""field"": ""COUNT_date_account_opened_"", ""type"": ""quantitative""}}}"
,1349@x_name@ASC,"How does the amount of Start_from vary over time, grouped by Is_full_time and binned by year?",,,,,,,,1,1,0,0,,,,,Grouping Line,Extra Hard,employee_hire_evaluation,"{""$schema"": ""https://vega.github.io/schema/vega-lite/v6.json"", ""description"": ""Vega-Lite chart for key 1349@x_name@ASC"", ""data"": {""values"": [{""classify"": ""F"", ""Start_from"": ""2003"", ""COUNT_Start_from_"": 0}, {""classify"": ""F"", ""Start_from"": ""2004"", ""COUNT_Start_from_"": 0}, {""classify"": ""F"", ""Start_from"": ""2005"", ""COUNT_Start_from_"": 0}, {""classify"": ""F"", ""Start_from"": ""2006"", ""COUNT_Start_from_"": 0}, {""classify"": ""F"", ""Start_from"": ""2007"", ""COUNT_Start_from_"": 0}, {""classify"": ""F"", ""Start_from"": ""2008"", ""COUNT_Start_from_"": 0}, {""classify"": ""F"", ""Start_from"": ""2009"", ""COUNT_Start_from_"": 0}, {""classify"": ""F"", ""Start_from"": ""2010"", ""COUNT_Start_from_"": 1}, {""classify"": ""F"", ""Start_from"": ""2011"", ""COUNT_Start_from_"": 1}, {""classify"": ""F"", ""Start_from"": ""2012"", ""COUNT_Start_from_"": 0}, {""classify"": ""F"", ""Start_from"": ""2013"", ""COUNT_Start_from_"": 0}, {""classify"": ""T"", ""Start_from"": ""2003"", ""COUNT_Start_from_"": 1}, {""classify"": ""T"", ""Start_from"": ""2004"", ""COUNT_Start_from_"": 0}, {""classify"": ""T"", ""Start_from"": ""2005"", ""COUNT_Start_from_"": 0}, {""classify"": ""T"", ""Start_from"": ""2006"", ""COUNT_Start_from_"": 0}, {""classify"": ""T"", ""Start_from"": ""2007"", ""COUNT_Start_from_"": 0}, {""classify"": ""T"", ""Start_from"": ""2008"", ""COUNT_Start_from_"": 1}, {""classify"": ""T"", ""Start_from"": ""2009"", ""COUNT_Start_from_"": 1}, {""classify"": ""T"", ""Start_from"": ""2010"", ""COUNT_Start_from_"": 0}, {""classify"": ""T"", ""Start_from"": ""2011"", ""COUNT_Start_from_"": 0}, {""classify"": ""T"", ""Start_from"": ""2012"", ""COUNT_Start_from_"": 1}, {""classify"": ""T"", ""Start_from"": ""2013"", ""COUNT_Start_from_"": 1}]}, ""mark"": ""line"", ""encoding"": {""x"": {""field"": ""Start_from"", ""type"": ""nominal""}, ""y"": {""field"": ""COUNT_Start_from_"", ""type"": ""quantitative""}, ""color"": {""field"": ""classify"", ""type"": ""nominal""}}}"
,2781,"What’s the trend in birth years for players rated 75 or above, broken down by their preferred foot?",,,,,,,,1,1,1,1,,,,,Grouping Line,Extra Hard,soccer_1,"{""$schema"": ""https://vega.github.io/schema/vega-lite/v6.json"", ""description"": ""Vega-Lite chart for key 2781"", ""data"": {""values"": [{""classify"": ""left"", ""birthday"": 1967, ""COUNT_birthday_"": 0}, {""classify"": ""left"", ""birthday"": 1968, ""COUNT_birthday_"": 1}, {""classify"": ""left"", ""birthday"": 1969, ""COUNT_birthday_"": 1}, {""classify"": ""left"", ""birthday"": 1970, ""COUNT_birthday_"": 1}, {""classify"": ""left"", ""birthday"": 1971, ""COUNT_birthday_"": 1}, {""classify"": ""left"", ""birthday"": 1972, ""COUNT_birthday_"": 1}, {""classify"": ""left"", ""birthday"": 1973, ""COUNT_birthday_"": 7}, {""classify"": ""left"", ""birthday"": 1974, ""COUNT_birthday_"": 7}, {""classify"": ""left"", ""birthday"": 1975, ""COUNT_birthday_"": 16}, {""classify"": ""left"", ""birthday"": 1976, ""COUNT_birthday_"": 15}, {""classify"": ""left"", ""birthday"": 1977, ""COUNT_birthday_"": 19}, {""classify"": ""left"", ""birthday"": 1978, ""COUNT_birthday_"": 28}, {""classify"": ""left"", ""birthday"": 1979, ""COUNT_birthday_"": 35}, {""classify"": ""left"", ""birthday"": 1980, ""COUNT_birthday_"": 53}, {""classify"": ""left"", ""birthday"": 1981, ""COUNT_birthday_"": 58}, {""classify"": ""left"", ""birthday"": 1982, ""COUNT_birthday_"": 50}, {""classify"": ""left"", ""birthday"": 1983, ""COUNT_birthday_"": 58}, {""classify"": ""left"", ""birthday"": 1984, ""COUNT_birthday_"": 59}, {""classify"": ""left"", ""birthday"": 1985, ""COUNT_birthday_"": 57}, {""classify"": ""left"", ""birthday"": 1986, ""COUNT_birthday_"": 63}, {""classify"": ""left"", ""birthday"": 1987, ""COUNT_birthday_"": 53}, {""classify"": ""left"", ""birthday"": 1988, ""COUNT_birthday_"": 51}, {""classify"": ""left"", ""birthday"": 1989, ""COUNT_birthday_"": 50}, {""classify"": ""left"", ""birthday"": 1990, ""COUNT_birthday_"": 37}, {""classify"": ""left"", ""birthday"": 1991, ""COUNT_birthday_"": 35}, {""classify"": ""left"", ""birthday"": 1992, ""COUNT_birthday_"": 32}, {""classify"": ""left"", ""birthday"": 1993, ""COUNT_birthday_"": 24}, {""classify"": ""left"", ""birthday"": 1994, ""COUNT_birthday_"": 21}, {""classify"": ""left"", ""birthday"": 1995, ""COUNT_birthday_"": 10}, {""classify"": ""left"", ""birthday"": 1996, ""COUNT_birthday_"": 4}, {""classify"": ""left"", ""birthday"": 1997, ""COUNT_birthday_"": 1}, {""classify"": ""right"", ""birthday"": 1967, ""COUNT_birthday_"": 1}, {""classify"": ""right"", ""birthday"": 1968, ""COUNT_birthday_"": 1}, {""classify"": ""right"", ""birthday"": 1969, ""COUNT_birthday_"": 1}, {""classify"": ""right"", ""birthday"": 1970, ""COUNT_birthday_"": 5}, {""classify"": ""right"", ""birthday"": 1971, ""COUNT_birthday_"": 6}, {""classify"": ""right"", ""birthday"": 1972, ""COUNT_birthday_"": 11}, {""classify"": ""right"", ""birthday"": 1973, ""COUNT_birthday_"": 22}, {""classify"": ""right"", ""birthday"": 1974, ""COUNT_birthday_"": 30}, {""classify"": ""right"", ""birthday"": 1975, ""COUNT_birthday_"": 49}, {""classify"": ""right"", ""birthday"": 1976, ""COUNT_birthday_"": 65}, {""classify"": ""right"", ""birthday"": 1977, ""COUNT_birthday_"": 79}, {""classify"": ""right"", ""birthday"": 1978, ""COUNT_birthday_"": 87}, {""classify"": ""right"", ""birthday"": 1979, ""COUNT_birthday_"": 141}, {""classify"": ""right"", ""birthday"": 1980, ""COUNT_birthday_"": 136}, {""classify"": ""right"", ""birthday"": 1981, ""COUNT_birthday_"": 162}, {""classify"": ""right"", ""birthday"": 1982, ""COUNT_birthday_"": 127}, {""classify"": ""right"", ""birthday"": 1983, ""COUNT_birthday_"": 152}, {""classify"": ""right"", ""birthday"": 1984, ""COUNT_birthday_"": 159}, {""classify"": ""right"", ""birthday"": 1985, ""COUNT_birthday_"": 150}, {""classify"": ""right"", ""birthday"": 1986, ""COUNT_birthday_"": 191}, {""classify"": ""right"", ""birthday"": 1987, ""COUNT_birthday_"": 171}, {""classify"": ""right"", ""birthday"": 1988, ""COUNT_birthday_"": 162}, {""classify"": ""right"", ""birthday"": 1989, ""COUNT_birthday_"": 158}, {""classify"": ""right"", ""birthday"": 1990, ""COUNT_birthday_"": 123}, {""classify"": ""right"", ""birthday"": 1991, ""COUNT_birthday_"": 97}, {""classify"": ""right"", ""birthday"": 1992, ""COUNT_birthday_"": 91}, {""classify"": ""right"", ""birthday"": 1993, ""COUNT_birthday_"": 62}, {""classify"": ""right"", ""birthday"": 1994, ""COUNT_birthday_"": 49}, {""classify"": ""right"", ""birthday"": 1995, ""COUNT_birthday_"": 20}, {""classify"": ""right"", ""birthday"": 1996, ""COUNT_birthday_"": 8}, {""classify"": ""right"", ""birthday"": 1997, ""COUNT_birthday_"": 4}]}, ""mark"": ""line"", ""encoding"": {""x"": {""field"": ""birthday"", ""type"": ""quantitative""}, ""y"": {""field"": ""COUNT_birthday_"", ""type"": ""quantitative""}, ""color"": {""field"": ""classify"", ""type"": ""nominal""}}}"
,4014,What’s the year‑by‑year trend of average horsepower for Japan and the United States?,,,,,,,,1,1,1,1,,,,,Grouping Line,Extra Hard,car_1,"{""$schema"": ""https://vega.github.io/schema/vega-lite/v6.json"", ""description"": ""Vega-Lite chart for key 4014"", ""data"": {""values"": [{""classify"": ""japan"", ""year"": 1970, ""avg_a_horsepower_"": 91.5}, {""classify"": ""japan"", ""year"": 1971, ""avg_a_horsepower_"": 79.25}, {""classify"": ""japan"", ""year"": 1972, ""avg_a_horsepower_"": 93.8}, {""classify"": ""japan"", ""year"": 1973, ""avg_a_horsepower_"": 98.5}, {""classify"": ""japan"", ""year"": 1974, ""avg_a_horsepower_"": 72.5}, {""classify"": ""japan"", ""year"": 1975, ""avg_a_horsepower_"": 80.25}, {""classify"": ""japan"", ""year"": 1976, ""avg_a_horsepower_"": 76.5}, {""classify"": ""japan"", ""year"": 1977, ""avg_a_horsepower_"": 81.16666666666667}, {""classify"": ""japan"", ""year"": 1978, ""avg_a_horsepower_"": 79.25}, {""classify"": ""japan"", ""year"": 1979, ""avg_a_horsepower_"": 65.0}, {""classify"": ""japan"", ""year"": 1980, ""avg_a_horsepower_"": 78.84615384615384}, {""classify"": ""japan"", ""year"": 1981, ""avg_a_horsepower_"": 78.33333333333333}, {""classify"": ""japan"", ""year"": 1982, ""avg_a_horsepower_"": 74.0}, {""classify"": ""usa"", ""year"": 1970, ""avg_a_horsepower_"": 164.92307692307693}, {""classify"": ""usa"", ""year"": 1971, ""avg_a_horsepower_"": 119.84210526315789}, {""classify"": ""usa"", ""year"": 1972, ""avg_a_horsepower_"": 138.77777777777777}, {""classify"": ""usa"", ""year"": 1973, ""avg_a_horsepower_"": 146.6206896551724}, {""classify"": ""usa"", ""year"": 1974, ""avg_a_horsepower_"": 112.14285714285714}, {""classify"": ""usa"", ""year"": 1975, ""avg_a_horsepower_"": 108.7}, {""classify"": ""usa"", ""year"": 1976, ""avg_a_horsepower_"": 110.5}, {""classify"": ""usa"", ""year"": 1977, ""avg_a_horsepower_"": 118.38888888888889}, {""classify"": ""usa"", ""year"": 1978, ""avg_a_horsepower_"": 107.27272727272727}, {""classify"": ""usa"", ""year"": 1979, ""avg_a_horsepower_"": 109.43478260869566}, {""classify"": ""usa"", ""year"": 1980, ""avg_a_horsepower_"": 88.83333333333333}, {""classify"": ""usa"", ""year"": 1981, ""avg_a_horsepower_"": 84.53846153846153}, {""classify"": ""usa"", ""year"": 1982, ""avg_a_horsepower_"": 86.94736842105263}]}, ""mark"": ""line"", ""encoding"": {""x"": {""field"": ""year"", ""type"": ""quantitative""}, ""y"": {""field"": ""avg_a_horsepower_"", ""type"": ""quantitative""}, ""color"": {""field"": ""classify"", ""type"": ""nominal""}}}"
,4026,"What’s the yearly count of chip models launched, split by Wi‑Fi?",,,,,,,,1,1,1,1,,,,,Grouping Line,Easy,phone_1,"{""$schema"": ""https://vega.github.io/schema/vega-lite/v6.json"", ""description"": ""Vega-Lite chart for key 4026"", ""data"": {""values"": [{""classify"": ""No"", ""Launch_year"": 2002.0, ""count_"": 2}, {""classify"": ""No"", ""Launch_year"": 2003.0, ""count_"": 2}, {""classify"": ""No"", ""Launch_year"": 2004.0, ""count_"": 2}, {""classify"": ""No"", ""Launch_year"": 2005.0, ""count_"": 1}, {""classify"": ""802.11b"", ""Launch_year"": 2002.0, ""count_"": 0}, {""classify"": ""802.11b"", ""Launch_year"": 2003.0, ""count_"": 1}, {""classify"": ""802.11b"", ""Launch_year"": 2004.0, ""count_"": 4}, {""classify"": ""802.11b"", ""Launch_year"": 2005.0, ""count_"": 2}]}, ""mark"": ""line"", ""encoding"": {""x"": {""field"": ""Launch_year"", ""type"": ""quantitative""}, ""y"": {""field"": ""count_"", ""type"": ""quantitative""}, ""color"": {""field"": ""classify"", ""type"": ""nominal""}}}"
,4029,"What’s the yearly count of players born between 1980 and 1989, broken down by their preferred foot?",,,,,,,,1,1,1,1,,,,,Grouping Line,Hard,soccer_1,"{""$schema"": ""https://vega.github.io/schema/vega-lite/v6.json"", ""description"": ""Vega-Lite chart for key 4029"", ""data"": {""values"": [{""classify"": ""left"", ""year"": 1980, ""count_a_player_api_id_"": 129}, {""classify"": ""left"", ""year"": 1981, ""count_a_player_api_id_"": 148}, {""classify"": ""left"", ""year"": 1982, ""count_a_player_api_id_"": 140}, {""classify"": ""left"", ""year"": 1983, ""count_a_player_api_id_"": 164}, {""classify"": ""left"", ""year"": 1984, ""count_a_player_api_id_"": 181}, {""classify"": ""left"", ""year"": 1985, ""count_a_player_api_id_"": 188}, {""classify"": ""left"", ""year"": 1986, ""count_a_player_api_id_"": 236}, {""classify"": ""left"", ""year"": 1987, ""count_a_player_api_id_"": 223}, {""classify"": ""left"", ""year"": 1988, ""count_a_player_api_id_"": 240}, {""classify"": ""left"", ""year"": 1989, ""count_a_player_api_id_"": 201}, {""classify"": ""right"", ""year"": 1980, ""count_a_player_api_id_"": 345}, {""classify"": ""right"", ""year"": 1981, ""count_a_player_api_id_"": 370}, {""classify"": ""right"", ""year"": 1982, ""count_a_player_api_id_"": 399}, {""classify"": ""right"", ""year"": 1983, ""count_a_player_api_id_"": 452}, {""classify"": ""right"", ""year"": 1984, ""count_a_player_api_id_"": 509}, {""classify"": ""right"", ""year"": 1985, ""count_a_player_api_id_"": 487}, {""classify"": ""right"", ""year"": 1986, ""count_a_player_api_id_"": 571}, {""classify"": ""right"", ""year"": 1987, ""count_a_player_api_id_"": 602}, {""classify"": ""right"", ""year"": 1988, ""count_a_player_api_id_"": 657}, {""classify"": ""right"", ""year"": 1989, ""count_a_player_api_id_"": 599}]}, ""mark"": ""line"", ""encoding"": {""x"": {""field"": ""year"", ""type"": ""quantitative""}, ""y"": {""field"": ""count_a_player_api_id_"", ""type"": ""quantitative""}, ""color"": {""field"": ""classify"", ""type"": ""nominal""}}}"
,1214,How does the number of dorms relate to total capacity when broken down by gender?,,,,,,,,1,0,1,0,,,,,Grouping Scatter,Medium,dorm_1,"{""$schema"": ""https://vega.github.io/schema/vega-lite/v6.json"", ""description"": ""Vega-Lite chart for key 1214"", ""data"": {""values"": [{""classify"": ""F"", ""count_"": 1, ""sum_student_capacity_"": 128}, {""classify"": ""M"", ""count_"": 1, ""sum_student_capacity_"": 116}, {""classify"": ""X"", ""count_"": 1, ""sum_student_capacity_"": 1136}]}, ""mark"": ""point"", ""encoding"": {""x"": {""field"": ""count_"", ""type"": ""quantitative""}, ""y"": {""field"": ""sum_student_capacity_"", ""type"": ""quantitative""}, ""color"": {""field"": ""classify"", ""type"": ""nominal""}}}"
,1241,"Could you plot a scatter that shows how the oldest age relates to the average age, broken down by sex?",,,,,,,,1,0,1,1,,,,,Grouping Scatter,Easy,dorm_1,"{""$schema"": ""https://vega.github.io/schema/vega-lite/v6.json"", ""description"": ""Vega-Lite chart for key 1241"", ""data"": {""values"": [{""classify"": ""F"", ""avg_age_"": 19.7, ""max_age_"": 26}, {""classify"": ""M"", ""avg_age_"": 19.7, ""max_age_"": 27}]}, ""mark"": ""point"", ""encoding"": {""x"": {""field"": ""avg_age_"", ""type"": ""quantitative""}, ""y"": {""field"": ""max_age_"", ""type"": ""quantitative""}, ""color"": {""field"": ""classify"", ""type"": ""nominal""}}}"
,1504,"What’s the relationship between rank and market value for banking companies, broken down by each company?",,,,,,,,1,0,1,1,,,,,Grouping Scatter,Medium,gas_company,"{""$schema"": ""https://vega.github.io/schema/vega-lite/v6.json"", ""description"": ""Vega-Lite chart for key 1504"", ""data"": {""values"": [{""classify"": ""HSBC"", ""Rank"": 6, ""Market_Value"": 164.3}, {""classify"": ""Industrial and Commercial Bank of China"", ""Rank"": 6, ""Market_Value"": 237.4}, {""classify"": ""Wells Fargo"", ""Rank"": 6, ""Market_Value"": 178.7}]}, ""mark"": ""point"", ""encoding"": {""x"": {""field"": ""Rank"", ""type"": ""quantitative""}, ""y"": {""field"": ""Market_Value"", ""type"": ""quantitative""}, ""color"": {""field"": ""classify"", ""type"": ""nominal""}}}"
,1973,Could you show a  plot of the average and minimum room prices for each décor style?,,,,,,,,0,1,0,0,,,,,Grouping Scatter,Easy,inn_1,"{""$schema"": ""https://vega.github.io/schema/vega-lite/v6.json"", ""description"": ""Vega-Lite chart for key 1973"", ""data"": {""values"": [{""classify"": ""modern"", ""avg_basePrice_"": 112.5, ""min_basePrice_"": 75}, {""classify"": ""rustic"", ""avg_basePrice_"": 112.5, ""min_basePrice_"": 150}, {""classify"": ""traditional"", ""avg_basePrice_"": 112.5, ""min_basePrice_"": 150}]}, ""mark"": ""point"", ""encoding"": {""x"": {""field"": ""avg_basePrice_"", ""type"": ""quantitative""}, ""y"": {""field"": ""min_basePrice_"", ""type"": ""quantitative""}, ""color"": {""field"": ""classify"", ""type"": ""nominal""}}}"
,2289,How do price and revenue correlate for each product‑manufacturer pair when grouped by their headquarters?,,,,,,,,1,1,1,1,,,,,Grouping Scatter,Medium,manufactory_1,"{""$schema"": ""https://vega.github.io/schema/vega-lite/v6.json"", ""description"": ""Vega-Lite chart for key 2289"", ""data"": {""values"": [{""classify"": ""Austin"", ""Price"": 180, ""Revenue"": 100}, {""classify"": ""Austin"", ""Price"": 90, ""Revenue"": 100}, {""classify"": ""Austin"", ""Price"": 180, ""Revenue"": 100}, {""classify"": ""Beijing"", ""Price"": 180, ""Revenue"": 200}, {""classify"": ""Beijing"", ""Price"": 90, ""Revenue"": null}, {""classify"": ""Beijing"", ""Price"": 180, ""Revenue"": null}, {""classify"": ""Los Angeles"", ""Price"": 180, ""Revenue"": 50}, {""classify"": ""Los Angeles"", ""Price"": 90, ""Revenue"": 50}, {""classify"": ""Los Angeles"", ""Price"": 180, ""Revenue"": 50}, {""classify"": ""Paris"", ""Price"": 180, ""Revenue"": 30}, {""classify"": ""Paris"", ""Price"": 90, ""Revenue"": 30}, {""classify"": ""Paris"", ""Price"": 180, ""Revenue"": null}, {""classify"": ""Taiwan"", ""Price"": 180, ""Revenue"": 130}, {""classify"": ""Taiwan"", ""Price"": 90, ""Revenue"": null}, {""classify"": ""Taiwan"", ""Price"": 180, ""Revenue"": null}, {""classify"": ""Tokyo"", ""Price"": 180, ""Revenue"": 120}, {""classify"": ""Tokyo"", ""Price"": 90, ""Revenue"": null}, {""classify"": ""Tokyo"", ""Price"": 180, ""Revenue"": null}]}, ""mark"": ""point"", ""encoding"": {""x"": {""field"": ""Price"", ""type"": ""quantitative""}, ""y"": {""field"": ""Revenue"", ""type"": ""quantitative""}, ""color"": {""field"": ""classify"", ""type"": ""nominal""}}}"
,2299,"Could you show a  plot of price versus revenue for each product, colored by the founder attribute?",,,,,,,,1,0,1,1,,,,,Grouping Scatter,Medium,manufactory_1,"{""$schema"": ""https://vega.github.io/schema/vega-lite/v6.json"", ""description"": ""Vega-Lite chart for key 2299"", ""data"": {""values"": [{""classify"": ""Andy"", ""Price"": 240, ""Revenue"": 120}, {""classify"": ""James"", ""Price"": 240, ""Revenue"": 50}, {""classify"": ""John"", ""Price"": 240, ""Revenue"": 130}, {""classify"": ""Mary"", ""Price"": 240, ""Revenue"": 200}, {""classify"": ""Owen"", ""Price"": 240, ""Revenue"": 100}, {""classify"": ""Robert"", ""Price"": 240, ""Revenue"": 30}]}, ""mark"": ""point"", ""encoding"": {""x"": {""field"": ""Price"", ""type"": ""quantitative""}, ""y"": {""field"": ""Revenue"", ""type"": ""quantitative""}, ""color"": {""field"": ""classify"", ""type"": ""nominal""}}}"
,2479,"What’s the relationship between journalists’ average age and their average tenure for each role type, shown with a grouped scatter plot?",,,,,,,,1,1,1,1,,,,,Grouping Scatter,Medium,news_report,"{""$schema"": ""https://vega.github.io/schema/vega-lite/v6.json"", ""description"": ""Vega-Lite chart for key 2479"", ""data"": {""values"": [{""classify"": ""Host"", ""avg_t1_age_"": 43, ""avg_Years_working_"": 16.5}, {""classify"": ""Music"", ""avg_t1_age_"": 43, ""avg_Years_working_"": 14}, {""classify"": ""Screening"", ""avg_t1_age_"": 43, ""avg_Years_working_"": 4.666666666666667}]}, ""mark"": ""point"", ""encoding"": {""x"": {""field"": ""avg_t1_age_"", ""type"": ""quantitative""}, ""y"": {""field"": ""avg_Years_working_"", ""type"": ""quantitative""}, ""color"": {""field"": ""classify"", ""type"": ""nominal""}}}"
,2550,How does the average age compare to the maximum age for each pet type?,,,,,,,,0,0,0,0,,,,,Grouping Scatter,Easy,pets_1,"{""$schema"": ""https://vega.github.io/schema/vega-lite/v6.json"", ""description"": ""Vega-Lite chart for key 2550"", ""data"": {""values"": [{""classify"": ""cat"", ""avg_pet_age_"": 3, ""max_pet_age_"": 3}, {""classify"": ""dog"", ""avg_pet_age_"": 3, ""max_pet_age_"": 2}]}, ""mark"": ""point"", ""encoding"": {""x"": {""field"": ""avg_pet_age_"", ""type"": ""quantitative""}, ""y"": {""field"": ""max_pet_age_"", ""type"": ""quantitative""}, ""color"": {""field"": ""classify"", ""type"": ""nominal""}}}"
,2709,Could you show how the number of schools per county relates to that county’s total enrollment?,,,,,,,,1,0,0,0,,,,,Grouping Scatter,Medium,school_finance,"{""$schema"": ""https://vega.github.io/schema/vega-lite/v6.json"", ""description"": ""Vega-Lite chart for key 2709"", ""data"": {""values"": [{""classify"": ""20 Elkhart"", ""count_"": 1, ""sum_enrollment_"": 601}, {""classify"": ""46 LaPorte 71 St. Joseph"", ""count_"": 1, ""sum_enrollment_"": 852}, {""classify"": ""50 Marshall"", ""count_"": 1, ""sum_enrollment_"": 1098}, {""classify"": ""71 St. Joseph"", ""count_"": 1, ""sum_enrollment_"": 984}, {""classify"": ""75 Starke"", ""count_"": 1, ""sum_enrollment_"": 620}]}, ""mark"": ""point"", ""encoding"": {""x"": {""field"": ""count_"", ""type"": ""quantitative""}, ""y"": {""field"": ""sum_enrollment_"", ""type"": ""quantitative""}, ""color"": {""field"": ""classify"", ""type"": ""nominal""}}}"
,3056,"How about a plot showing the total number of platforms versus the total passengers, with points colored by location?",,,,,,,,1,0,1,1,,,,,Grouping Scatter,Medium,train_station,"{""$schema"": ""https://vega.github.io/schema/vega-lite/v6.json"", ""description"": ""Vega-Lite chart for key 3056"", ""data"": {""values"": [{""classify"": ""Birmingham"", ""sum_number_of_platforms_"": 13, ""sum_total_passengers_"": 36.331}, {""classify"": ""Glasgow"", ""sum_number_of_platforms_"": 13, ""sum_total_passengers_"": 29.658}, {""classify"": ""London"", ""sum_number_of_platforms_"": 13, ""sum_total_passengers_"": 498.50700000000006}]}, ""mark"": ""point"", ""encoding"": {""x"": {""field"": ""sum_number_of_platforms_"", ""type"": ""quantitative""}, ""y"": {""field"": ""sum_total_passengers_"", ""type"": ""quantitative""}, ""color"": {""field"": ""classify"", ""type"": ""nominal""}}}"
,3079,"Could you show a plot of ACC Percent versus All‑Games Percent, with the points colored by ACC Road?",,,,,,,,0,1,0,0,,,,,Grouping Scatter,Easy,university_basketball,"{""$schema"": ""https://vega.github.io/schema/vega-lite/v6.json"", ""description"": ""Vega-Lite chart for key 3079"", ""data"": {""values"": [{""classify"": ""3-5"", ""ACC_Percent"": 0.563, ""All_Games_Percent"": 0.6}, {""classify"": ""3-5"", ""ACC_Percent"": 0.625, ""All_Games_Percent"": 0.706}, {""classify"": ""6-2"", ""ACC_Percent"": 0.563, ""All_Games_Percent"": 0.8240000000000001}, {""classify"": ""6-2"", ""ACC_Percent"": 0.625, ""All_Games_Percent"": null}, {""classify"": ""8-0"", ""ACC_Percent"": 0.563, ""All_Games_Percent"": 0.946}, {""classify"": ""8-0"", ""ACC_Percent"": 0.625, ""All_Games_Percent"": null}]}, ""mark"": ""point"", ""encoding"": {""x"": {""field"": ""ACC_Percent"", ""type"": ""quantitative""}, ""y"": {""field"": ""All_Games_Percent"", ""type"": ""quantitative""}, ""color"": {""field"": ""classify"", ""type"": ""nominal""}}}"
,3097,"Could you plot a chart of all_games_percent against acc percent, using All_Home to colour the points?",,,,,,,,1,1,1,1,,,,,Grouping Scatter,Easy,university_basketball,"{""$schema"": ""https://vega.github.io/schema/vega-lite/v6.json"", ""description"": ""Vega-Lite chart for key 3097"", ""data"": {""values"": [{""classify"": ""14-2"", ""ACC_Percent"": 0.625, ""All_Games_Percent"": 0.706}, {""classify"": ""14-2"", ""ACC_Percent"": 0.875, ""All_Games_Percent"": 0.946}, {""classify"": ""14-3"", ""ACC_Percent"": 0.625, ""All_Games_Percent"": 0.6}, {""classify"": ""14-3"", ""ACC_Percent"": 0.875, ""All_Games_Percent"": null}, {""classify"": ""15-1"", ""ACC_Percent"": 0.625, ""All_Games_Percent"": 0.8240000000000001}, {""classify"": ""15-1"", ""ACC_Percent"": 0.875, ""All_Games_Percent"": null}]}, ""mark"": ""point"", ""encoding"": {""x"": {""field"": ""ACC_Percent"", ""type"": ""quantitative""}, ""y"": {""field"": ""All_Games_Percent"", ""type"": ""quantitative""}, ""color"": {""field"": ""classify"", ""type"": ""nominal""}}}"
,409,"Could you create a plot of average weight versus minimum weight, coloring the points differently for each sex?",,,,,,,,1,0,1,1,,,,,Grouping Scatter,Easy,candidate_poll,"{""$schema"": ""https://vega.github.io/schema/vega-lite/v6.json"", ""description"": ""Vega-Lite chart for key 409"", ""data"": {""values"": [{""classify"": ""F"", ""avg_weight_"": 92, ""min_weight_"": 90}, {""classify"": ""M"", ""avg_weight_"": 92, ""min_weight_"": 82}]}, ""mark"": ""point"", ""encoding"": {""x"": {""field"": ""avg_weight_"", ""type"": ""quantitative""}, ""y"": {""field"": ""min_weight_"", ""type"": ""quantitative""}, ""color"": {""field"": ""classify"", ""type"": ""nominal""}}}"
,539,"What’s the relationship between each department’s average and maximum GPA, shown in a  plot colored by department code?",,,,,,,,1,1,1,1,,,,,Grouping Scatter,Easy,college_1,"{""$schema"": ""https://vega.github.io/schema/vega-lite/v6.json"", ""description"": ""Vega-Lite chart for key 539"", ""data"": {""values"": [{""classify"": ""ACCT"", ""max_stu_gpa_"": 3.15, ""avg_stu_gpa_"": 2.776666666666667}, {""classify"": ""BIOL"", ""max_stu_gpa_"": 3.15, ""avg_stu_gpa_"": 2.84}, {""classify"": ""CIS"", ""max_stu_gpa_"": 3.15, ""avg_stu_gpa_"": 3.18}, {""classify"": ""EDU"", ""max_stu_gpa_"": 3.15, ""avg_stu_gpa_"": 3.87}, {""classify"": ""ENGL"", ""max_stu_gpa_"": 3.15, ""avg_stu_gpa_"": 2.11}]}, ""mark"": ""point"", ""encoding"": {""x"": {""field"": ""max_stu_gpa_"", ""type"": ""quantitative""}, ""y"": {""field"": ""avg_stu_gpa_"", ""type"": ""quantitative""}, ""color"": {""field"": ""classify"", ""type"": ""nominal""}}}"
,541,"What’s the relationship between each department’s minimum and average GPA, shown in a  plot colored by department code?",,,,,,,,1,1,1,1,,,,,Grouping Scatter,Easy,college_1,"{""$schema"": ""https://vega.github.io/schema/vega-lite/v6.json"", ""description"": ""Vega-Lite chart for key 541"", ""data"": {""values"": [{""classify"": ""ACCT"", ""avg_stu_gpa_"": 2.776666666666667, ""min_stu_gpa_"": 2.26}, {""classify"": ""BIOL"", ""avg_stu_gpa_"": 2.776666666666667, ""min_stu_gpa_"": 2.84}, {""classify"": ""CIS"", ""avg_stu_gpa_"": 2.776666666666667, ""min_stu_gpa_"": 3.09}, {""classify"": ""EDU"", ""avg_stu_gpa_"": 2.776666666666667, ""min_stu_gpa_"": 3.87}, {""classify"": ""ENGL"", ""avg_stu_gpa_"": 2.776666666666667, ""min_stu_gpa_"": 2.11}]}, ""mark"": ""point"", ""encoding"": {""x"": {""field"": ""avg_stu_gpa_"", ""type"": ""quantitative""}, ""y"": {""field"": ""min_stu_gpa_"", ""type"": ""quantitative""}, ""color"": {""field"": ""classify"", ""type"": ""nominal""}}}"
,1165@x_name@DESC,"What’s the daily count of treatments, shown as a line chart with dates?",,,,,,,,1,1,1,1,,,,,Line,Hard,Treatments,"{""$schema"": ""https://vega.github.io/schema/vega-lite/v6.json"", ""description"": ""Vega-Lite chart for key 1165@x_name@DESC"", ""data"": {""values"": [{""date_of_treatment"": ""2018-03-24"", ""COUNT_date_of_treatment_"": 1}, {""date_of_treatment"": ""2018-03-23"", ""COUNT_date_of_treatment_"": 1}, {""date_of_treatment"": ""2018-03-19"", ""COUNT_date_of_treatment_"": 1}, {""date_of_treatment"": ""2018-03-16"", ""COUNT_date_of_treatment_"": 1}, {""date_of_treatment"": ""2018-03-15"", ""COUNT_date_of_treatment_"": 2}, {""date_of_treatment"": ""2018-03-14"", ""COUNT_date_of_treatment_"": 1}, {""date_of_treatment"": ""2018-03-13"", ""COUNT_date_of_treatment_"": 1}, {""date_of_treatment"": ""2018-03-11"", ""COUNT_date_of_treatment_"": 1}, {""date_of_treatment"": ""2018-03-10"", ""COUNT_date_of_treatment_"": 1}, {""date_of_treatment"": ""2018-03-08"", ""COUNT_date_of_treatment_"": 1}, {""date_of_treatment"": ""2018-03-04"", ""COUNT_date_of_treatment_"": 1}, {""date_of_treatment"": ""2018-03-01"", ""COUNT_date_of_treatment_"": 1}, {""date_of_treatment"": ""2018-02-28"", ""COUNT_date_of_treatment_"": 1}, {""date_of_treatment"": ""2018-02-26"", ""COUNT_date_of_treatment_"": 1}]}, ""mark"": ""line"", ""encoding"": {""x"": {""field"": ""date_of_treatment"", ""type"": ""nominal""}, ""y"": {""field"": ""COUNT_date_of_treatment_"", ""type"": ""quantitative""}}}"
,1192,"What’s the daily count of treated dogs arriving, grouped by arrival date?",,,,,,,,1,1,1,0,,,,,Line,Medium,Dogs,"{""$schema"": ""https://vega.github.io/schema/vega-lite/v6.json"", ""description"": ""Vega-Lite chart for key 1192"", ""data"": {""values"": [{""date_arrived"": ""2017-04-20"", ""COUNT_date_arrived_"": 1}, {""date_arrived"": ""2017-05-06"", ""COUNT_date_arrived_"": 1}, {""date_arrived"": ""2017-06-18"", ""COUNT_date_arrived_"": 3}, {""date_arrived"": ""2017-09-08"", ""COUNT_date_arrived_"": 1}, {""date_arrived"": ""2017-10-24"", ""COUNT_date_arrived_"": 1}, {""date_arrived"": ""2017-12-22"", ""COUNT_date_arrived_"": 2}, {""date_arrived"": ""2017-12-29"", ""COUNT_date_arrived_"": 5}, {""date_arrived"": ""2018-01-02"", ""COUNT_date_arrived_"": 1}]}, ""mark"": ""line"", ""encoding"": {""x"": {""field"": ""date_arrived"", ""type"": ""nominal""}, ""y"": {""field"": ""COUNT_date_arrived_"", ""type"": ""quantitative""}}}"
,1254@x_name@ASC,How many tests with a “Pass” result occurred on each enrollment date?,,,,,,,,1,1,1,0,,,,,Line,Extra Hard,Student_Course_Enrolment,"{""$schema"": ""https://vega.github.io/schema/vega-lite/v6.json"", ""description"": ""Vega-Lite chart for key 1254@x_name@ASC"", ""data"": {""values"": [{""date_of_enrolment"": ""2017-08-02"", ""COUNT_date_of_enrolment_"": 1}, {""date_of_enrolment"": ""2017-09-06"", ""COUNT_date_of_enrolment_"": 1}, {""date_of_enrolment"": ""2017-09-21"", ""COUNT_date_of_enrolment_"": 2}, {""date_of_enrolment"": ""2017-10-10"", ""COUNT_date_of_enrolment_"": 1}, {""date_of_enrolment"": ""2017-10-23"", ""COUNT_date_of_enrolment_"": 1}, {""date_of_enrolment"": ""2017-10-29"", ""COUNT_date_of_enrolment_"": 1}, {""date_of_enrolment"": ""2017-11-13"", ""COUNT_date_of_enrolment_"": 1}]}, ""mark"": ""line"", ""encoding"": {""x"": {""field"": ""date_of_enrolment"", ""type"": ""nominal""}, ""y"": {""field"": ""COUNT_date_of_enrolment_"", ""type"": ""quantitative""}}}"
,1300@x_name@DESC,"How many students completed each day, shown as a line chart grouped by completion date and?",,,,,,,,1,1,1,1,,,,,Line,Medium,Student_Course_Enrolment,"{""$schema"": ""https://vega.github.io/schema/vega-lite/v6.json"", ""description"": ""Vega-Lite chart for key 1300@x_name@DESC"", ""data"": {""values"": [{""date_of_completion"": ""2018-03-22"", ""COUNT_date_of_completion_"": 2}, {""date_of_completion"": ""2018-03-19"", ""COUNT_date_of_completion_"": 1}, {""date_of_completion"": ""2018-03-18"", ""COUNT_date_of_completion_"": 1}, {""date_of_completion"": ""2018-03-16"", ""COUNT_date_of_completion_"": 1}, {""date_of_completion"": ""2018-03-14"", ""COUNT_date_of_completion_"": 1}, {""date_of_completion"": ""2018-03-10"", ""COUNT_date_of_completion_"": 1}, {""date_of_completion"": ""2018-03-09"", ""COUNT_date_of_completion_"": 1}, {""date_of_completion"": ""2018-03-07"", ""COUNT_date_of_completion_"": 2}, {""date_of_completion"": ""2018-03-06"", ""COUNT_date_of_completion_"": 1}, {""date_of_completion"": ""2018-03-04"", ""COUNT_date_of_completion_"": 2}, {""date_of_completion"": ""2018-03-02"", ""COUNT_date_of_completion_"": 1}, {""date_of_completion"": ""2018-03-01"", ""COUNT_date_of_completion_"": 2}, {""date_of_completion"": ""2018-02-28"", ""COUNT_date_of_completion_"": 1}, {""date_of_completion"": ""2018-02-27"", ""COUNT_date_of_completion_"": 1}, {""date_of_completion"": ""2018-02-26"", ""COUNT_date_of_completion_"": 2}]}, ""mark"": ""line"", ""encoding"": {""x"": {""field"": ""date_of_completion"", ""type"": ""nominal""}, ""y"": {""field"": ""COUNT_date_of_completion_"", ""type"": ""quantitative""}}}"
,1388@x_name@ASC,How many competitions were held each year?,,,,,,,,1,1,1,1,,,,,Line,Hard,city,"{""$schema"": ""https://vega.github.io/schema/vega-lite/v6.json"", ""description"": ""Vega-Lite chart for key 1388@x_name@ASC"", ""data"": {""values"": [{""Year"": ""2002"", ""COUNT_Year_"": 1}, {""Year"": ""2003"", ""COUNT_Year_"": 1}, {""Year"": ""2004"", ""COUNT_Year_"": 1}, {""Year"": ""2005"", ""COUNT_Year_"": 1}, {""Year"": ""2006"", ""COUNT_Year_"": 1}, {""Year"": ""2007"", ""COUNT_Year_"": 0}, {""Year"": ""2008"", ""COUNT_Year_"": 0}, {""Year"": ""2009"", ""COUNT_Year_"": 0}, {""Year"": ""2010"", ""COUNT_Year_"": 0}, {""Year"": ""2011"", ""COUNT_Year_"": 0}, {""Year"": ""2012"", ""COUNT_Year_"": 0}, {""Year"": ""2013"", ""COUNT_Year_"": 1}]}, ""mark"": ""line"", ""encoding"": {""x"": {""field"": ""Year"", ""type"": ""nominal""}, ""y"": {""field"": ""COUNT_Year_"", ""type"": ""quantitative""}}}"
,1495@x_name@ASC,Could you show a line chart of the number of seasons?,,,,,,,,1,1,1,1,,,,,Line,Medium,game,"{""$schema"": ""https://vega.github.io/schema/vega-lite/v6.json"", ""description"": ""Vega-Lite chart for key 1495@x_name@ASC"", ""data"": {""values"": [{""Season"": ""2007"", ""COUNT_Season_"": 3}, {""Season"": ""2008"", ""COUNT_Season_"": 3}, {""Season"": ""2009"", ""COUNT_Season_"": 3}, {""Season"": ""2010"", ""COUNT_Season_"": 2}, {""Season"": ""2011"", ""COUNT_Season_"": 2}, {""Season"": ""2012"", ""COUNT_Season_"": 5}, {""Season"": ""2013"", ""COUNT_Season_"": 2}]}, ""mark"": ""line"", ""encoding"": {""x"": {""field"": ""Season"", ""type"": ""nominal""}, ""y"": {""field"": ""COUNT_Season_"", ""type"": ""quantitative""}}}"
,1556,How have salaries changed over hire dates for employees whose first names contain the letters D or S?,,,,,,,,1,1,1,1,,,,,Line,Hard,employees,"{""$schema"": ""https://vega.github.io/schema/vega-lite/v6.json"", ""description"": ""Vega-Lite chart for key 1556"", ""data"": {""values"": [{""HIRE_DATE"": ""1987-06-17"", ""SALARY"": 24000}, {""HIRE_DATE"": ""1987-09-30"", ""SALARY"": 12000}, {""HIRE_DATE"": ""1987-08-24"", ""SALARY"": 11500}, {""HIRE_DATE"": ""1987-07-01"", ""SALARY"": 11000}, {""HIRE_DATE"": ""1987-08-04"", ""SALARY"": 11000}, {""HIRE_DATE"": ""1987-08-25"", ""SALARY"": 10000}, {""HIRE_DATE"": ""1987-08-07"", ""SALARY"": 9500}, {""HIRE_DATE"": ""1987-08-19"", ""SALARY"": 9500}, {""HIRE_DATE"": ""1987-06-20"", ""SALARY"": 9000}, {""HIRE_DATE"": ""1987-06-26"", ""SALARY"": 9000}, {""HIRE_DATE"": ""1987-08-31"", ""SALARY"": 8800}, {""HIRE_DATE"": ""1987-07-08"", ""SALARY"": 8200}, {""HIRE_DATE"": ""1987-08-09"", ""SALARY"": 8000}, {""HIRE_DATE"": ""1987-08-15"", ""SALARY"": 8000}, {""HIRE_DATE"": ""1987-06-29"", ""SALARY"": 7800}, {""HIRE_DATE"": ""1987-06-28"", ""SALARY"": 7700}, {""HIRE_DATE"": ""1987-08-16"", ""SALARY"": 7500}, {""HIRE_DATE"": ""1987-08-17"", ""SALARY"": 7000}, {""HIRE_DATE"": ""1987-06-30"", ""SALARY"": 6900}, {""HIRE_DATE"": ""1987-08-21"", ""SALARY"": 6800}, {""HIRE_DATE"": ""1987-07-10"", ""SALARY"": 6500}, {""HIRE_DATE"": ""1987-09-28"", ""SALARY"": 6500}, {""HIRE_DATE"": ""1987-08-22"", ""SALARY"": 6400}, {""HIRE_DATE"": ""1987-09-04"", ""SALARY"": 6200}, {""HIRE_DATE"": ""1987-08-29"", ""SALARY"": 6100}, {""HIRE_DATE"": ""1987-06-22"", ""SALARY"": 4800}, {""HIRE_DATE"": ""1987-06-24"", ""SALARY"": 4200}, {""HIRE_DATE"": ""1987-09-09"", ""SALARY"": 4200}, {""HIRE_DATE"": ""1987-09-10"", ""SALARY"": 4100}, {""HIRE_DATE"": ""1987-09-17"", ""SALARY"": 4000}, {""HIRE_DATE"": ""1987-07-24"", ""SALARY"": 3600}, {""HIRE_DATE"": ""1987-07-20"", ""SALARY"": 3300}, {""HIRE_DATE"": ""1987-07-25"", ""SALARY"": 3200}, {""HIRE_DATE"": ""1987-09-05"", ""SALARY"": 3200}, {""HIRE_DATE"": ""1987-09-19"", ""SALARY"": 3200}, {""HIRE_DATE"": ""1987-07-02"", ""SALARY"": 3100}, {""HIRE_DATE"": ""1987-07-29"", ""SALARY"": 3100}, {""HIRE_DATE"": ""1987-07-03"", ""SALARY"": 2900}, {""HIRE_DATE"": ""1987-07-04"", ""SALARY"": 2800}, {""HIRE_DATE"": ""1987-09-08"", ""SALARY"": 2800}, {""HIRE_DATE"": ""1987-07-30"", ""SALARY"": 2600}, {""HIRE_DATE"": ""1987-09-23"", ""SALARY"": 2600}, {""HIRE_DATE"": ""1987-09-24"", ""SALARY"": 2600}, {""HIRE_DATE"": ""1987-07-18"", ""SALARY"": 2500}, {""HIRE_DATE"": ""1987-07-27"", ""SALARY"": 2500}, {""HIRE_DATE"": ""1987-09-16"", ""SALARY"": 2500}, {""HIRE_DATE"": ""1987-07-14"", ""SALARY"": 2400}, {""HIRE_DATE"": ""1987-07-15"", ""SALARY"": 2200}]}, ""mark"": ""line"", ""encoding"": {""x"": {""field"": ""HIRE_DATE"", ""type"": ""nominal""}, ""y"": {""field"": ""SALARY"", ""type"": ""quantitative""}}}"
,1621,"Show how commission_pct has changed over hire dates for employees earning between 8,000 and 12,000 with a commission, or who aren’t in department 40.",,,,,,,,1,1,1,1,,,,,Line,Medium,employees,"{""$schema"": ""https://vega.github.io/schema/vega-lite/v6.json"", ""description"": ""Vega-Lite chart for key 1621"", ""data"": {""values"": [{""HIRE_DATE"": ""1987-06-17"", ""COMMISSION_PCT"": 0}, {""HIRE_DATE"": ""1987-06-18"", ""COMMISSION_PCT"": 0}, {""HIRE_DATE"": ""1987-06-19"", ""COMMISSION_PCT"": 0}, {""HIRE_DATE"": ""1987-06-20"", ""COMMISSION_PCT"": 0}, {""HIRE_DATE"": ""1987-06-21"", ""COMMISSION_PCT"": 0}, {""HIRE_DATE"": ""1987-06-22"", ""COMMISSION_PCT"": 0}, {""HIRE_DATE"": ""1987-06-23"", ""COMMISSION_PCT"": 0}, {""HIRE_DATE"": ""1987-06-24"", ""COMMISSION_PCT"": 0}, {""HIRE_DATE"": ""1987-06-25"", ""COMMISSION_PCT"": 0}, {""HIRE_DATE"": ""1987-06-26"", ""COMMISSION_PCT"": 0}, {""HIRE_DATE"": ""1987-06-27"", ""COMMISSION_PCT"": 0}, {""HIRE_DATE"": ""1987-06-28"", ""COMMISSION_PCT"": 0}, {""HIRE_DATE"": ""1987-06-29"", ""COMMISSION_PCT"": 0}, {""HIRE_DATE"": ""1987-06-30"", ""COMMISSION_PCT"": 0}, {""HIRE_DATE"": ""1987-07-01"", ""COMMISSION_PCT"": 0}, {""HIRE_DATE"": ""1987-07-02"", ""COMMISSION_PCT"": 0}, {""HIRE_DATE"": ""1987-07-03"", ""COMMISSION_PCT"": 0}, {""HIRE_DATE"": ""1987-07-04"", ""COMMISSION_PCT"": 0}, {""HIRE_DATE"": ""1987-07-05"", ""COMMISSION_PCT"": 0}, {""HIRE_DATE"": ""1987-07-06"", ""COMMISSION_PCT"": 0}, {""HIRE_DATE"": ""1987-07-07"", ""COMMISSION_PCT"": 0}, {""HIRE_DATE"": ""1987-07-08"", ""COMMISSION_PCT"": 0}, {""HIRE_DATE"": ""1987-07-09"", ""COMMISSION_PCT"": 0}, {""HIRE_DATE"": ""1987-07-10"", ""COMMISSION_PCT"": 0}, {""HIRE_DATE"": ""1987-07-11"", ""COMMISSION_PCT"": 0}, {""HIRE_DATE"": ""1987-07-12"", ""COMMISSION_PCT"": 0}, {""HIRE_DATE"": ""1987-07-13"", ""COMMISSION_PCT"": 0}, {""HIRE_DATE"": ""1987-07-14"", ""COMMISSION_PCT"": 0}, {""HIRE_DATE"": ""1987-07-15"", ""COMMISSION_PCT"": 0}, {""HIRE_DATE"": ""1987-07-16"", ""COMMISSION_PCT"": 0}, {""HIRE_DATE"": ""1987-07-17"", ""COMMISSION_PCT"": 0}, {""HIRE_DATE"": ""1987-07-18"", ""COMMISSION_PCT"": 0}, {""HIRE_DATE"": ""1987-07-19"", ""COMMISSION_PCT"": 0}, {""HIRE_DATE"": ""1987-07-20"", ""COMMISSION_PCT"": 0}, {""HIRE_DATE"": ""1987-07-21"", ""COMMISSION_PCT"": 0}, {""HIRE_DATE"": ""1987-07-22"", ""COMMISSION_PCT"": 0}, {""HIRE_DATE"": ""1987-07-23"", ""COMMISSION_PCT"": 0}, {""HIRE_DATE"": ""1987-07-24"", ""COMMISSION_PCT"": 0}, {""HIRE_DATE"": ""1987-07-25"", ""COMMISSION_PCT"": 0}, {""HIRE_DATE"": ""1987-07-26"", ""COMMISSION_PCT"": 0}, {""HIRE_DATE"": ""1987-07-27"", ""COMMISSION_PCT"": 0}, {""HIRE_DATE"": ""1987-07-28"", ""COMMISSION_PCT"": 0}, {""HIRE_DATE"": ""1987-07-29"", ""COMMISSION_PCT"": 0}, {""HIRE_DATE"": ""1987-07-30"", ""COMMISSION_PCT"": 0}, {""HIRE_DATE"": ""1987-07-31"", ""COMMISSION_PCT"": 0}, {""HIRE_DATE"": ""1987-08-01"", ""COMMISSION_PCT"": 0.4}, {""HIRE_DATE"": ""1987-08-02"", ""COMMISSION_PCT"": 0.3}, {""HIRE_DATE"": ""1987-08-03"", ""COMMISSION_PCT"": 0.3}, {""HIRE_DATE"": ""1987-08-04"", ""COMMISSION_PCT"": 0.3}, {""HIRE_DATE"": ""1987-08-05"", ""COMMISSION_PCT"": 0.2}, {""HIRE_DATE"": ""1987-08-06"", ""COMMISSION_PCT"": 0.3}, {""HIRE_DATE"": ""1987-08-07"", ""COMMISSION_PCT"": 0.25}, {""HIRE_DATE"": ""1987-08-08"", ""COMMISSION_PCT"": 0.25}, {""HIRE_DATE"": ""1987-08-09"", ""COMMISSION_PCT"": 0.2}, {""HIRE_DATE"": ""1987-08-10"", ""COMMISSION_PCT"": 0.2}, {""HIRE_DATE"": ""1987-08-11"", ""COMMISSION_PCT"": 0.15}, {""HIRE_DATE"": ""1987-08-12"", ""COMMISSION_PCT"": 0.35}, {""HIRE_DATE"": ""1987-08-13"", ""COMMISSION_PCT"": 0.35}, {""HIRE_DATE"": ""1987-08-14"", ""COMMISSION_PCT"": 0.35}, {""HIRE_DATE"": ""1987-08-15"", ""COMMISSION_PCT"": 0.3}, {""HIRE_DATE"": ""1987-08-16"", ""COMMISSION_PCT"": 0.3}, {""HIRE_DATE"": ""1987-08-17"", ""COMMISSION_PCT"": 0.25}, {""HIRE_DATE"": ""1987-08-18"", ""COMMISSION_PCT"": 0.25}, {""HIRE_DATE"": ""1987-08-19"", ""COMMISSION_PCT"": 0.15}, {""HIRE_DATE"": ""1987-08-20"", ""COMMISSION_PCT"": 0.1}, {""HIRE_DATE"": ""1987-08-21"", ""COMMISSION_PCT"": 0.1}, {""HIRE_DATE"": ""1987-08-22"", ""COMMISSION_PCT"": 0.1}, {""HIRE_DATE"": ""1987-08-23"", ""COMMISSION_PCT"": 0.1}, {""HIRE_DATE"": ""1987-08-24"", ""COMMISSION_PCT"": 0.25}, {""HIRE_DATE"": ""1987-08-25"", ""COMMISSION_PCT"": 0.2}, {""HIRE_DATE"": ""1987-08-26"", ""COMMISSION_PCT"": 0.2}, {""HIRE_DATE"": ""1987-08-27"", ""COMMISSION_PCT"": 0.15}, {""HIRE_DATE"": ""1987-08-28"", ""COMMISSION_PCT"": 0.15}, {""HIRE_DATE"": ""1987-08-29"", ""COMMISSION_PCT"": 0.1}, {""HIRE_DATE"": ""1987-08-30"", ""COMMISSION_PCT"": 0.3}, {""HIRE_DATE"": ""1987-08-31"", ""COMMISSION_PCT"": 0.25}, {""HIRE_DATE"": ""1987-09-01"", ""COMMISSION_PCT"": 0.2}, {""HIRE_DATE"": ""1987-09-02"", ""COMMISSION_PCT"": 0.2}, {""HIRE_DATE"": ""1987-09-03"", ""COMMISSION_PCT"": 0.15}, {""HIRE_DATE"": ""1987-09-04"", ""COMMISSION_PCT"": 0.1}, {""HIRE_DATE"": ""1987-09-05"", ""COMMISSION_PCT"": 0}, {""HIRE_DATE"": ""1987-09-06"", ""COMMISSION_PCT"": 0}, {""HIRE_DATE"": ""1987-09-07"", ""COMMISSION_PCT"": 0}, {""HIRE_DATE"": ""1987-09-08"", ""COMMISSION_PCT"": 0}, {""HIRE_DATE"": ""1987-09-09"", ""COMMISSION_PCT"": 0}, {""HIRE_DATE"": ""1987-09-10"", ""COMMISSION_PCT"": 0}, {""HIRE_DATE"": ""1987-09-11"", ""COMMISSION_PCT"": 0}, {""HIRE_DATE"": ""1987-09-12"", ""COMMISSION_PCT"": 0}, {""HIRE_DATE"": ""1987-09-13"", ""COMMISSION_PCT"": 0}, {""HIRE_DATE"": ""1987-09-14"", ""COMMISSION_PCT"": 0}, {""HIRE_DATE"": ""1987-09-15"", ""COMMISSION_PCT"": 0}, {""HIRE_DATE"": ""1987-09-16"", ""COMMISSION_PCT"": 0}, {""HIRE_DATE"": ""1987-09-17"", ""COMMISSION_PCT"": 0}, {""HIRE_DATE"": ""1987-09-18"", ""COMMISSION_PCT"": 0}, {""HIRE_DATE"": ""1987-09-19"", ""COMMISSION_PCT"": 0}, {""HIRE_DATE"": ""1987-09-20"", ""COMMISSION_PCT"": 0}, {""HIRE_DATE"": ""1987-09-21"", ""COMMISSION_PCT"": 0}, {""HIRE_DATE"": ""1987-09-22"", ""COMMISSION_PCT"": 0}, {""HIRE_DATE"": ""1987-09-23"", ""COMMISSION_PCT"": 0}, {""HIRE_DATE"": ""1987-09-24"", ""COMMISSION_PCT"": 0}, {""HIRE_DATE"": ""1987-09-25"", ""COMMISSION_PCT"": 0}, {""HIRE_DATE"": ""1987-09-26"", ""COMMISSION_PCT"": 0}, {""HIRE_DATE"": ""1987-09-27"", ""COMMISSION_PCT"": 0}, {""HIRE_DATE"": ""1987-09-29"", ""COMMISSION_PCT"": 0}, {""HIRE_DATE"": ""1987-09-30"", ""COMMISSION_PCT"": 0}, {""HIRE_DATE"": ""1987-10-01"", ""COMMISSION_PCT"": 0}]}, ""mark"": ""line"", ""encoding"": {""x"": {""field"": ""HIRE_DATE"", ""type"": ""nominal""}, ""y"": {""field"": ""COMMISSION_PCT"", ""type"": ""quantitative""}}}"
,163,How many postseason victories did the Boston Red Stockings record in each year?,,,,,,,,1,1,1,1,,,,,Line,Hard,postseason,"{""$schema"": ""https://vega.github.io/schema/vega-lite/v6.json"", ""description"": ""Vega-Lite chart for key 163"", ""data"": {""values"": [{""year"": ""1903"", ""count_"": 5}, {""year"": ""1912"", ""count_"": 5}, {""year"": ""1915"", ""count_"": 5}, {""year"": ""1916"", ""count_"": 5}, {""year"": ""1918"", ""count_"": 5}, {""year"": ""1975"", ""count_"": 5}, {""year"": ""1986"", ""count_"": 5}, {""year"": ""1999"", ""count_"": 5}, {""year"": ""2003"", ""count_"": 5}, {""year"": ""2004"", ""count_"": 15}, {""year"": ""2007"", ""count_"": 15}, {""year"": ""2008"", ""count_"": 5}, {""year"": ""2013"", ""count_"": 15}]}, ""mark"": ""line"", ""encoding"": {""x"": {""field"": ""year"", ""type"": ""nominal""}, ""y"": {""field"": ""count_"", ""type"": ""quantitative""}}}"
,1663,How has the average salary evolved over hire dates for employees whose departments aren’t managed by anyone with an ID between 100 and 200?,,,,,,,,1,1,1,1,,,,,Line,Extra Hard,employees,"{""$schema"": ""https://vega.github.io/schema/vega-lite/v6.json"", ""description"": ""Vega-Lite chart for key 1663"", ""data"": {""values"": [{""HIRE_DATE"": ""1987-09-03"", ""AVG_SALARY_"": 7000.0}, {""HIRE_DATE"": ""1987-09-26"", ""AVG_SALARY_"": 13000.0}, {""HIRE_DATE"": ""1987-09-27"", ""AVG_SALARY_"": 6000.0}, {""HIRE_DATE"": ""1987-09-28"", ""AVG_SALARY_"": 6500.0}, {""HIRE_DATE"": ""1987-09-29"", ""AVG_SALARY_"": 10000.0}, {""HIRE_DATE"": ""1987-09-30"", ""AVG_SALARY_"": 12000.0}, {""HIRE_DATE"": ""1987-10-01"", ""AVG_SALARY_"": 8300.0}]}, ""mark"": ""line"", ""encoding"": {""x"": {""field"": ""HIRE_DATE"", ""type"": ""nominal""}, ""y"": {""field"": ""AVG_SALARY_"", ""type"": ""quantitative""}}}"
,1795@x_name@DESC,"Could you show how commission_pct has changed over hire_date for employees hired before June 21, 2002?",,,,,,,,1,1,1,1,,,,,Line,Medium,employees,"{""$schema"": ""https://vega.github.io/schema/vega-lite/v6.json"", ""description"": ""Vega-Lite chart for key 1795@x_name@DESC"", ""data"": {""values"": [{""HIRE_DATE"": ""1987-10-01"", ""COMMISSION_PCT"": 0}, {""HIRE_DATE"": ""1987-09-30"", ""COMMISSION_PCT"": 0}, {""HIRE_DATE"": ""1987-09-29"", ""COMMISSION_PCT"": 0}, {""HIRE_DATE"": ""1987-09-28"", ""COMMISSION_PCT"": 0}, {""HIRE_DATE"": ""1987-09-27"", ""COMMISSION_PCT"": 0}, {""HIRE_DATE"": ""1987-09-26"", ""COMMISSION_PCT"": 0}, {""HIRE_DATE"": ""1987-09-25"", ""COMMISSION_PCT"": 0}, {""HIRE_DATE"": ""1987-09-24"", ""COMMISSION_PCT"": 0}, {""HIRE_DATE"": ""1987-09-23"", ""COMMISSION_PCT"": 0}, {""HIRE_DATE"": ""1987-09-22"", ""COMMISSION_PCT"": 0}, {""HIRE_DATE"": ""1987-09-21"", ""COMMISSION_PCT"": 0}, {""HIRE_DATE"": ""1987-09-20"", ""COMMISSION_PCT"": 0}, {""HIRE_DATE"": ""1987-09-19"", ""COMMISSION_PCT"": 0}, {""HIRE_DATE"": ""1987-09-18"", ""COMMISSION_PCT"": 0}, {""HIRE_DATE"": ""1987-09-17"", ""COMMISSION_PCT"": 0}, {""HIRE_DATE"": ""1987-09-16"", ""COMMISSION_PCT"": 0}, {""HIRE_DATE"": ""1987-09-15"", ""COMMISSION_PCT"": 0}, {""HIRE_DATE"": ""1987-09-14"", ""COMMISSION_PCT"": 0}, {""HIRE_DATE"": ""1987-09-13"", ""COMMISSION_PCT"": 0}, {""HIRE_DATE"": ""1987-09-12"", ""COMMISSION_PCT"": 0}, {""HIRE_DATE"": ""1987-09-11"", ""COMMISSION_PCT"": 0}, {""HIRE_DATE"": ""1987-09-10"", ""COMMISSION_PCT"": 0}, {""HIRE_DATE"": ""1987-09-09"", ""COMMISSION_PCT"": 0}, {""HIRE_DATE"": ""1987-09-08"", ""COMMISSION_PCT"": 0}, {""HIRE_DATE"": ""1987-09-07"", ""COMMISSION_PCT"": 0}, {""HIRE_DATE"": ""1987-09-06"", ""COMMISSION_PCT"": 0}, {""HIRE_DATE"": ""1987-09-05"", ""COMMISSION_PCT"": 0}, {""HIRE_DATE"": ""1987-09-04"", ""COMMISSION_PCT"": 0.1}, {""HIRE_DATE"": ""1987-09-03"", ""COMMISSION_PCT"": 0.15}, {""HIRE_DATE"": ""1987-09-02"", ""COMMISSION_PCT"": 0.2}, {""HIRE_DATE"": ""1987-09-01"", ""COMMISSION_PCT"": 0.2}, {""HIRE_DATE"": ""1987-08-31"", ""COMMISSION_PCT"": 0.25}, {""HIRE_DATE"": ""1987-08-30"", ""COMMISSION_PCT"": 0.3}, {""HIRE_DATE"": ""1987-08-29"", ""COMMISSION_PCT"": 0.1}, {""HIRE_DATE"": ""1987-08-28"", ""COMMISSION_PCT"": 0.15}, {""HIRE_DATE"": ""1987-08-27"", ""COMMISSION_PCT"": 0.15}, {""HIRE_DATE"": ""1987-08-26"", ""COMMISSION_PCT"": 0.2}, {""HIRE_DATE"": ""1987-08-25"", ""COMMISSION_PCT"": 0.2}, {""HIRE_DATE"": ""1987-08-24"", ""COMMISSION_PCT"": 0.25}, {""HIRE_DATE"": ""1987-08-23"", ""COMMISSION_PCT"": 0.1}, {""HIRE_DATE"": ""1987-08-22"", ""COMMISSION_PCT"": 0.1}, {""HIRE_DATE"": ""1987-08-21"", ""COMMISSION_PCT"": 0.1}, {""HIRE_DATE"": ""1987-08-20"", ""COMMISSION_PCT"": 0.1}, {""HIRE_DATE"": ""1987-08-19"", ""COMMISSION_PCT"": 0.15}, {""HIRE_DATE"": ""1987-08-18"", ""COMMISSION_PCT"": 0.25}, {""HIRE_DATE"": ""1987-08-17"", ""COMMISSION_PCT"": 0.25}, {""HIRE_DATE"": ""1987-08-16"", ""COMMISSION_PCT"": 0.3}, {""HIRE_DATE"": ""1987-08-15"", ""COMMISSION_PCT"": 0.3}, {""HIRE_DATE"": ""1987-08-14"", ""COMMISSION_PCT"": 0.35}, {""HIRE_DATE"": ""1987-08-13"", ""COMMISSION_PCT"": 0.35}, {""HIRE_DATE"": ""1987-08-12"", ""COMMISSION_PCT"": 0.35}, {""HIRE_DATE"": ""1987-08-11"", ""COMMISSION_PCT"": 0.15}, {""HIRE_DATE"": ""1987-08-10"", ""COMMISSION_PCT"": 0.2}, {""HIRE_DATE"": ""1987-08-09"", ""COMMISSION_PCT"": 0.2}, {""HIRE_DATE"": ""1987-08-08"", ""COMMISSION_PCT"": 0.25}, {""HIRE_DATE"": ""1987-08-07"", ""COMMISSION_PCT"": 0.25}, {""HIRE_DATE"": ""1987-08-06"", ""COMMISSION_PCT"": 0.3}, {""HIRE_DATE"": ""1987-08-05"", ""COMMISSION_PCT"": 0.2}, {""HIRE_DATE"": ""1987-08-04"", ""COMMISSION_PCT"": 0.3}, {""HIRE_DATE"": ""1987-08-03"", ""COMMISSION_PCT"": 0.3}, {""HIRE_DATE"": ""1987-08-02"", ""COMMISSION_PCT"": 0.3}, {""HIRE_DATE"": ""1987-08-01"", ""COMMISSION_PCT"": 0.4}, {""HIRE_DATE"": ""1987-07-31"", ""COMMISSION_PCT"": 0}, {""HIRE_DATE"": ""1987-07-30"", ""COMMISSION_PCT"": 0}, {""HIRE_DATE"": ""1987-07-29"", ""COMMISSION_PCT"": 0}, {""HIRE_DATE"": ""1987-07-28"", ""COMMISSION_PCT"": 0}, {""HIRE_DATE"": ""1987-07-27"", ""COMMISSION_PCT"": 0}, {""HIRE_DATE"": ""1987-07-26"", ""COMMISSION_PCT"": 0}, {""HIRE_DATE"": ""1987-07-25"", ""COMMISSION_PCT"": 0}, {""HIRE_DATE"": ""1987-07-24"", ""COMMISSION_PCT"": 0}, {""HIRE_DATE"": ""1987-07-23"", ""COMMISSION_PCT"": 0}, {""HIRE_DATE"": ""1987-07-22"", ""COMMISSION_PCT"": 0}, {""HIRE_DATE"": ""1987-07-21"", ""COMMISSION_PCT"": 0}, {""HIRE_DATE"": ""1987-07-20"", ""COMMISSION_PCT"": 0}, {""HIRE_DATE"": ""1987-07-19"", ""COMMISSION_PCT"": 0}, {""HIRE_DATE"": ""1987-07-18"", ""COMMISSION_PCT"": 0}, {""HIRE_DATE"": ""1987-07-17"", ""COMMISSION_PCT"": 0}, {""HIRE_DATE"": ""1987-07-16"", ""COMMISSION_PCT"": 0}, {""HIRE_DATE"": ""1987-07-15"", ""COMMISSION_PCT"": 0}, {""HIRE_DATE"": ""1987-07-14"", ""COMMISSION_PCT"": 0}, {""HIRE_DATE"": ""1987-07-13"", ""COMMISSION_PCT"": 0}, {""HIRE_DATE"": ""1987-07-12"", ""COMMISSION_PCT"": 0}, {""HIRE_DATE"": ""1987-07-11"", ""COMMISSION_PCT"": 0}, {""HIRE_DATE"": ""1987-07-10"", ""COMMISSION_PCT"": 0}, {""HIRE_DATE"": ""1987-07-09"", ""COMMISSION_PCT"": 0}, {""HIRE_DATE"": ""1987-07-08"", ""COMMISSION_PCT"": 0}, {""HIRE_DATE"": ""1987-07-07"", ""COMMISSION_PCT"": 0}, {""HIRE_DATE"": ""1987-07-06"", ""COMMISSION_PCT"": 0}, {""HIRE_DATE"": ""1987-07-05"", ""COMMISSION_PCT"": 0}, {""HIRE_DATE"": ""1987-07-04"", ""COMMISSION_PCT"": 0}, {""HIRE_DATE"": ""1987-07-03"", ""COMMISSION_PCT"": 0}, {""HIRE_DATE"": ""1987-07-02"", ""COMMISSION_PCT"": 0}, {""HIRE_DATE"": ""1987-07-01"", ""COMMISSION_PCT"": 0}, {""HIRE_DATE"": ""1987-06-30"", ""COMMISSION_PCT"": 0}, {""HIRE_DATE"": ""1987-06-29"", ""COMMISSION_PCT"": 0}, {""HIRE_DATE"": ""1987-06-28"", ""COMMISSION_PCT"": 0}, {""HIRE_DATE"": ""1987-06-27"", ""COMMISSION_PCT"": 0}, {""HIRE_DATE"": ""1987-06-26"", ""COMMISSION_PCT"": 0}, {""HIRE_DATE"": ""1987-06-25"", ""COMMISSION_PCT"": 0}, {""HIRE_DATE"": ""1987-06-24"", ""COMMISSION_PCT"": 0}, {""HIRE_DATE"": ""1987-06-23"", ""COMMISSION_PCT"": 0}, {""HIRE_DATE"": ""1987-06-22"", ""COMMISSION_PCT"": 0}, {""HIRE_DATE"": ""1987-06-21"", ""COMMISSION_PCT"": 0}, {""HIRE_DATE"": ""1987-06-20"", ""COMMISSION_PCT"": 0}, {""HIRE_DATE"": ""1987-06-19"", ""COMMISSION_PCT"": 0}, {""HIRE_DATE"": ""1987-06-18"", ""COMMISSION_PCT"": 0}, {""HIRE_DATE"": ""1987-06-17"", ""COMMISSION_PCT"": 0}]}, ""mark"": ""line"", ""encoding"": {""x"": {""field"": ""HIRE_DATE"", ""type"": ""nominal""}, ""y"": {""field"": ""COMMISSION_PCT"", ""type"": ""quantitative""}}}"
,2021,Could you show the number of claims settled over time using a  chart?,,,,,,,,1,1,1,1,,,,,Line,Easy,Settlements,"{""$schema"": ""https://vega.github.io/schema/vega-lite/v6.json"", ""description"": ""Vega-Lite chart for key 2021"", ""data"": {""values"": [{""Date_Claim_Settled"": ""2017-10-06"", ""COUNT_Date_Claim_Settled_"": 1}, {""Date_Claim_Settled"": ""2017-11-04"", ""COUNT_Date_Claim_Settled_"": 1}, {""Date_Claim_Settled"": ""2017-11-15"", ""COUNT_Date_Claim_Settled_"": 1}, {""Date_Claim_Settled"": ""2017-11-30"", ""COUNT_Date_Claim_Settled_"": 1}, {""Date_Claim_Settled"": ""2017-12-24"", ""COUNT_Date_Claim_Settled_"": 1}, {""Date_Claim_Settled"": ""2018-01-16"", ""COUNT_Date_Claim_Settled_"": 1}, {""Date_Claim_Settled"": ""2018-01-27"", ""COUNT_Date_Claim_Settled_"": 1}, {""Date_Claim_Settled"": ""2018-02-04"", ""COUNT_Date_Claim_Settled_"": 1}, {""Date_Claim_Settled"": ""2018-02-11"", ""COUNT_Date_Claim_Settled_"": 1}, {""Date_Claim_Settled"": ""2018-02-14"", ""COUNT_Date_Claim_Settled_"": 1}, {""Date_Claim_Settled"": ""2018-02-15"", ""COUNT_Date_Claim_Settled_"": 1}, {""Date_Claim_Settled"": ""2018-02-20"", ""COUNT_Date_Claim_Settled_"": 3}, {""Date_Claim_Settled"": ""2018-03-02"", ""COUNT_Date_Claim_Settled_"": 1}]}, ""mark"": ""line"", ""encoding"": {""x"": {""field"": ""Date_Claim_Settled"", ""type"": ""nominal""}, ""y"": {""field"": ""COUNT_Date_Claim_Settled_"", ""type"": ""quantitative""}}}"
,3210@x_name@DESC,How does the count of open items change over time?,,,,,,,,1,1,1,1,,,,,Line,Easy,Church,"{""$schema"": ""https://vega.github.io/schema/vega-lite/v6.json"", ""description"": ""Vega-Lite chart for key 3210@x_name@DESC"", ""data"": {""values"": [{""Open_Date"": ""1844"", ""COUNT_Open_Date_"": 1}, {""Open_Date"": ""1843"", ""COUNT_Open_Date_"": 0}, {""Open_Date"": ""1842"", ""COUNT_Open_Date_"": 1}, {""Open_Date"": ""1841"", ""COUNT_Open_Date_"": 0}, {""Open_Date"": ""1840"", ""COUNT_Open_Date_"": 1}, {""Open_Date"": ""1839"", ""COUNT_Open_Date_"": 1}, {""Open_Date"": ""1838"", ""COUNT_Open_Date_"": 0}, {""Open_Date"": ""1837"", ""COUNT_Open_Date_"": 1}, {""Open_Date"": ""1836"", ""COUNT_Open_Date_"": 1}, {""Open_Date"": ""1835"", ""COUNT_Open_Date_"": 0}, {""Open_Date"": ""1834"", ""COUNT_Open_Date_"": 0}, {""Open_Date"": ""1833"", ""COUNT_Open_Date_"": 0}, {""Open_Date"": ""1832"", ""COUNT_Open_Date_"": 1}, {""Open_Date"": ""1831"", ""COUNT_Open_Date_"": 1}, {""Open_Date"": ""1830"", ""COUNT_Open_Date_"": 1}]}, ""mark"": ""line"", ""encoding"": {""x"": {""field"": ""Open_Date"", ""type"": ""nominal""}, ""y"": {""field"": ""COUNT_Open_Date_"", ""type"": ""quantitative""}}}"
,3218@x_name@DESC,"Could you plot a line chart that groups open dates by year, shows the counts?",,,,,,,,1,1,1,1,,,,,Line,Medium,church,"{""$schema"": ""https://vega.github.io/schema/vega-lite/v6.json"", ""description"": ""Vega-Lite chart for key 3218@x_name@DESC"", ""data"": {""values"": [{""Open_Date"": ""1844"", ""COUNT_Open_Date_"": 1}, {""Open_Date"": ""1843"", ""COUNT_Open_Date_"": 0}, {""Open_Date"": ""1842"", ""COUNT_Open_Date_"": 1}, {""Open_Date"": ""1841"", ""COUNT_Open_Date_"": 0}, {""Open_Date"": ""1840"", ""COUNT_Open_Date_"": 1}, {""Open_Date"": ""1839"", ""COUNT_Open_Date_"": 1}, {""Open_Date"": ""1838"", ""COUNT_Open_Date_"": 0}, {""Open_Date"": ""1837"", ""COUNT_Open_Date_"": 1}, {""Open_Date"": ""1836"", ""COUNT_Open_Date_"": 1}, {""Open_Date"": ""1835"", ""COUNT_Open_Date_"": 0}, {""Open_Date"": ""1834"", ""COUNT_Open_Date_"": 0}, {""Open_Date"": ""1833"", ""COUNT_Open_Date_"": 0}, {""Open_Date"": ""1832"", ""COUNT_Open_Date_"": 1}, {""Open_Date"": ""1831"", ""COUNT_Open_Date_"": 1}, {""Open_Date"": ""1830"", ""COUNT_Open_Date_"": 1}]}, ""mark"": ""line"", ""encoding"": {""x"": {""field"": ""Open_Date"", ""type"": ""nominal""}, ""y"": {""field"": ""COUNT_Open_Date_"", ""type"": ""quantitative""}}}"
,3247@x_name@ASC,What’s the maximum wine score for each year?,,,,,,,,1,1,1,1,,,,,Line,Easy,WINE,"{""$schema"": ""https://vega.github.io/schema/vega-lite/v6.json"", ""description"": ""Vega-Lite chart for key 3247@x_name@ASC"", ""data"": {""values"": [{""Year"": ""2004"", ""max_Score_"": 92}, {""Year"": ""2005"", ""max_Score_"": 95}, {""Year"": ""2006"", ""max_Score_"": 98}, {""Year"": ""2007"", ""max_Score_"": 98}, {""Year"": ""2008"", ""max_Score_"": 95}, {""Year"": ""2009"", ""max_Score_"": 95}, {""Year"": ""2066"", ""max_Score_"": 88}]}, ""mark"": ""line"", ""encoding"": {""x"": {""field"": ""Year"", ""type"": ""nominal""}, ""y"": {""field"": ""max_Score_"", ""type"": ""quantitative""}}}"
,470,What’s the total capacity of cinemas that opened each year?,,,,,,,,1,1,1,1,,,,,Line,Easy,cinema,"{""$schema"": ""https://vega.github.io/schema/vega-lite/v6.json"", ""description"": ""Vega-Lite chart for key 470"", ""data"": {""values"": [{""Openning_year"": ""2009"", ""SUM_Capacity_"": 305}, {""Openning_year"": ""2010"", ""SUM_Capacity_"": 1633}, {""Openning_year"": ""2011"", ""SUM_Capacity_"": 1336}, {""Openning_year"": ""2012"", ""SUM_Capacity_"": 368}, {""Openning_year"": ""2013"", ""SUM_Capacity_"": 330}, {""Openning_year"": ""2015"", ""SUM_Capacity_"": 364}]}, ""mark"": ""line"", ""encoding"": {""x"": {""field"": ""Openning_year"", ""type"": ""nominal""}, ""y"": {""field"": ""SUM_Capacity_"", ""type"": ""quantitative""}}}"
,548@x_name@ASC,Could you plot the professors’ birthdates grouped by yearly intervals?,,,,,,,,0,0,1,1,,,,,Line,Extra Hard,employee,"{""$schema"": ""https://vega.github.io/schema/vega-lite/v6.json"", ""description"": ""Vega-Lite chart for key 548@x_name@ASC"", ""data"": {""values"": [{""EMP_DOB"": 1937, ""COUNT_EMP_DOB_"": 1}, {""EMP_DOB"": 1939, ""COUNT_EMP_DOB_"": 1}, {""EMP_DOB"": 1940, ""COUNT_EMP_DOB_"": 1}, {""EMP_DOB"": 1941, ""COUNT_EMP_DOB_"": 1}, {""EMP_DOB"": 1944, ""COUNT_EMP_DOB_"": 1}, {""EMP_DOB"": 1945, ""COUNT_EMP_DOB_"": 1}, {""EMP_DOB"": 1946, ""COUNT_EMP_DOB_"": 1}, {""EMP_DOB"": 1948, ""COUNT_EMP_DOB_"": 2}, {""EMP_DOB"": 1949, ""COUNT_EMP_DOB_"": 1}, {""EMP_DOB"": 1950, ""COUNT_EMP_DOB_"": 2}, {""EMP_DOB"": 1951, ""COUNT_EMP_DOB_"": 1}, {""EMP_DOB"": 1952, ""COUNT_EMP_DOB_"": 2}, {""EMP_DOB"": 1953, ""COUNT_EMP_DOB_"": 1}, {""EMP_DOB"": 1955, ""COUNT_EMP_DOB_"": 2}, {""EMP_DOB"": 1957, ""COUNT_EMP_DOB_"": 1}, {""EMP_DOB"": 1960, ""COUNT_EMP_DOB_"": 1}, {""EMP_DOB"": 1963, ""COUNT_EMP_DOB_"": 1}, {""EMP_DOB"": 1973, ""COUNT_EMP_DOB_"": 1}]}, ""mark"": ""line"", ""encoding"": {""x"": {""field"": ""EMP_DOB"", ""type"": ""quantitative""}, ""y"": {""field"": ""COUNT_EMP_DOB_"", ""type"": ""quantitative""}}}"
,611,How many courses does the Psychology department offer each year?,,,,,,,,1,1,1,1,,,,,Line,Hard,course,"{""$schema"": ""https://vega.github.io/schema/vega-lite/v6.json"", ""description"": ""Vega-Lite chart for key 611"", ""data"": {""values"": [{""year"": ""2003"", ""COUNT_year_"": 2}, {""year"": ""2004"", ""COUNT_year_"": 1}, {""year"": ""2005"", ""COUNT_year_"": 2}, {""year"": ""2006"", ""COUNT_year_"": 2}, {""year"": ""2007"", ""COUNT_year_"": 2}, {""year"": ""2008"", ""COUNT_year_"": 2}, {""year"": ""2009"", ""COUNT_year_"": 1}]}, ""mark"": ""line"", ""encoding"": {""x"": {""field"": ""year"", ""type"": ""nominal""}, ""y"": {""field"": ""COUNT_year_"", ""type"": ""quantitative""}}}"
,612,How many courses does the Psychology department offer each year?,,,,,,,,1,1,1,1,,,,,Line,Hard,course,"{""$schema"": ""https://vega.github.io/schema/vega-lite/v6.json"", ""description"": ""Vega-Lite chart for key 612"", ""data"": {""values"": [{""year"": ""2003"", ""COUNT_year_"": 2}, {""year"": ""2004"", ""COUNT_year_"": 1}, {""year"": ""2005"", ""COUNT_year_"": 2}, {""year"": ""2006"", ""COUNT_year_"": 2}, {""year"": ""2007"", ""COUNT_year_"": 2}, {""year"": ""2008"", ""COUNT_year_"": 2}, {""year"": ""2009"", ""COUNT_year_"": 1}]}, ""mark"": ""line"", ""encoding"": {""x"": {""field"": ""year"", ""type"": ""nominal""}, ""y"": {""field"": ""COUNT_year_"", ""type"": ""quantitative""}}}"
,642@x_name@DESC,"Could you plot a trend line of the total counts per year, binning the years?",,,,,,,,1,1,1,1,,,,,Line,Medium,SECTION,"{""$schema"": ""https://vega.github.io/schema/vega-lite/v6.json"", ""description"": ""Vega-Lite chart for key 642@x_name@DESC"", ""data"": {""values"": [{""year"": ""2010"", ""count_"": 11}, {""year"": ""2009"", ""count_"": 9}, {""year"": ""2008"", ""count_"": 10}, {""year"": ""2007"", ""count_"": 12}, {""year"": ""2006"", ""count_"": 13}, {""year"": ""2005"", ""count_"": 8}, {""year"": ""2004"", ""count_"": 7}, {""year"": ""2003"", ""count_"": 12}, {""year"": ""2002"", ""count_"": 13}, {""year"": ""2001"", ""count_"": 5}]}, ""mark"": ""line"", ""encoding"": {""x"": {""field"": ""year"", ""type"": ""nominal""}, ""y"": {""field"": ""count_"", ""type"": ""quantitative""}}}"
,87@x_name@DESC,"How many apartment bookings were made each day, grouped and sorted by the booking end date?",,,,,,,,1,1,1,0,,,,,Line,Medium,Apartment_Bookings,"{""$schema"": ""https://vega.github.io/schema/vega-lite/v6.json"", ""description"": ""Vega-Lite chart for key 87@x_name@DESC"", ""data"": {""values"": [{""booking_end_date"": ""2018-03-20"", ""COUNT_booking_end_date_"": 1}, {""booking_end_date"": ""2018-02-25"", ""COUNT_booking_end_date_"": 1}, {""booking_end_date"": ""2018-02-19"", ""COUNT_booking_end_date_"": 1}, {""booking_end_date"": ""2018-02-06"", ""COUNT_booking_end_date_"": 1}, {""booking_end_date"": ""2017-11-29"", ""COUNT_booking_end_date_"": 1}, {""booking_end_date"": ""2017-11-13"", ""COUNT_booking_end_date_"": 1}, {""booking_end_date"": ""2017-11-12"", ""COUNT_booking_end_date_"": 1}, {""booking_end_date"": ""2017-10-25"", ""COUNT_booking_end_date_"": 1}, {""booking_end_date"": ""2017-10-07"", ""COUNT_booking_end_date_"": 2}, {""booking_end_date"": ""2017-10-06"", ""COUNT_booking_end_date_"": 1}, {""booking_end_date"": ""2017-10-03"", ""COUNT_booking_end_date_"": 1}, {""booking_end_date"": ""2017-09-30"", ""COUNT_booking_end_date_"": 1}, {""booking_end_date"": ""2017-09-29"", ""COUNT_booking_end_date_"": 1}, {""booking_end_date"": ""2017-09-28"", ""COUNT_booking_end_date_"": 1}]}, ""mark"": ""line"", ""encoding"": {""x"": {""field"": ""booking_end_date"", ""type"": ""nominal""}, ""y"": {""field"": ""COUNT_booking_end_date_"", ""type"": ""quantitative""}}}"
,1008,How many products of each name are priced above 1000 or below 500?,,,,,,,,1,1,1,1,,,,,Pie,Hard,products,"{""$schema"": ""https://vega.github.io/schema/vega-lite/v6.json"", ""description"": ""Vega-Lite chart for key 1008"", ""data"": {""values"": [{""product_name"": ""Apple"", ""COUNT_product_name_"": 5}, {""product_name"": ""Sony"", ""COUNT_product_name_"": 3}, {""product_name"": ""gucci"", ""COUNT_product_name_"": 2}, {""product_name"": ""jcrew"", ""COUNT_product_name_"": 3}]}, ""mark"": ""arc"", ""encoding"": {""theta"": {""field"": ""COUNT_product_name_"", ""type"": ""quantitative""}, ""color"": {""field"": ""product_name"", ""type"": ""nominal""}}}"
,103,"How many buildings does Kyle manage, grouped by apartment‑type codes?",,,,,,,,1,1,1,1,,,,,Pie,Hard,Apartment_Buildings,"{""$schema"": ""https://vega.github.io/schema/vega-lite/v6.json"", ""description"": ""Vega-Lite chart for key 103"", ""data"": {""values"": [{""apt_type_code"": ""Duplex"", ""COUNT_apt_type_code_"": 2}, {""apt_type_code"": ""Flat"", ""COUNT_apt_type_code_"": 1}, {""apt_type_code"": ""Studio"", ""COUNT_apt_type_code_"": 1}]}, ""mark"": ""arc"", ""encoding"": {""theta"": {""field"": ""COUNT_apt_type_code_"", ""type"": ""quantitative""}, ""color"": {""field"": ""apt_type_code"", ""type"": ""nominal""}}}"
,1061,What’s the breakdown of card type codes and how many cards are in each type?,,,,,,,,1,1,1,1,,,,,Pie,Easy,Customers_cards,"{""$schema"": ""https://vega.github.io/schema/vega-lite/v6.json"", ""description"": ""Vega-Lite chart for key 1061"", ""data"": {""values"": [{""card_type_code"": ""Credit"", ""count_"": 7}, {""card_type_code"": ""Debit"", ""count_"": 8}]}, ""mark"": ""arc"", ""encoding"": {""theta"": {""field"": ""count_"", ""type"": ""quantitative""}, ""color"": {""field"": ""card_type_code"", ""type"": ""nominal""}}}"
,1073,What’s the count of debates for each person on the negative side?,,,,,,,,1,1,1,1,,,,,Pie,Medium,debate_people,"{""$schema"": ""https://vega.github.io/schema/vega-lite/v6.json"", ""description"": ""Vega-Lite chart for key 1073"", ""data"": {""values"": [{""Name"": ""Charles Van Wyck"", ""COUNT_Name_"": 1}, {""Name"": ""George Briggs"", ""COUNT_Name_"": 1}, {""Name"": ""Horace F. Clark"", ""COUNT_Name_"": 2}, {""Name"": ""John Cochrane"", ""COUNT_Name_"": 1}]}, ""mark"": ""arc"", ""encoding"": {""theta"": {""field"": ""COUNT_Name_"", ""type"": ""quantitative""}, ""color"": {""field"": ""Name"", ""type"": ""nominal""}}}"
,1236,What's the average age for each gender among the students?,,,,,,,,1,1,1,1,,,,,Pie,Easy,student,"{""$schema"": ""https://vega.github.io/schema/vega-lite/v6.json"", ""description"": ""Vega-Lite chart for key 1236"", ""data"": {""values"": [{""Sex"": ""F"", ""avg_age_"": 19.7}, {""Sex"": ""M"", ""avg_age_"": 19.5}]}, ""mark"": ""arc"", ""encoding"": {""theta"": {""field"": ""avg_age_"", ""type"": ""quantitative""}, ""color"": {""field"": ""Sex"", ""type"": ""nominal""}}}"
,1376,What’s the count of reviews written by each user?,,,,,,,,1,1,1,1,,,,,Pie,Medium,useracct,"{""$schema"": ""https://vega.github.io/schema/vega-lite/v6.json"", ""description"": ""Vega-Lite chart for key 1376"", ""data"": {""values"": [{""name"": ""Helen"", ""count_"": 3}, {""name"": ""Mark"", ""count_"": 4}]}, ""mark"": ""arc"", ""encoding"": {""theta"": {""field"": ""count_"", ""type"": ""quantitative""}, ""color"": {""field"": ""name"", ""type"": ""nominal""}}}"
,1497,"Which headquarters have companies, and how many companies are based in each?",,,,,,,,1,1,1,1,,,,,Pie,Easy,company,"{""$schema"": ""https://vega.github.io/schema/vega-lite/v6.json"", ""description"": ""Vega-Lite chart for key 1497"", ""data"": {""values"": [{""Headquarters"": ""Brazil"", ""count_"": 1}, {""Headquarters"": ""China"", ""count_"": 2}, {""Headquarters"": ""Netherlands"", ""count_"": 1}, {""Headquarters"": ""UK"", ""count_"": 2}, {""Headquarters"": ""USA"", ""count_"": 4}]}, ""mark"": ""arc"", ""encoding"": {""theta"": {""field"": ""count_"", ""type"": ""quantitative""}, ""color"": {""field"": ""Headquarters"", ""type"": ""nominal""}}}"
,1500,What are the market values of the companies in the banking industry?,,,,,,,,1,1,1,1,,,,,Pie,Easy,company,"{""$schema"": ""https://vega.github.io/schema/vega-lite/v6.json"", ""description"": ""Vega-Lite chart for key 1500"", ""data"": {""values"": [{""Company"": ""Industrial and Commercial Bank of China"", ""Market_Value"": 237.4}, {""Company"": ""Wells Fargo"", ""Market_Value"": 178.7}, {""Company"": ""HSBC"", ""Market_Value"": 164.3}]}, ""mark"": ""arc"", ""encoding"": {""theta"": {""field"": ""Market_Value"", ""type"": ""quantitative""}, ""color"": {""field"": ""Company"", ""type"": ""nominal""}}}"
,1522,What’s the count of physicians for each primary department?,,,,,,,,1,1,1,1,,,,,Pie,Hard,physician,"{""$schema"": ""https://vega.github.io/schema/vega-lite/v6.json"", ""description"": ""Vega-Lite chart for key 1522"", ""data"": {""values"": [{""Name"": ""General Medicine"", ""COUNT_Name_"": 5}, {""Name"": ""Psychiatry"", ""COUNT_Name_"": 1}, {""Name"": ""Surgery"", ""COUNT_Name_"": 3}]}, ""mark"": ""arc"", ""encoding"": {""theta"": {""field"": ""COUNT_Name_"", ""type"": ""quantitative""}, ""color"": {""field"": ""Name"", ""type"": ""nominal""}}}"
,1524,"Which physicians took appointments, and how many of them were there?",,,,,,,,1,1,1,1,,,,,Pie,Medium,appointment,"{""$schema"": ""https://vega.github.io/schema/vega-lite/v6.json"", ""description"": ""Vega-Lite chart for key 1524"", ""data"": {""values"": [{""Name"": ""Christopher Turk"", ""COUNT_Name_"": 1}, {""Name"": ""Elliot Reid"", ""COUNT_Name_"": 3}, {""Name"": ""John Dorian"", ""COUNT_Name_"": 2}, {""Name"": ""Molly Clock"", ""COUNT_Name_"": 1}, {""Name"": ""Percival Cox"", ""COUNT_Name_"": 2}]}, ""mark"": ""arc"", ""encoding"": {""theta"": {""field"": ""COUNT_Name_"", ""type"": ""quantitative""}, ""color"": {""field"": ""Name"", ""type"": ""nominal""}}}"
,173,What’s the breakdown of battle outcomes when the Bulgarian commander isn’t Boril?,,,,,,,,1,1,1,1,,,,,Pie,Medium,battle,"{""$schema"": ""https://vega.github.io/schema/vega-lite/v6.json"", ""description"": ""Vega-Lite chart for key 173"", ""data"": {""values"": [{""result"": ""Bulgarian victory"", ""COUNT_result_"": 5}, {""result"": ""Two Year Truce"", ""COUNT_result_"": 1}]}, ""mark"": ""arc"", ""encoding"": {""theta"": {""field"": ""COUNT_result_"", ""type"": ""quantitative""}, ""color"": {""field"": ""result"", ""type"": ""nominal""}}}"
,1968,What's the average price of rooms by decor style?,,,,,,,,1,1,1,1,,,,,Pie,Easy,Rooms,"{""$schema"": ""https://vega.github.io/schema/vega-lite/v6.json"", ""description"": ""Vega-Lite chart for key 1968"", ""data"": {""values"": [{""decor"": ""modern"", ""avg_basePrice_"": 112.5}, {""decor"": ""rustic"", ""avg_basePrice_"": 162.5}, {""decor"": ""traditional"", ""avg_basePrice_"": 187.5}]}, ""mark"": ""arc"", ""encoding"": {""theta"": {""field"": ""avg_basePrice_"", ""type"": ""quantitative""}, ""color"": {""field"": ""decor"", ""type"": ""nominal""}}}"
,2065,"Which customers have an “a” in their name, and what are their account balances?",,,,,,,,1,1,1,0,,,,,Pie,Medium,customer,"{""$schema"": ""https://vega.github.io/schema/vega-lite/v6.json"", ""description"": ""Vega-Lite chart for key 2065"", ""data"": {""values"": [{""cust_name"": ""Mary"", ""acc_bal"": 2000}, {""cust_name"": ""Jack"", ""acc_bal"": 1000}]}, ""mark"": ""arc"", ""encoding"": {""theta"": {""field"": ""acc_bal"", ""type"": ""quantitative""}, ""color"": {""field"": ""cust_name"", ""type"": ""nominal""}}}"
,2067,What’s the average balance for each account type among customers whose credit score is below 50?,,,,,,,,1,1,1,1,,,,,Pie,Medium,customer,"{""$schema"": ""https://vega.github.io/schema/vega-lite/v6.json"", ""description"": ""Vega-Lite chart for key 2067"", ""data"": {""values"": [{""acc_type"": ""checking"", ""avg_acc_bal_"": 1000}, {""acc_type"": ""saving"", ""avg_acc_bal_"": 2000}]}, ""mark"": ""arc"", ""encoding"": {""theta"": {""field"": ""avg_acc_bal_"", ""type"": ""quantitative""}, ""color"": {""field"": ""acc_type"", ""type"": ""nominal""}}}"
,2093,Could you give me a pie chart showing each organization’s details and the number of items they own?,,,,,,,,1,1,1,1,,,,,Pie,Medium,Things,"{""$schema"": ""https://vega.github.io/schema/vega-lite/v6.json"", ""description"": ""Vega-Lite chart for key 2093"", ""data"": {""values"": [{""organization_details"": ""Denesik and Sons Party"", ""COUNT_organization_details_"": 10}, {""organization_details"": ""Reinger, Hudson and Nolan Group"", ""COUNT_organization_details_"": 2}, {""organization_details"": ""Robel-Schulist Group"", ""COUNT_organization_details_"": 3}]}, ""mark"": ""arc"", ""encoding"": {""theta"": {""field"": ""COUNT_organization_details_"", ""type"": ""quantitative""}, ""color"": {""field"": ""organization_details"", ""type"": ""nominal""}}}"
,2307,"What are the component names and quantities for every piece of furniture that has more than ten components, and how do those quantities break down proportionally?",,,,,,,,1,1,1,0,,,,,Pie,Easy,furniture,"{""$schema"": ""https://vega.github.io/schema/vega-lite/v6.json"", ""description"": ""Vega-Lite chart for key 2307"", ""data"": {""values"": [{""Name"": ""Billiard table"", ""Num_of_Component"": 14}, {""Name"": ""Dining set"", ""Num_of_Component"": 12}]}, ""mark"": ""arc"", ""encoding"": {""theta"": {""field"": ""Num_of_Component"", ""type"": ""quantitative""}, ""color"": {""field"": ""Name"", ""type"": ""nominal""}}}"
,2359,How many movie reviews has each director received?,,,,,,,,1,1,1,1,,,,,Pie,Medium,Movie,"{""$schema"": ""https://vega.github.io/schema/vega-lite/v6.json"", ""description"": ""Vega-Lite chart for key 2359"", ""data"": {""values"": [{""director"": ""James Cameron"", ""count_"": 2}, {""director"": ""Robert Wise"", ""count_"": 2}, {""director"": ""Steven Spielberg"", ""count_"": 5}, {""director"": ""Victor Fleming"", ""count_"": 3}]}, ""mark"": ""arc"", ""encoding"": {""theta"": {""field"": ""count_"", ""type"": ""quantitative""}, ""color"": {""field"": ""director"", ""type"": ""nominal""}}}"
,2416,"Which visitors have a membership level above 4, and what are their names and levels?",,,,,,,,1,1,1,1,,,,,Pie,Easy,visitor,"{""$schema"": ""https://vega.github.io/schema/vega-lite/v6.json"", ""description"": ""Vega-Lite chart for key 2416"", ""data"": {""values"": [{""Name"": ""Fernando Gago"", ""Level_of_membership"": 6}, {""Name"": ""Gonzalo Higuaín "", ""Level_of_membership"": 8}, {""Name"": ""Guti Midfielder"", ""Level_of_membership"": 5}]}, ""mark"": ""arc"", ""encoding"": {""theta"": {""field"": ""Level_of_membership"", ""type"": ""quantitative""}, ""color"": {""field"": ""Name"", ""type"": ""nominal""}}}"
,2442,"Which musicals are there, and how many actors have appeared in each?",,,,,,,,1,1,1,1,,,,,Pie,Medium,actor,"{""$schema"": ""https://vega.github.io/schema/vega-lite/v6.json"", ""description"": ""Vega-Lite chart for key 2442"", ""data"": {""values"": [{""Name"": ""The Phantom of the Opera"", ""COUNT_"": 2}, {""Name"": ""Les Misérables"", ""COUNT_"": 2}, {""Name"": ""West Side Story"", ""COUNT_"": 1}, {""Name"": ""The Book of Mormon"", ""COUNT_"": 4}]}, ""mark"": ""arc"", ""encoding"": {""theta"": {""field"": ""COUNT_"", ""type"": ""quantitative""}, ""color"": {""field"": ""Name"", ""type"": ""nominal""}}}"
,2474,What’s the average age of journalists for each role type?,,,,,,,,1,1,1,1,,,,,Pie,Medium,journalist,"{""$schema"": ""https://vega.github.io/schema/vega-lite/v6.json"", ""description"": ""Vega-Lite chart for key 2474"", ""data"": {""values"": [{""Work_Type"": ""Host"", ""avg_t1_age_"": 43}, {""Work_Type"": ""Music"", ""avg_t1_age_"": 35.5}, {""Work_Type"": ""Screening"", ""avg_t1_age_"": 30.33333333333333}]}, ""mark"": ""arc"", ""encoding"": {""theta"": {""field"": ""avg_t1_age_"", ""type"": ""quantitative""}, ""color"": {""field"": ""Work_Type"", ""type"": ""nominal""}}}"
,2536,What’s the count of performance dates that had attending members playing violin?,,,,,,,,1,1,1,1,,,,,Pie,Hard,member_attendance,"{""$schema"": ""https://vega.github.io/schema/vega-lite/v6.json"", ""description"": ""Vega-Lite chart for key 2536"", ""data"": {""values"": [{""Date"": ""February 11"", ""COUNT_Date_"": 1}, {""Date"": ""February 2"", ""COUNT_Date_"": 2}, {""Date"": ""February 5"", ""COUNT_Date_"": 1}]}, ""mark"": ""arc"", ""encoding"": {""theta"": {""field"": ""COUNT_Date_"", ""type"": ""quantitative""}, ""color"": {""field"": ""Date"", ""type"": ""nominal""}}}"
,2567,What's the distribution of phones across different carriers?,,,,,,,,1,1,1,1,,,,,Pie,Easy,phone,"{""$schema"": ""https://vega.github.io/schema/vega-lite/v6.json"", ""description"": ""Vega-Lite chart for key 2567"", ""data"": {""values"": [{""Carrier"": ""Sprint"", ""COUNT_"": 2}, {""Carrier"": ""TMobile"", ""COUNT_"": 3}]}, ""mark"": ""arc"", ""encoding"": {""theta"": {""field"": ""COUNT_"", ""type"": ""quantitative""}, ""color"": {""field"": ""Carrier"", ""type"": ""nominal""}}}"
,2576,What’s the number of markets that each phone is sold in?,,,,,,,,1,1,1,1,,,,,Pie,Medium,phone_market,"{""$schema"": ""https://vega.github.io/schema/vega-lite/v6.json"", ""description"": ""Vega-Lite chart for key 2576"", ""data"": {""values"": [{""Name"": ""IPhone 5s"", ""COUNT_Name_"": 2}, {""Name"": ""IPhone 6s"", ""COUNT_Name_"": 1}, {""Name"": ""IPhone 7"", ""COUNT_Name_"": 1}, {""Name"": ""IPhone X"", ""COUNT_Name_"": 2}]}, ""mark"": ""arc"", ""encoding"": {""theta"": {""field"": ""COUNT_Name_"", ""type"": ""quantitative""}, ""color"": {""field"": ""Name"", ""type"": ""nominal""}}}"
,2622,How many programs are aired in each part of the day?,,,,,,,,1,1,1,1,,,,,Pie,Easy,broadcast,"{""$schema"": ""https://vega.github.io/schema/vega-lite/v6.json"", ""description"": ""Vega-Lite chart for key 2622"", ""data"": {""values"": [{""Time_of_day"": ""Morning"", ""count_"": 4}, {""Time_of_day"": ""Night"", ""count_"": 5}, {""Time_of_day"": ""Noon"", ""count_"": 2}]}, ""mark"": ""arc"", ""encoding"": {""theta"": {""field"": ""count_"", ""type"": ""quantitative""}, ""color"": {""field"": ""Time_of_day"", ""type"": ""nominal""}}}"
,2734,What proportion of ship flags belong to vessels that don’t have a captain with the Midshipman rank?,,,,,,,,1,1,1,1,,,,,Pie,Medium,ship,"{""$schema"": ""https://vega.github.io/schema/vega-lite/v6.json"", ""description"": ""Vega-Lite chart for key 2734"", ""data"": {""values"": [{""Flag"": ""Malta"", ""COUNT_Flag_"": 1}, {""Flag"": ""Panama"", ""COUNT_Flag_"": 4}]}, ""mark"": ""arc"", ""encoding"": {""theta"": {""field"": ""COUNT_Flag_"", ""type"": ""quantitative""}, ""color"": {""field"": ""Flag"", ""type"": ""nominal""}}}"
,2767,What's the proportion of each city in the branch table?,,,,,,,,1,1,1,1,,,,,Pie,Easy,branch,"{""$schema"": ""https://vega.github.io/schema/vega-lite/v6.json"", ""description"": ""Vega-Lite chart for key 2767"", ""data"": {""values"": [{""City"": ""London"", ""COUNT_City_"": 5}, {""City"": ""Oxford"", ""COUNT_City_"": 3}]}, ""mark"": ""arc"", ""encoding"": {""theta"": {""field"": ""COUNT_City_"", ""type"": ""quantitative""}, ""color"": {""field"": ""City"", ""type"": ""nominal""}}}"
,2775,What's the maximum net worth of singers for each citizenship?,,,,,,,,1,1,1,1,,,,,Pie,Easy,singer,"{""$schema"": ""https://vega.github.io/schema/vega-lite/v6.json"", ""description"": ""Vega-Lite chart for key 2775"", ""data"": {""values"": [{""Citizenship"": ""Australia"", ""max_Net_Worth_Millions_"": 17}, {""Citizenship"": ""Chile"", ""max_Net_Worth_Millions_"": 17.4}, {""Citizenship"": ""France"", ""max_Net_Worth_Millions_"": 30}, {""Citizenship"": ""Germany"", ""max_Net_Worth_Millions_"": 14.3}, {""Citizenship"": ""United States"", ""max_Net_Worth_Millions_"": 28.8}]}, ""mark"": ""arc"", ""encoding"": {""theta"": {""field"": ""max_Net_Worth_Millions_"", ""type"": ""quantitative""}, ""color"": {""field"": ""Citizenship"", ""type"": ""nominal""}}}"
,2787,What’s the minimum number of hours students spend playing in each position?,,,,,,,,1,1,1,1,,,,,Pie,Easy,tryout,"{""$schema"": ""https://vega.github.io/schema/vega-lite/v6.json"", ""description"": ""Vega-Lite chart for key 2787"", ""data"": {""values"": [{""pPos"": ""goalie"", ""min_T2_HS_"": 1200}, {""pPos"": ""mid"", ""min_T2_HS_"": 300}, {""pPos"": ""striker"", ""min_T2_HS_"": 1600}]}, ""mark"": ""arc"", ""encoding"": {""theta"": {""field"": ""min_T2_HS_"", ""type"": ""quantitative""}, ""color"": {""field"": ""pPos"", ""type"": ""nominal""}}}"
,2885,What's the distribution of registered students across each course?,,,,,,,,1,1,1,1,,,,,Pie,Medium,students,"{""$schema"": ""https://vega.github.io/schema/vega-lite/v6.json"", ""description"": ""Vega-Lite chart for key 2885"", ""data"": {""values"": [{""course_name"": ""statistics"", ""count_"": 4}, {""course_name"": ""English"", ""count_"": 2}, {""course_name"": ""French"", ""count_"": 2}, {""course_name"": ""data structure"", ""count_"": 1}]}, ""mark"": ""arc"", ""encoding"": {""theta"": {""field"": ""count_"", ""type"": ""quantitative""}, ""color"": {""field"": ""course_name"", ""type"": ""nominal""}}}"
,2934,"What were the dates and attendance figures for the 2004 exhibitions, and how did attendance break down by date?",,,,,,,,1,1,1,1,,,,,Pie,Medium,exhibition_record,"{""$schema"": ""https://vega.github.io/schema/vega-lite/v6.json"", ""description"": ""Vega-Lite chart for key 2934"", ""data"": {""values"": [{""Date"": ""December 2"", ""Attendance"": 965}, {""Date"": ""December 5"", ""Attendance"": 1098}, {""Date"": ""December 7"", ""Attendance"": 2983}]}, ""mark"": ""arc"", ""encoding"": {""theta"": {""field"": ""Attendance"", ""type"": ""quantitative""}, ""color"": {""field"": ""Date"", ""type"": ""nominal""}}}"
,3047,What’s the number of distinct locations and how are they proportionally distributed?,,,,,,,,1,1,1,1,,,,,Pie,Easy,station,"{""$schema"": ""https://vega.github.io/schema/vega-lite/v6.json"", ""description"": ""Vega-Lite chart for key 3047"", ""data"": {""values"": [{""Location"": ""Birmingham"", ""COUNT_Location_"": 1}, {""Location"": ""Glasgow"", ""COUNT_Location_"": 1}, {""Location"": ""London"", ""COUNT_Location_"": 10}]}, ""mark"": ""arc"", ""encoding"": {""theta"": {""field"": ""COUNT_Location_"", ""type"": ""quantitative""}, ""color"": {""field"": ""Location"", ""type"": ""nominal""}}}"
,3051,What’s the total number of platforms for train stations in each location?,,,,,,,,1,1,1,1,,,,,Pie,Easy,station,"{""$schema"": ""https://vega.github.io/schema/vega-lite/v6.json"", ""description"": ""Vega-Lite chart for key 3051"", ""data"": {""values"": [{""Location"": ""Birmingham"", ""sum_number_of_platforms_"": 13}, {""Location"": ""Glasgow"", ""sum_number_of_platforms_"": 17}, {""Location"": ""London"", ""sum_number_of_platforms_"": 140}]}, ""mark"": ""arc"", ""encoding"": {""theta"": {""field"": ""sum_number_of_platforms_"", ""type"": ""quantitative""}, ""color"": {""field"": ""Location"", ""type"": ""nominal""}}}"
,3198,"What are the vote states, how many there are in total, and what’s their proportion?",,,,,,,,1,1,1,1,,,,,Pie,Easy,votes,"{""$schema"": ""https://vega.github.io/schema/vega-lite/v6.json"", ""description"": ""Vega-Lite chart for key 3198"", ""data"": {""values"": [{""state"": ""CA"", ""COUNT_state_"": 1}, {""state"": ""NJ"", ""COUNT_state_"": 1}, {""state"": ""NY"", ""COUNT_state_"": 2}]}, ""mark"": ""arc"", ""encoding"": {""theta"": {""field"": ""COUNT_state_"", ""type"": ""quantitative""}, ""color"": {""field"": ""state"", ""type"": ""nominal""}}}"
,3264,What's the proportion of each acceptance result?,,,,,,,,1,1,1,1,,,,,Pie,Easy,acceptance,"{""$schema"": ""https://vega.github.io/schema/vega-lite/v6.json"", ""description"": ""Vega-Lite chart for key 3264"", ""data"": {""values"": [{""Result"": ""Accepted"", ""COUNT_Result_"": 2}, {""Result"": ""Rejected"", ""COUNT_Result_"": 4}]}, ""mark"": ""arc"", ""encoding"": {""theta"": {""field"": ""COUNT_Result_"", ""type"": ""quantitative""}, ""color"": {""field"": ""Result"", ""type"": ""nominal""}}}"
,3265,How many workshops did each author submit to?,,,,,,,,1,1,1,1,,,,,Pie,Medium,acceptance,"{""$schema"": ""https://vega.github.io/schema/vega-lite/v6.json"", ""description"": ""Vega-Lite chart for key 3265"", ""data"": {""values"": [{""Author"": ""Jeff Lloyd"", ""COUNT_DISTINCT_T1_workshop_id_"": 1}, {""Author"": ""Sammy Green"", ""COUNT_DISTINCT_T1_workshop_id_"": 2}, {""Author"": ""Sherman Smith"", ""COUNT_DISTINCT_T1_workshop_id_"": 1}, {""Author"": ""Steve Niehaus"", ""COUNT_DISTINCT_T1_workshop_id_"": 1}, {""Author"": ""Steve Raible"", ""COUNT_DISTINCT_T1_workshop_id_"": 1}]}, ""mark"": ""arc"", ""encoding"": {""theta"": {""field"": ""COUNT_DISTINCT_T1_workshop_id_"", ""type"": ""quantitative""}, ""color"": {""field"": ""Author"", ""type"": ""nominal""}}}"
,3271,"Which continents have an average life expectancy below 72, and what share of each continent’s total population does that represent?",,,,,,,,1,1,0,1,,,,,Pie,Medium,country,"{""$schema"": ""https://vega.github.io/schema/vega-lite/v6.json"", ""description"": ""Vega-Lite chart for key 3271"", ""data"": {""values"": [{""Continent"": ""Africa"", ""sum_Population_"": 784475000}, {""Continent"": ""Asia"", ""sum_Population_"": 3705025700}, {""Continent"": ""Oceania"", ""sum_Population_"": 30401150}, {""Continent"": ""South America"", ""sum_Population_"": 345780000}]}, ""mark"": ""arc"", ""encoding"": {""theta"": {""field"": ""sum_Population_"", ""type"": ""quantitative""}, ""color"": {""field"": ""Continent"", ""type"": ""nominal""}}}"
,3273,"What’s the official language of the country whose head of state is Beatrix, and how many speakers does it have?",,,,,,,,1,1,1,1,,,,,Pie,Hard,country,"{""$schema"": ""https://vega.github.io/schema/vega-lite/v6.json"", ""description"": ""Vega-Lite chart for key 3273"", ""data"": {""values"": [{""Language"": ""Dutch"", ""COUNT_Language_"": 3}, {""Language"": ""Papiamento"", ""COUNT_Language_"": 1}]}, ""mark"": ""arc"", ""encoding"": {""theta"": {""field"": ""COUNT_Language_"", ""type"": ""quantitative""}, ""color"": {""field"": ""Language"", ""type"": ""nominal""}}}"
,446,What are the titles and maximum prices of each film?,,,,,,,,1,1,1,1,,,,,Pie,Easy,schedule,"{""$schema"": ""https://vega.github.io/schema/vega-lite/v6.json"", ""description"": ""Vega-Lite chart for key 446"", ""data"": {""values"": [{""Title"": ""The Case of the Mystery Weekend"", ""max_T1_price_"": 15.99}, {""Title"": ""The Case of the Smart Dummy"", ""max_T1_price_"": 12.99}, {""Title"": ""The Case: Off the Record"", ""max_T1_price_"": 8.99}, {""Title"": ""The Case of the Bermuda Triangle"", ""max_T1_price_"": 9.99}, {""Title"": ""The Case of the Piggy Banker"", ""max_T1_price_"": 12.99}]}, ""mark"": ""arc"", ""encoding"": {""theta"": {""field"": ""max_T1_price_"", ""type"": ""quantitative""}, ""color"": {""field"": ""Title"", ""type"": ""nominal""}}}"
,487,What’s the breakdown of climbers by mountain?,,,,,,,,1,1,1,1,,,,,Pie,Medium,climber,"{""$schema"": ""https://vega.github.io/schema/vega-lite/v6.json"", ""description"": ""Vega-Lite chart for key 487"", ""data"": {""values"": [{""Name"": ""Duwoni / Mt Speke (Vittorio Emanuele Pk)"", ""COUNT_Name_"": 2}, {""Name"": ""Kibo (Uhuru Pk)"", ""COUNT_Name_"": 2}, {""Name"": ""Mawenzi (Hans Meyer Pk)"", ""COUNT_Name_"": 1}, {""Name"": ""Mount Kenya (Batian)"", ""COUNT_Name_"": 3}, {""Name"": ""Mount Kenya (Lenana)"", ""COUNT_Name_"": 2}]}, ""mark"": ""arc"", ""encoding"": {""theta"": {""field"": ""COUNT_Name_"", ""type"": ""quantitative""}, ""color"": {""field"": ""Name"", ""type"": ""nominal""}}}"
,610,How many courses does the Psychology department offer in each semester?,,,,,,,,1,1,1,1,,,,,Pie,Hard,course,"{""$schema"": ""https://vega.github.io/schema/vega-lite/v6.json"", ""description"": ""Vega-Lite chart for key 610"", ""data"": {""values"": [{""semester"": ""Fall"", ""COUNT_semester_"": 3}, {""semester"": ""Spring"", ""COUNT_semester_"": 9}]}, ""mark"": ""arc"", ""encoding"": {""theta"": {""field"": ""COUNT_semester_"", ""type"": ""quantitative""}, ""color"": {""field"": ""semester"", ""type"": ""nominal""}}}"
,691,"Who were the singers at the 2014 concert, and how many performed?",,,,,,,,1,1,1,1,,,,,Pie,Hard,singer_in_concert,"{""$schema"": ""https://vega.github.io/schema/vega-lite/v6.json"", ""description"": ""Vega-Lite chart for key 691"", ""data"": {""values"": [{""Name"": ""John Nizinik"", ""COUNT_Name_"": 1}, {""Name"": ""Justin Brown"", ""COUNT_Name_"": 2}, {""Name"": ""Rose White"", ""COUNT_Name_"": 1}, {""Name"": ""Timbaland"", ""COUNT_Name_"": 1}, {""Name"": ""Tribal King"", ""COUNT_Name_"": 1}]}, ""mark"": ""arc"", ""encoding"": {""theta"": {""field"": ""COUNT_Name_"", ""type"": ""quantitative""}, ""color"": {""field"": ""Name"", ""type"": ""nominal""}}}"
,712,What’s the number of courses taught by each teacher?,,,,,,,,1,1,1,1,,,,,Pie,Medium,course_arrange,"{""$schema"": ""https://vega.github.io/schema/vega-lite/v6.json"", ""description"": ""Vega-Lite chart for key 712"", ""data"": {""values"": [{""Name"": ""Anne Walker"", ""COUNT_"": 2}, {""Name"": ""Gustaaf Deloor"", ""COUNT_"": 1}, {""Name"": ""Kearsley Brown"", ""COUNT_"": 1}, {""Name"": ""Lucy Wong"", ""COUNT_"": 1}, {""Name"": ""Vicente Carretero"", ""COUNT_"": 1}]}, ""mark"": ""arc"", ""encoding"": {""theta"": {""field"": ""COUNT_"", ""type"": ""quantitative""}, ""color"": {""field"": ""Name"", ""type"": ""nominal""}}}"
,714,What’s the breakdown of how many courses each teacher teaches?,,,,,,,,1,1,1,1,,,,,Pie,Medium,course_arrange,"{""$schema"": ""https://vega.github.io/schema/vega-lite/v6.json"", ""description"": ""Vega-Lite chart for key 714"", ""data"": {""values"": [{""Name"": ""Anne Walker"", ""COUNT_Name_"": 2}, {""Name"": ""Gustaaf Deloor"", ""COUNT_Name_"": 1}, {""Name"": ""Kearsley Brown"", ""COUNT_Name_"": 1}, {""Name"": ""Lucy Wong"", ""COUNT_Name_"": 1}, {""Name"": ""Vicente Carretero"", ""COUNT_Name_"": 1}]}, ""mark"": ""arc"", ""encoding"": {""theta"": {""field"": ""COUNT_Name_"", ""type"": ""quantitative""}, ""color"": {""field"": ""Name"", ""type"": ""nominal""}}}"
,883,"What are the descriptions of service types priced over 100, and how many of each are there?",,,,,,,,1,1,1,1,,,,,Pie,Hard,Ref_Service_Types,"{""$schema"": ""https://vega.github.io/schema/vega-lite/v6.json"", ""description"": ""Vega-Lite chart for key 883"", ""data"": {""values"": [{""Service_Type_Description"": ""provide adv promoting service"", ""COUNT_Service_Type_Description_"": 2}, {""Service_Type_Description"": ""provide dinning service"", ""COUNT_Service_Type_Description_"": 5}, {""Service_Type_Description"": ""provide filming service"", ""COUNT_Service_Type_Description_"": 3}, {""Service_Type_Description"": ""provide photo service"", ""COUNT_Service_Type_Description_"": 5}]}, ""mark"": ""arc"", ""encoding"": {""theta"": {""field"": ""COUNT_Service_Type_Description_"", ""type"": ""quantitative""}, ""color"": {""field"": ""Service_Type_Description"", ""type"": ""nominal""}}}"
,906,What's the count of books in each category?,,,,,,,,1,1,1,1,,,,,Pie,Easy,book_club,"{""$schema"": ""https://vega.github.io/schema/vega-lite/v6.json"", ""description"": ""Vega-Lite chart for key 906"", ""data"": {""values"": [{""Category"": ""Gay M/SF"", ""count_"": 5}, {""Category"": ""Gay SF/F"", ""count_"": 2}, {""Category"": ""Lesb. M/SF"", ""count_"": 5}]}, ""mark"": ""arc"", ""encoding"": {""theta"": {""field"": ""count_"", ""type"": ""quantitative""}, ""color"": {""field"": ""Category"", ""type"": ""nominal""}}}"
,1465,What’s the relationship between average and minimum ages for each major?,,,,,,,,1,1,1,1,,,,,Scatter,Easy,Student,"{""$schema"": ""https://vega.github.io/schema/vega-lite/v6.json"", ""description"": ""Vega-Lite chart for key 1465"", ""data"": {""values"": [{""avg_age_"": 22, ""min_age_"": 18}, {""avg_age_"": 17, ""min_age_"": 17}, {""avg_age_"": 19.33333333333333, ""min_age_"": 18}, {""avg_age_"": 17.5, ""min_age_"": 17}, {""avg_age_"": 19.8, ""min_age_"": 18}, {""avg_age_"": 19.666666666666668, ""min_age_"": 16}]}, ""mark"": ""point"", ""encoding"": {""x"": {""field"": ""avg_age_"", ""type"": ""quantitative""}, ""y"": {""field"": ""min_age_"", ""type"": ""quantitative""}}}"
,1690,What’s the relationship between salary and commission_pct for employees whose department managers don’t have IDs from 100 to 200?,,,,,,,,1,1,1,1,,,,,Scatter,Extra Hard,employees,"{""$schema"": ""https://vega.github.io/schema/vega-lite/v6.json"", ""description"": ""Vega-Lite chart for key 1690"", ""data"": {""values"": [{""SALARY"": 7000, ""COMMISSION_PCT"": 0.15}, {""SALARY"": 13000, ""COMMISSION_PCT"": 0}, {""SALARY"": 6000, ""COMMISSION_PCT"": 0}, {""SALARY"": 6500, ""COMMISSION_PCT"": 0}, {""SALARY"": 10000, ""COMMISSION_PCT"": 0}, {""SALARY"": 12000, ""COMMISSION_PCT"": 0}, {""SALARY"": 8300, ""COMMISSION_PCT"": 0}]}, ""mark"": ""point"", ""encoding"": {""x"": {""field"": ""SALARY"", ""type"": ""quantitative""}, ""y"": {""field"": ""COMMISSION_PCT"", ""type"": ""quantitative""}}}"
,2270,What’s the correlation between price and revenue for each product and its manufacturer?,,,,,,,,1,1,1,1,,,,,Scatter,Easy,products,"{""$schema"": ""https://vega.github.io/schema/vega-lite/v6.json"", ""description"": ""Vega-Lite chart for key 2270"", ""data"": {""values"": [{""Price"": 240, ""Revenue"": 130}, {""Price"": 120, ""Revenue"": 30}, {""Price"": 150, ""Revenue"": 200}, {""Price"": 5, ""Revenue"": 30}, {""Price"": 240, ""Revenue"": 120}, {""Price"": 180, ""Revenue"": 100}, {""Price"": 90, ""Revenue"": 100}, {""Price"": 270, ""Revenue"": 50}, {""Price"": 66, ""Revenue"": 50}, {""Price"": 180, ""Revenue"": 100}, {""Price"": 150, ""Revenue"": 50}]}, ""mark"": ""point"", ""encoding"": {""x"": {""field"": ""Price"", ""type"": ""quantitative""}, ""y"": {""field"": ""Revenue"", ""type"": ""quantitative""}}}"
,2743,What’s the relationship between the average and minimum ages of captains across each class?,,,,,,,,1,1,1,1,,,,,Scatter,Easy,captain,"{""$schema"": ""https://vega.github.io/schema/vega-lite/v6.json"", ""description"": ""Vega-Lite chart for key 2743"", ""data"": {""values"": [{""avg_age_"": 45, ""min_age_"": 45}, {""avg_age_"": 43, ""min_age_"": 43}, {""avg_age_"": 38, ""min_age_"": 38}, {""avg_age_"": 38, ""min_age_"": 38}, {""avg_age_"": 51.33333333333334, ""min_age_"": 40}]}, ""mark"": ""point"", ""encoding"": {""x"": {""field"": ""avg_age_"", ""type"": ""quantitative""}, ""y"": {""field"": ""min_age_"", ""type"": ""quantitative""}}}"
,292,Show a  plot of average temperature versus mean humidity for the three days with the highest maximum wind speeds.,,,,,,,,1,1,1,1,,,,,Scatter,Medium,weather,"{""$schema"": ""https://vega.github.io/schema/vega-lite/v6.json"", ""description"": ""Vega-Lite chart for key 292"", ""data"": {""values"": [{""mean_temperature_f"": 71, ""mean_humidity"": 75}, {""mean_temperature_f"": 72, ""mean_humidity"": 43}, {""mean_temperature_f"": 58, ""mean_humidity"": 52}]}, ""mark"": ""point"", ""encoding"": {""x"": {""field"": ""mean_temperature_f"", ""type"": ""quantitative""}, ""y"": {""field"": ""mean_humidity"", ""type"": ""quantitative""}}}"
,308,Show a  plot of each station’s latitude against the shortest trip duration that ended there.,,,,,,,,1,0,1,1,,,,,Scatter,Easy,station,"{""$schema"": ""https://vega.github.io/schema/vega-lite/v6.json"", ""description"": ""Vega-Lite chart for key 308"", ""data"": {""values"": [{""lat"": 37.329732, ""min_T2_duration_"": 195}, {""lat"": 37.330698, ""min_T2_duration_"": 211}, {""lat"": 37.333988, ""min_T2_duration_"": 169}, {""lat"": 37.331415, ""min_T2_duration_"": 237}, {""lat"": 37.336721, ""min_T2_duration_"": 182}, {""lat"": 37.333798, ""min_T2_duration_"": 147}, {""lat"": 37.330165, ""min_T2_duration_"": 161}, {""lat"": 37.348742, ""min_T2_duration_"": 259}, {""lat"": 37.337391, ""min_T2_duration_"": 219}, {""lat"": 37.335885, ""min_T2_duration_"": 209}, {""lat"": 37.332808, ""min_T2_duration_"": 205}, {""lat"": 37.339301, ""min_T2_duration_"": 101}, {""lat"": 37.332692, ""min_T2_duration_"": 165}, {""lat"": 37.333955, ""min_T2_duration_"": 258}, {""lat"": 37.481758, ""min_T2_duration_"": 198}, {""lat"": 37.486078000000006, ""min_T2_duration_"": 206}, {""lat"": 37.487616, ""min_T2_duration_"": 126}, {""lat"": 37.484219, ""min_T2_duration_"": 1193}, {""lat"": 37.48537, ""min_T2_duration_"": 651}, {""lat"": 37.487682, ""min_T2_duration_"": 225}, {""lat"": 37.389218, ""min_T2_duration_"": 145}, {""lat"": 37.394358, ""min_T2_duration_"": 189}, {""lat"": 37.40694000000001, ""min_T2_duration_"": 153}, {""lat"": 37.39027700000001, ""min_T2_duration_"": 191}, {""lat"": 37.400443, ""min_T2_duration_"": 198}, {""lat"": 37.385956, ""min_T2_duration_"": 166}, {""lat"": 37.400241, ""min_T2_duration_"": 320}, {""lat"": 37.443988, ""min_T2_duration_"": 80}, {""lat"": 37.444521, ""min_T2_duration_"": 631}, {""lat"": 37.429082, ""min_T2_duration_"": 151}, {""lat"": 37.448598, ""min_T2_duration_"": 145}, {""lat"": 37.4256839, ""min_T2_duration_"": 166}, {""lat"": 37.78387100000001, ""min_T2_duration_"": 104}, {""lat"": 37.795001, ""min_T2_duration_"": 92}, {""lat"": 37.79728, ""min_T2_duration_"": 84}, {""lat"": 37.794231, ""min_T2_duration_"": 76}, {""lat"": 37.795425, ""min_T2_duration_"": 175}, {""lat"": 37.788975, ""min_T2_duration_"": 73}, {""lat"": 37.799953, ""min_T2_duration_"": 111}, {""lat"": 37.790302, ""min_T2_duration_"": 139}, {""lat"": 37.795392, ""min_T2_duration_"": 114}, {""lat"": 37.79146400000001, ""min_T2_duration_"": 63}, {""lat"": 37.787152, ""min_T2_duration_"": 136}, {""lat"": 37.789756, ""min_T2_duration_"": 86}, {""lat"": 37.792251, ""min_T2_duration_"": 72}, {""lat"": 37.781752, ""min_T2_duration_"": 73}, {""lat"": 37.77865, ""min_T2_duration_"": 120}, {""lat"": 37.781332, ""min_T2_duration_"": 107}, {""lat"": 37.80477, ""min_T2_duration_"": 62}, {""lat"": 37.780526, ""min_T2_duration_"": 68}, {""lat"": 37.785299, ""min_T2_duration_"": 111}, {""lat"": 37.78697800000001, ""min_T2_duration_"": 62}, {""lat"": 37.782259, ""min_T2_duration_"": 71}, {""lat"": 37.771058, ""min_T2_duration_"": 138}, {""lat"": 37.774814, ""min_T2_duration_"": 70}, {""lat"": 37.776619, ""min_T2_duration_"": 101}, {""lat"": 37.784878000000006, ""min_T2_duration_"": 126}, {""lat"": 37.7766, ""min_T2_duration_"": 77}, {""lat"": 37.776617, ""min_T2_duration_"": 61}, {""lat"": 37.788446, ""min_T2_duration_"": 209}, {""lat"": 37.781039, ""min_T2_duration_"": 106}, {""lat"": 37.798522, ""min_T2_duration_"": 143}, {""lat"": 37.794139, ""min_T2_duration_"": 64}, {""lat"": 37.7913, ""min_T2_duration_"": 87}, {""lat"": 37.786305, ""min_T2_duration_"": 140}, {""lat"": 37.789625, ""min_T2_duration_"": 104}, {""lat"": 37.352601, ""min_T2_duration_"": 409}, {""lat"": 37.798541, ""min_T2_duration_"": 105}, {""lat"": 37.491269, ""min_T2_duration_"": 225}, {""lat"": 37.342725, ""min_T2_duration_"": 269}]}, ""mark"": ""point"", ""encoding"": {""x"": {""field"": ""lat"", ""type"": ""quantitative""}, ""y"": {""field"": ""min_T2_duration_"", ""type"": ""quantitative""}}}"
,3270,"Which continents have an average life expectancy below 72, and could you display the relationship between their life expectancy and total population?",,,,,,,,1,1,1,1,,,,,Scatter,Medium,country,"{""$schema"": ""https://vega.github.io/schema/vega-lite/v6.json"", ""description"": ""Vega-Lite chart for key 3270"", ""data"": {""values"": [{""sum_Population_"": 784475000, ""avg_LifeExpectancy_"": 52.57192982456139}, {""sum_Population_"": 3705025700, ""avg_LifeExpectancy_"": 67.44117647058825}, {""sum_Population_"": 30401150, ""avg_LifeExpectancy_"": 69.715}, {""sum_Population_"": 345780000, ""avg_LifeExpectancy_"": 70.94615384615386}]}, ""mark"": ""point"", ""encoding"": {""x"": {""field"": ""sum_Population_"", ""type"": ""quantitative""}, ""y"": {""field"": ""avg_LifeExpectancy_"", ""type"": ""quantitative""}}}"
,328,Show each station’s longitude paired with the average trip duration for trips that began there,,,,,,,,1,1,1,1,,,,,Scatter,Medium,station,"{""$schema"": ""https://vega.github.io/schema/vega-lite/v6.json"", ""description"": ""Vega-Lite chart for key 328"", ""data"": {""values"": [{""long"": -121.901782, ""avg_T2_duration_"": 544.7611940298508}, {""long"": -121.888979, ""avg_T2_duration_"": 885}, {""long"": -121.894902, ""avg_T2_duration_"": 378.28}, {""long"": -121.8932, ""avg_T2_duration_"": 980.0714285714287}, {""long"": -121.894074, ""avg_T2_duration_"": 840.225}, {""long"": -121.886943, ""avg_T2_duration_"": 529.0909090909091}, {""long"": -121.885831, ""avg_T2_duration_"": 682.3333333333334}, {""long"": -121.894715, ""avg_T2_duration_"": 1230.655172413793}, {""long"": -121.886995, ""avg_T2_duration_"": 1123.4}, {""long"": -121.88566000000002, ""avg_T2_duration_"": 810.5416666666665}, {""long"": -121.883891, ""avg_T2_duration_"": 711.7777777777777}, {""long"": -121.88993700000002, ""avg_T2_duration_"": 616.4}, {""long"": -121.900084, ""avg_T2_duration_"": 608.8333333333334}, {""long"": -121.877349, ""avg_T2_duration_"": 3597.095238095238}, {""long"": -122.226904, ""avg_T2_duration_"": 3909}, {""long"": -122.232089, ""avg_T2_duration_"": 2643.871794871795}, {""long"": -122.227424, ""avg_T2_duration_"": 741}, {""long"": -122.203288, ""avg_T2_duration_"": 979.0666666666667}, {""long"": -122.223492, ""avg_T2_duration_"": 555.4}, {""long"": -122.081896, ""avg_T2_duration_"": 563.0333333333333}, {""long"": -122.07671299999998, ""avg_T2_duration_"": 714.8062015503875}, {""long"": -122.106758, ""avg_T2_duration_"": 380.4090909090909}, {""long"": -122.066553, ""avg_T2_duration_"": 918.1315789473683}, {""long"": -122.108338, ""avg_T2_duration_"": 667.5925925925926}, {""long"": -122.083678, ""avg_T2_duration_"": 1082.7142857142858}, {""long"": -122.099076, ""avg_T2_duration_"": 699.7}, {""long"": -122.164759, ""avg_T2_duration_"": 1653.3255813953488}, {""long"": -122.163093, ""avg_T2_duration_"": 2643.6}, {""long"": -122.142805, ""avg_T2_duration_"": 1423.842105263158}, {""long"": -122.159504, ""avg_T2_duration_"": 1164.1153846153845}, {""long"": -122.13777749999998, ""avg_T2_duration_"": 872.2222222222223}, {""long"": -122.408433, ""avg_T2_duration_"": 1245.5836909871246}, {""long"": -122.39997, ""avg_T2_duration_"": 906.0827586206897}, {""long"": -122.398436, ""avg_T2_duration_"": 1067.6629213483143}, {""long"": -122.402923, ""avg_T2_duration_"": 524.774834437086}, {""long"": -122.404767, ""avg_T2_duration_"": 1497.7671232876712}, {""long"": -122.403452, ""avg_T2_duration_"": 825.1928571428572}, {""long"": -122.398525, ""avg_T2_duration_"": 1817.221649484536}, {""long"": -122.390637, ""avg_T2_duration_"": 655.7166666666667}, {""long"": -122.394203, ""avg_T2_duration_"": 1802.6721991701245}, {""long"": -122.391034, ""avg_T2_duration_"": 938.7894736842104}, {""long"": -122.388013, ""avg_T2_duration_"": 766.0746268656717}, {""long"": -122.394643, ""avg_T2_duration_"": 535.0488372093023}, {""long"": -122.39708600000002, ""avg_T2_duration_"": 752.6637554585153}, {""long"": -122.405127, ""avg_T2_duration_"": 551.4051282051282}, {""long"": -122.418235, ""avg_T2_duration_"": 1774.6315789473686}, {""long"": -122.418603, ""avg_T2_duration_"": 734.3861386138614}, {""long"": -122.403234, ""avg_T2_duration_"": 1630.002267573696}, {""long"": -122.39028799999998, ""avg_T2_duration_"": 905.3340611353713}, {""long"": -122.39623600000002, ""avg_T2_duration_"": 399.6787330316742}, {""long"": -122.398108, ""avg_T2_duration_"": 414.5117370892018}, {""long"": -122.392738, ""avg_T2_duration_"": 512.8461538461538}, {""long"": -122.402717, ""avg_T2_duration_"": 568.9297752808989}, {""long"": -122.418954, ""avg_T2_duration_"": 912.8475609756098}, {""long"": -122.417385, ""avg_T2_duration_"": 1139.6389891696754}, {""long"": -122.401014, ""avg_T2_duration_"": 561.7394957983194}, {""long"": -122.39547, ""avg_T2_duration_"": 725.3219284603423}, {""long"": -122.39526, ""avg_T2_duration_"": 801.9405320813771}, {""long"": -122.408499, ""avg_T2_duration_"": 765.4458598726114}, {""long"": -122.411748, ""avg_T2_duration_"": 1276.7208121827412}, {""long"": -122.407245, ""avg_T2_duration_"": 1423.375}, {""long"": -122.394434, ""avg_T2_duration_"": 890.9441964285713}, {""long"": -122.399051, ""avg_T2_duration_"": 655.2933333333333}, {""long"": -122.404966, ""avg_T2_duration_"": 1664.8505338078294}, {""long"": -122.400811, ""avg_T2_duration_"": 786.4408284023668}, {""long"": -121.905733, ""avg_T2_duration_"": 862.4666666666667}, {""long"": -122.40086200000002, ""avg_T2_duration_"": 1044.7237569060774}, {""long"": -122.236234, ""avg_T2_duration_"": 253.33333333333331}, {""long"": -121.895617, ""avg_T2_duration_"": 556}]}, ""mark"": ""point"", ""encoding"": {""x"": {""field"": ""long"", ""type"": ""quantitative""}, ""y"": {""field"": ""avg_T2_duration_"", ""type"": ""quantitative""}}}"
,399,What’s the relationship between support and consideration rates for each candidate?,,,,,,,,1,1,1,1,,,,,Scatter,Easy,candidate,"{""$schema"": ""https://vega.github.io/schema/vega-lite/v6.json"", ""description"": ""Vega-Lite chart for key 399"", ""data"": {""values"": [{""Support_rate"": 0.25, ""Consider_rate"": 0.3}, {""Support_rate"": 0.33, ""Consider_rate"": 0.2}, {""Support_rate"": 0.24, ""Consider_rate"": 0.27}, {""Support_rate"": 0.18, ""Consider_rate"": 0.34}, {""Support_rate"": 0.24, ""Consider_rate"": 0.3}, {""Support_rate"": 0.17, ""Consider_rate"": 0.42}]}, ""mark"": ""point"", ""encoding"": {""x"": {""field"": ""Support_rate"", ""type"": ""quantitative""}, ""y"": {""field"": ""Consider_rate"", ""type"": ""quantitative""}}}"
,400,What’s the relationship between the consider and oppose rates for each candidate?,,,,,,,,0,1,1,1,,,,,Scatter,Easy,candidate,"{""$schema"": ""https://vega.github.io/schema/vega-lite/v6.json"", ""description"": ""Vega-Lite chart for key 400"", ""data"": {""values"": [{""Consider_rate"": 0.3, ""Oppose_rate"": 0.43}, {""Consider_rate"": 0.2, ""Oppose_rate"": 0.45}, {""Consider_rate"": 0.27, ""Oppose_rate"": 0.43}, {""Consider_rate"": 0.34, ""Oppose_rate"": 0.44}, {""Consider_rate"": 0.3, ""Oppose_rate"": 0.32}, {""Consider_rate"": 0.42, ""Oppose_rate"": 0.32}]}, ""mark"": ""point"", ""encoding"": {""x"": {""field"": ""Consider_rate"", ""type"": ""quantitative""}, ""y"": {""field"": ""Oppose_rate"", ""type"": ""quantitative""}}}"
,4003,What’s the relationship between international and local passengers at the airport?,,,,,,,,1,1,1,1,,,,,Scatter,Easy,airport,"{""$schema"": ""https://vega.github.io/schema/vega-lite/v6.json"", ""description"": ""Vega-Lite chart for key 4003"", ""data"": {""values"": [{""International_Passengers"": 61344438.0, ""Domestic_Passengers"": 5562516.0}, {""International_Passengers"": 30431051.0, ""Domestic_Passengers"": 3730963.0}, {""International_Passengers"": 19996947.0, ""Domestic_Passengers"": 2343428.0}, {""International_Passengers"": 18119230.0, ""Domestic_Passengers"": 2943719.0}, {""International_Passengers"": 8853224.0, ""Domestic_Passengers"": 1320678.0}, {""International_Passengers"": 8105162.0, ""Domestic_Passengers"": 1471538.0}, {""International_Passengers"": 3711140.0, ""Domestic_Passengers"": 5281038.0}, {""International_Passengers"": 3943139.0, ""Domestic_Passengers"": 4192121.0}, {""International_Passengers"": 5057051.0, ""Domestic_Passengers"": 1171605.0}, {""International_Passengers"": 4870184.0, ""Domestic_Passengers"": 746094.0}]}, ""mark"": ""point"", ""encoding"": {""x"": {""field"": ""International_Passengers"", ""type"": ""quantitative""}, ""y"": {""field"": ""Domestic_Passengers"", ""type"": ""quantitative""}}}"
,4021,What’s the relationship between budget and employee count for the top 10 departments?,,,,,,,,1,1,1,1,,,,,Scatter,Medium,department,"{""$schema"": ""https://vega.github.io/schema/vega-lite/v6.json"", ""description"": ""Vega-Lite chart for key 4021"", ""data"": {""values"": [{""Budget_in_Billions"": 9.96, ""Num_Employees"": 30266.0}, {""Budget_in_Billions"": 11.1, ""Num_Employees"": 115897.0}, {""Budget_in_Billions"": 439.3, ""Num_Employees"": 3000000.0}, {""Budget_in_Billions"": 23.4, ""Num_Employees"": 112557.0}, {""Budget_in_Billions"": 10.7, ""Num_Employees"": 71436.0}, {""Budget_in_Billions"": 77.6, ""Num_Employees"": 109832.0}, {""Budget_in_Billions"": 6.2, ""Num_Employees"": 36000.0}, {""Budget_in_Billions"": 59.7, ""Num_Employees"": 17347.0}, {""Budget_in_Billions"": 543.2, ""Num_Employees"": 67000.0}, {""Budget_in_Billions"": 46.2, ""Num_Employees"": 10600.0}]}, ""mark"": ""point"", ""encoding"": {""x"": {""field"": ""Budget_in_Billions"", ""type"": ""quantitative""}, ""y"": {""field"": ""Num_Employees"", ""type"": ""quantitative""}}}"
,62,How many students are there for each age?,,,,,,,,1,0,1,1,,,,,Scatter,Easy,Student,"{""$schema"": ""https://vega.github.io/schema/vega-lite/v6.json"", ""description"": ""Vega-Lite chart for key 62"", ""data"": {""values"": [{""Age"": 16, ""count_"": 1}, {""Age"": 17, ""count_"": 4}, {""Age"": 18, ""count_"": 10}, {""Age"": 19, ""count_"": 4}, {""Age"": 20, ""count_"": 8}, {""Age"": 21, ""count_"": 2}, {""Age"": 22, ""count_"": 2}, {""Age"": 26, ""count_"": 2}, {""Age"": 27, ""count_"": 1}]}, ""mark"": ""point"", ""encoding"": {""x"": {""field"": ""Age"", ""type"": ""quantitative""}, ""y"": {""field"": ""count_"", ""type"": ""quantitative""}}}"
,628,What’s the relationship between the total number of students and the total number of instructors?,,,,,,,,1,1,1,1,,,,,Scatter,Extra Hard,department,"{""$schema"": ""https://vega.github.io/schema/vega-lite/v6.json"", ""description"": ""Vega-Lite chart for key 628"", ""data"": {""values"": [{""count_DISTINCT_T2_id_"": 99, ""count_DISTINCT_T3_id_"": 4}, {""count_DISTINCT_T2_id_"": 106, ""count_DISTINCT_T3_id_"": 1}, {""count_DISTINCT_T2_id_"": 92, ""count_DISTINCT_T3_id_"": 5}, {""count_DISTINCT_T2_id_"": 100, ""count_DISTINCT_T3_id_"": 2}, {""count_DISTINCT_T2_id_"": 108, ""count_DISTINCT_T3_id_"": 2}, {""count_DISTINCT_T2_id_"": 86, ""count_DISTINCT_T3_id_"": 4}, {""count_DISTINCT_T2_id_"": 98, ""count_DISTINCT_T3_id_"": 4}, {""count_DISTINCT_T2_id_"": 95, ""count_DISTINCT_T3_id_"": 4}, {""count_DISTINCT_T2_id_"": 97, ""count_DISTINCT_T3_id_"": 1}, {""count_DISTINCT_T2_id_"": 92, ""count_DISTINCT_T3_id_"": 1}, {""count_DISTINCT_T2_id_"": 119, ""count_DISTINCT_T3_id_"": 3}, {""count_DISTINCT_T2_id_"": 85, ""count_DISTINCT_T3_id_"": 4}, {""count_DISTINCT_T2_id_"": 105, ""count_DISTINCT_T3_id_"": 2}, {""count_DISTINCT_T2_id_"": 96, ""count_DISTINCT_T3_id_"": 2}, {""count_DISTINCT_T2_id_"": 109, ""count_DISTINCT_T3_id_"": 3}, {""count_DISTINCT_T2_id_"": 100, ""count_DISTINCT_T3_id_"": 2}, {""count_DISTINCT_T2_id_"": 85, ""count_DISTINCT_T3_id_"": 6}]}, ""mark"": ""point"", ""encoding"": {""x"": {""field"": ""count_DISTINCT_T2_id_"", ""type"": ""quantitative""}, ""y"": {""field"": ""count_DISTINCT_T3_id_"", ""type"": ""quantitative""}}}"
,707,What’s the relationship between a city’s white population percentage and the crime rate of its county?,,,,,,,,1,1,1,1,,,,,Scatter,Easy,city,"{""$schema"": ""https://vega.github.io/schema/vega-lite/v6.json"", ""description"": ""Vega-Lite chart for key 707"", ""data"": {""values"": [{""White"": 93.1, ""Crime_rate"": 118}, {""White"": 86.6, ""Crime_rate"": 118}, {""White"": 83, ""Crime_rate"": 118}, {""White"": 72.5, ""Crime_rate"": 123}, {""White"": 83.5, ""Crime_rate"": 123}, {""White"": 82, ""Crime_rate"": 178}, {""White"": 84.5, ""Crime_rate"": 178}, {""White"": 53.5, ""Crime_rate"": 178}, {""White"": 80.7, ""Crime_rate"": 178}, {""White"": 86, ""Crime_rate"": 178}, {""White"": 78.3, ""Crime_rate"": 178}, {""White"": 84.1, ""Crime_rate"": 150}, {""White"": 76.1, ""Crime_rate"": 150}, {""White"": 87.9, ""Crime_rate"": 49}, {""White"": 61.2, ""Crime_rate"": 49}, {""White"": 64.3, ""Crime_rate"": 174}, {""White"": 70.7, ""Crime_rate"": 174}]}, ""mark"": ""point"", ""encoding"": {""x"": {""field"": ""White"", ""type"": ""quantitative""}, ""y"": {""field"": ""Crime_rate"", ""type"": ""quantitative""}}}"
,134@x_name@DESC,"How many engineers are there for each skill description, with last names sorted in descending order??",,,,,,,,0,1,0,0,,,,,Stacked Bar,Extra Hard,assets_maintenance,"{""$schema"": ""https://vega.github.io/schema/vega-lite/v6.json"", ""description"": ""Vega-Lite chart for key 134@x_name@DESC"", ""data"": {""values"": [{""classify"": ""Electrical"", ""last_name"": ""Streich"", ""COUNT_last_name_"": 1}, {""classify"": ""Electrical"", ""last_name"": ""Stamm"", ""COUNT_last_name_"": 0}, {""classify"": ""Electrical"", ""last_name"": ""Simonis"", ""COUNT_last_name_"": 0}, {""classify"": ""Electrical"", ""last_name"": ""Price"", ""COUNT_last_name_"": 2}, {""classify"": ""Electrical"", ""last_name"": ""Orn"", ""COUNT_last_name_"": 0}, {""classify"": ""Electrical"", ""last_name"": ""Morar"", ""COUNT_last_name_"": 1}, {""classify"": ""Electrical"", ""last_name"": ""Kunde"", ""COUNT_last_name_"": 0}, {""classify"": ""Electrical"", ""last_name"": ""Hirthe"", ""COUNT_last_name_"": 1}, {""classify"": ""Electrical"", ""last_name"": ""Hauck"", ""COUNT_last_name_"": 1}, {""classify"": ""Electrical"", ""last_name"": ""Harvey"", ""COUNT_last_name_"": 0}, {""classify"": ""Electrical"", ""last_name"": ""Hahn"", ""COUNT_last_name_"": 1}, {""classify"": ""Electrical"", ""last_name"": ""Grady"", ""COUNT_last_name_"": 1}, {""classify"": ""Electrical"", ""last_name"": ""Adams"", ""COUNT_last_name_"": 1}, {""classify"": ""Mechanical"", ""last_name"": ""Streich"", ""COUNT_last_name_"": 0}, {""classify"": ""Mechanical"", ""last_name"": ""Stamm"", ""COUNT_last_name_"": 0}, {""classify"": ""Mechanical"", ""last_name"": ""Simonis"", ""COUNT_last_name_"": 1}, {""classify"": ""Mechanical"", ""last_name"": ""Price"", ""COUNT_last_name_"": 1}, {""classify"": ""Mechanical"", ""last_name"": ""Orn"", ""COUNT_last_name_"": 1}, {""classify"": ""Mechanical"", ""last_name"": ""Morar"", ""COUNT_last_name_"": 0}, {""classify"": ""Mechanical"", ""last_name"": ""Kunde"", ""COUNT_last_name_"": 1}, {""classify"": ""Mechanical"", ""last_name"": ""Hirthe"", ""COUNT_last_name_"": 0}, {""classify"": ""Mechanical"", ""last_name"": ""Hauck"", ""COUNT_last_name_"": 0}, {""classify"": ""Mechanical"", ""last_name"": ""Harvey"", ""COUNT_last_name_"": 0}, {""classify"": ""Mechanical"", ""last_name"": ""Hahn"", ""COUNT_last_name_"": 1}, {""classify"": ""Mechanical"", ""last_name"": ""Grady"", ""COUNT_last_name_"": 1}, {""classify"": ""Mechanical"", ""last_name"": ""Adams"", ""COUNT_last_name_"": 0}, {""classify"": ""TV, Video"", ""last_name"": ""Streich"", ""COUNT_last_name_"": 1}, {""classify"": ""TV, Video"", ""last_name"": ""Stamm"", ""COUNT_last_name_"": 1}, {""classify"": ""TV, Video"", ""last_name"": ""Simonis"", ""COUNT_last_name_"": 0}, {""classify"": ""TV, Video"", ""last_name"": ""Price"", ""COUNT_last_name_"": 0}, {""classify"": ""TV, Video"", ""last_name"": ""Orn"", ""COUNT_last_name_"": 0}, {""classify"": ""TV, Video"", ""last_name"": ""Morar"", ""COUNT_last_name_"": 0}, {""classify"": ""TV, Video"", ""last_name"": ""Kunde"", ""COUNT_last_name_"": 0}, {""classify"": ""TV, Video"", ""last_name"": ""Hirthe"", ""COUNT_last_name_"": 1}, {""classify"": ""TV, Video"", ""last_name"": ""Hauck"", ""COUNT_last_name_"": 0}, {""classify"": ""TV, Video"", ""last_name"": ""Harvey"", ""COUNT_last_name_"": 1}, {""classify"": ""TV, Video"", ""last_name"": ""Hahn"", ""COUNT_last_name_"": 0}, {""classify"": ""TV, Video"", ""last_name"": ""Grady"", ""COUNT_last_name_"": 0}, {""classify"": ""TV, Video"", ""last_name"": ""Adams"", ""COUNT_last_name_"": 1}]}, ""mark"": ""bar"", ""encoding"": {""x"": {""field"": ""last_name"", ""type"": ""nominal""}, ""y"": {""field"": ""COUNT_last_name_"", ""type"": ""quantitative""}, ""color"": {""field"": ""classify"", ""type"": ""nominal""}}}"
,145@y_name@DESC,"Could you show a chart of fault counts by short name, grouped by skill description ?",,,,,,,,1,1,1,1,,,,,Stacked Bar,Extra Hard,assets_maintenance,"{""$schema"": ""https://vega.github.io/schema/vega-lite/v6.json"", ""description"": ""Vega-Lite chart for key 145@y_name@DESC"", ""data"": {""values"": [{""classify"": ""MW"", ""skill_description"": ""TV, Video"", ""COUNT_skill_description_"": 4}, {""classify"": ""MW"", ""skill_description"": ""Mechanical"", ""COUNT_skill_description_"": 1}, {""classify"": ""MW"", ""skill_description"": ""Electrical"", ""COUNT_skill_description_"": 0}, {""classify"": ""PW"", ""skill_description"": ""TV, Video"", ""COUNT_skill_description_"": 2}, {""classify"": ""PW"", ""skill_description"": ""Mechanical"", ""COUNT_skill_description_"": 2}, {""classify"": ""PW"", ""skill_description"": ""Electrical"", ""COUNT_skill_description_"": 3}, {""classify"": ""TW"", ""skill_description"": ""TV, Video"", ""COUNT_skill_description_"": 1}, {""classify"": ""TW"", ""skill_description"": ""Mechanical"", ""COUNT_skill_description_"": 2}, {""classify"": ""TW"", ""skill_description"": ""Electrical"", ""COUNT_skill_description_"": 0}]}, ""mark"": ""bar"", ""encoding"": {""x"": {""field"": ""skill_description"", ""type"": ""nominal""}, ""y"": {""field"": ""COUNT_skill_description_"", ""type"": ""quantitative""}, ""color"": {""field"": ""classify"", ""type"": ""nominal""}}}"
,195,"How does the average monthly rental vary by month, broken down by the “other_details” attribute?",,,,,,,,1,1,1,1,,,,,Stacked Bar,Extra Hard,behavior_monitoring,"{""$schema"": ""https://vega.github.io/schema/vega-lite/v6.json"", ""description"": ""Vega-Lite chart for key 195"", ""data"": {""values"": [{""classify"": ""apartment"", ""date_address_to"": ""Feb"", ""AVG_monthly_rental_"": 1297.3186}, {""classify"": ""apartment"", ""date_address_to"": ""Mar"", ""AVG_monthly_rental_"": 1008.78223}, {""classify"": ""house"", ""date_address_to"": ""Feb"", ""AVG_monthly_rental_"": 747.5312}, {""classify"": ""house"", ""date_address_to"": ""Mar"", ""AVG_monthly_rental_"": 893.87315}]}, ""mark"": ""bar"", ""encoding"": {""x"": {""field"": ""date_address_to"", ""type"": ""nominal""}, ""y"": {""field"": ""AVG_monthly_rental_"", ""type"": ""quantitative""}, ""color"": {""field"": ""classify"", ""type"": ""nominal""}}}"
,196,"What’s the distribution of date_address_from and its amount, grouped by other_details and binned by year?",,,,,,,,0,1,1,0,,,,,Stacked Bar,Extra Hard,behavior_monitoring,"{""$schema"": ""https://vega.github.io/schema/vega-lite/v6.json"", ""description"": ""Vega-Lite chart for key 196"", ""data"": {""values"": [{""classify"": ""apartment"", ""date_address_from"": ""2017"", ""COUNT_date_address_from_"": 5}, {""classify"": ""apartment"", ""date_address_from"": ""2018"", ""COUNT_date_address_from_"": 2}, {""classify"": ""house"", ""date_address_from"": ""2017"", ""COUNT_date_address_from_"": 9}, {""classify"": ""house"", ""date_address_from"": ""2018"", ""COUNT_date_address_from_"": 4}]}, ""mark"": ""bar"", ""encoding"": {""x"": {""field"": ""date_address_from"", ""type"": ""nominal""}, ""y"": {""field"": ""COUNT_date_address_from_"", ""type"": ""quantitative""}, ""color"": {""field"": ""classify"", ""type"": ""nominal""}}}"
,211,"What’s the average monthly rental for each other_details group, broken down by the weekday of date_address_to?",,,,,,,,1,1,1,1,,,,,Stacked Bar,Extra Hard,behavior_monitoring,"{""$schema"": ""https://vega.github.io/schema/vega-lite/v6.json"", ""description"": ""Vega-Lite chart for key 211"", ""data"": {""values"": [{""classify"": ""apartment"", ""date_address_to"": ""Mon"", ""AVG_monthly_rental_"": 1165.3926}, {""classify"": ""apartment"", ""date_address_to"": ""Tue"", ""AVG_monthly_rental_"": 0}, {""classify"": ""apartment"", ""date_address_to"": ""Wed"", ""AVG_monthly_rental_"": 1022.05295}, {""classify"": ""apartment"", ""date_address_to"": ""Thur"", ""AVG_monthly_rental_"": 1032.8717}, {""classify"": ""apartment"", ""date_address_to"": ""Fri"", ""AVG_monthly_rental_"": 0}, {""classify"": ""apartment"", ""date_address_to"": ""Sat"", ""AVG_monthly_rental_"": 0}, {""classify"": ""apartment"", ""date_address_to"": ""Sun"", ""AVG_monthly_rental_"": 971.1246}, {""classify"": ""house"", ""date_address_to"": ""Mon"", ""AVG_monthly_rental_"": 679.2988}, {""classify"": ""house"", ""date_address_to"": ""Tue"", ""AVG_monthly_rental_"": 945.071}, {""classify"": ""house"", ""date_address_to"": ""Wed"", ""AVG_monthly_rental_"": 865.2615}, {""classify"": ""house"", ""date_address_to"": ""Thur"", ""AVG_monthly_rental_"": 947.1351}, {""classify"": ""house"", ""date_address_to"": ""Fri"", ""AVG_monthly_rental_"": 1003.5977}, {""classify"": ""house"", ""date_address_to"": ""Sat"", ""AVG_monthly_rental_"": 0}, {""classify"": ""house"", ""date_address_to"": ""Sun"", ""AVG_monthly_rental_"": 798.1925}]}, ""mark"": ""bar"", ""encoding"": {""x"": {""field"": ""date_address_to"", ""type"": ""nominal""}, ""y"": {""field"": ""AVG_monthly_rental_"", ""type"": ""quantitative""}, ""color"": {""field"": ""classify"", ""type"": ""nominal""}}}"
,2755@x_name@DESC,"Could you show a  chart of ship nationalities—total counts per nationality, broken down by ship type?",,,,,,,,1,1,1,1,,,,,Stacked Bar,Hard,ship_mission,"{""$schema"": ""https://vega.github.io/schema/vega-lite/v6.json"", ""description"": ""Vega-Lite chart for key 2755@x_name@DESC"", ""data"": {""values"": [{""classify"": ""Battle ship"", ""Nationality"": ""United States"", ""COUNT_Nationality_"": 1}, {""classify"": ""Battle ship"", ""Nationality"": ""United Kingdom"", ""COUNT_Nationality_"": 2}, {""classify"": ""Cargo ship"", ""Nationality"": ""United States"", ""COUNT_Nationality_"": 2}, {""classify"": ""Cargo ship"", ""Nationality"": ""United Kingdom"", ""COUNT_Nationality_"": 3}]}, ""mark"": ""bar"", ""encoding"": {""x"": {""field"": ""Nationality"", ""type"": ""nominal""}, ""y"": {""field"": ""COUNT_Nationality_"", ""type"": ""quantitative""}, ""color"": {""field"": ""classify"", ""type"": ""nominal""}}}"
,3227,"For wines priced over 100, group them by grape, count how many there are each year.",,,,,,,,1,1,1,1,,,,,Stacked Bar,Extra Hard,wine_1,"{""$schema"": ""https://vega.github.io/schema/vega-lite/v6.json"", ""description"": ""Vega-Lite chart for key 3227"", ""data"": {""values"": [{""classify"": ""Cabernet Sauvingnon"", ""Year"": ""2006"", ""COUNT_Year_"": 4}, {""classify"": ""Cabernet Sauvingnon"", ""Year"": ""2007"", ""COUNT_Year_"": 11}, {""classify"": ""Cabernet Sauvingnon"", ""Year"": ""2008"", ""COUNT_Year_"": 2}, {""classify"": ""Grenache"", ""Year"": ""2006"", ""COUNT_Year_"": 1}, {""classify"": ""Grenache"", ""Year"": ""2007"", ""COUNT_Year_"": 1}, {""classify"": ""Grenache"", ""Year"": ""2008"", ""COUNT_Year_"": 0}, {""classify"": ""Syrah"", ""Year"": ""2006"", ""COUNT_Year_"": 1}, {""classify"": ""Syrah"", ""Year"": ""2007"", ""COUNT_Year_"": 1}, {""classify"": ""Syrah"", ""Year"": ""2008"", ""COUNT_Year_"": 0}]}, ""mark"": ""bar"", ""encoding"": {""x"": {""field"": ""Year"", ""type"": ""nominal""}, ""y"": {""field"": ""COUNT_Year_"", ""type"": ""quantitative""}, ""color"": {""field"": ""classify"", ""type"": ""nominal""}}}"
,4004,How many students in each major are allergic to the various types of allergens?,,,,,,,,1,1,1,1,,,,,Stacked Bar,Hard,allergy_1,"{""$schema"": ""https://vega.github.io/schema/vega-lite/v6.json"", ""description"": ""Vega-Lite chart for key 4004"", ""data"": {""values"": [{""classify"": ""food"", ""Major"": 100, ""count_StuID_"": 1}, {""classify"": ""food"", ""Major"": 520, ""count_StuID_"": 1}, {""classify"": ""food"", ""Major"": 540, ""count_StuID_"": 1}, {""classify"": ""food"", ""Major"": 550, ""count_StuID_"": 1}, {""classify"": ""food"", ""Major"": 600, ""count_StuID_"": 10}, {""classify"": ""environmental"", ""Major"": 100, ""count_StuID_"": 0}, {""classify"": ""environmental"", ""Major"": 520, ""count_StuID_"": 5}, {""classify"": ""environmental"", ""Major"": 540, ""count_StuID_"": 1}, {""classify"": ""environmental"", ""Major"": 550, ""count_StuID_"": 2}, {""classify"": ""environmental"", ""Major"": 600, ""count_StuID_"": 9}, {""classify"": ""animal"", ""Major"": 100, ""count_StuID_"": 0}, {""classify"": ""animal"", ""Major"": 520, ""count_StuID_"": 1}, {""classify"": ""animal"", ""Major"": 540, ""count_StuID_"": 0}, {""classify"": ""animal"", ""Major"": 550, ""count_StuID_"": 0}, {""classify"": ""animal"", ""Major"": 600, ""count_StuID_"": 4}]}, ""mark"": ""bar"", ""encoding"": {""x"": {""field"": ""Major"", ""type"": ""quantitative""}, ""y"": {""field"": ""count_StuID_"", ""type"": ""quantitative""}, ""color"": {""field"": ""classify"", ""type"": ""nominal""}}}"
,4010,"How many car makers are there in each continent, broken down by country?",,,,,,,,1,0,1,1,,,,,Stacked Bar,Hard,car_1,"{""$schema"": ""https://vega.github.io/schema/vega-lite/v6.json"", ""description"": ""Vega-Lite chart for key 4010"", ""data"": {""values"": [{""classify"": ""france"", ""Continent"": ""america"", ""count_id_"": 0}, {""classify"": ""france"", ""Continent"": ""asia"", ""count_id_"": 0}, {""classify"": ""france"", ""Continent"": ""europe"", ""count_id_"": 3}, {""classify"": ""germany"", ""Continent"": ""america"", ""count_id_"": 0}, {""classify"": ""germany"", ""Continent"": ""asia"", ""count_id_"": 0}, {""classify"": ""germany"", ""Continent"": ""europe"", ""count_id_"": 4}, {""classify"": ""italy"", ""Continent"": ""america"", ""count_id_"": 0}, {""classify"": ""italy"", ""Continent"": ""asia"", ""count_id_"": 0}, {""classify"": ""italy"", ""Continent"": ""europe"", ""count_id_"": 1}, {""classify"": ""japan"", ""Continent"": ""america"", ""count_id_"": 0}, {""classify"": ""japan"", ""Continent"": ""asia"", ""count_id_"": 5}, {""classify"": ""japan"", ""Continent"": ""europe"", ""count_id_"": 0}, {""classify"": ""korea"", ""Continent"": ""america"", ""count_id_"": 0}, {""classify"": ""korea"", ""Continent"": ""asia"", ""count_id_"": 2}, {""classify"": ""korea"", ""Continent"": ""europe"", ""count_id_"": 0}, {""classify"": ""sweden"", ""Continent"": ""america"", ""count_id_"": 0}, {""classify"": ""sweden"", ""Continent"": ""asia"", ""count_id_"": 0}, {""classify"": ""sweden"", ""Continent"": ""europe"", ""count_id_"": 2}, {""classify"": ""uk"", ""Continent"": ""america"", ""count_id_"": 0}, {""classify"": ""uk"", ""Continent"": ""asia"", ""count_id_"": 0}, {""classify"": ""uk"", ""Continent"": ""europe"", ""count_id_"": 1}, {""classify"": ""usa"", ""Continent"": ""america"", ""count_id_"": 4}, {""classify"": ""usa"", ""Continent"": ""asia"", ""count_id_"": 0}, {""classify"": ""usa"", ""Continent"": ""europe"", ""count_id_"": 0}]}, ""mark"": ""bar"", ""encoding"": {""x"": {""field"": ""Continent"", ""type"": ""nominal""}, ""y"": {""field"": ""count_id_"", ""type"": ""quantitative""}, ""color"": {""field"": ""classify"", ""type"": ""nominal""}}}"
,4011,"What’s the average acceleration of cars for each cylinder count, broken down by country?",,,,,,,,1,1,1,1,,,,,Stacked Bar,Extra Hard,car_1,"{""$schema"": ""https://vega.github.io/schema/vega-lite/v6.json"", ""description"": ""Vega-Lite chart for key 4011"", ""data"": {""values"": [{""classify"": ""france"", ""Cylinders"": ""3"", ""avg_a_Accelerate_"": 0}, {""classify"": ""france"", ""Cylinders"": ""4"", ""avg_a_Accelerate_"": 18.700000000000003}, {""classify"": ""france"", ""Cylinders"": ""5"", ""avg_a_Accelerate_"": 0}, {""classify"": ""france"", ""Cylinders"": ""6"", ""avg_a_Accelerate_"": 15.8}, {""classify"": ""france"", ""Cylinders"": ""8"", ""avg_a_Accelerate_"": 0}, {""classify"": ""germany"", ""Cylinders"": ""3"", ""avg_a_Accelerate_"": 0}, {""classify"": ""germany"", ""Cylinders"": ""4"", ""avg_a_Accelerate_"": 16.805882352941175}, {""classify"": ""germany"", ""Cylinders"": ""5"", ""avg_a_Accelerate_"": 18.633333333333333}, {""classify"": ""germany"", ""Cylinders"": ""6"", ""avg_a_Accelerate_"": 16.7}, {""classify"": ""germany"", ""Cylinders"": ""8"", ""avg_a_Accelerate_"": 0}, {""classify"": ""italy"", ""Cylinders"": ""3"", ""avg_a_Accelerate_"": 0}, {""classify"": ""italy"", ""Cylinders"": ""4"", ""avg_a_Accelerate_"": 15.65}, {""classify"": ""italy"", ""Cylinders"": ""5"", ""avg_a_Accelerate_"": 0}, {""classify"": ""italy"", ""Cylinders"": ""6"", ""avg_a_Accelerate_"": 0}, {""classify"": ""italy"", ""Cylinders"": ""8"", ""avg_a_Accelerate_"": 0}, {""classify"": ""japan"", ""Cylinders"": ""3"", ""avg_a_Accelerate_"": 13.25}, {""classify"": ""japan"", ""Cylinders"": ""4"", ""avg_a_Accelerate_"": 16.569565217391304}, {""classify"": ""japan"", ""Cylinders"": ""5"", ""avg_a_Accelerate_"": 0}, {""classify"": ""japan"", ""Cylinders"": ""6"", ""avg_a_Accelerate_"": 13.549999999999999}, {""classify"": ""japan"", ""Cylinders"": ""8"", ""avg_a_Accelerate_"": 0}, {""classify"": ""sweden"", ""Cylinders"": ""3"", ""avg_a_Accelerate_"": 0}, {""classify"": ""sweden"", ""Cylinders"": ""4"", ""avg_a_Accelerate_"": 15.144444444444446}, {""classify"": ""sweden"", ""Cylinders"": ""5"", ""avg_a_Accelerate_"": 0}, {""classify"": ""sweden"", ""Cylinders"": ""6"", ""avg_a_Accelerate_"": 16.6}, {""classify"": ""sweden"", ""Cylinders"": ""8"", ""avg_a_Accelerate_"": 0}, {""classify"": ""uk"", ""Cylinders"": ""3"", ""avg_a_Accelerate_"": 0}, {""classify"": ""uk"", ""Cylinders"": ""4"", ""avg_a_Accelerate_"": 15.1}, {""classify"": ""uk"", ""Cylinders"": ""5"", ""avg_a_Accelerate_"": 0}, {""classify"": ""uk"", ""Cylinders"": ""6"", ""avg_a_Accelerate_"": 0}, {""classify"": ""uk"", ""Cylinders"": ""8"", ""avg_a_Accelerate_"": 0}, {""classify"": ""usa"", ""Cylinders"": ""3"", ""avg_a_Accelerate_"": 0}, {""classify"": ""usa"", ""Cylinders"": ""4"", ""avg_a_Accelerate_"": 16.52638888888889}, {""classify"": ""usa"", ""Cylinders"": ""5"", ""avg_a_Accelerate_"": 0}, {""classify"": ""usa"", ""Cylinders"": ""6"", ""avg_a_Accelerate_"": 16.474324324324325}, {""classify"": ""usa"", ""Cylinders"": ""8"", ""avg_a_Accelerate_"": 12.784112149532717}]}, ""mark"": ""bar"", ""encoding"": {""x"": {""field"": ""Cylinders"", ""type"": ""nominal""}, ""y"": {""field"": ""avg_a_Accelerate_"", ""type"": ""quantitative""}, ""color"": {""field"": ""classify"", ""type"": ""nominal""}}}"
,4017,"How many buildings at least 100 meters tall are there in Mexico City and Monterrey, broken down by their status?",,,,,,,,1,1,1,1,,,,,Stacked Bar,Medium,company_office,"{""$schema"": ""https://vega.github.io/schema/vega-lite/v6.json"", ""description"": ""Vega-Lite chart for key 4017"", ""data"": {""values"": [{""classify"": ""on-hold"", ""City"": ""Mexico City"", ""count_"": 4}, {""classify"": ""on-hold"", ""City"": ""Monterrey"", ""count_"": 0}, {""classify"": ""proposed"", ""City"": ""Mexico City"", ""count_"": 1}, {""classify"": ""proposed"", ""City"": ""Monterrey"", ""count_"": 0}, {""classify"": ""under construction"", ""City"": ""Mexico City"", ""count_"": 4}, {""classify"": ""under construction"", ""City"": ""Monterrey"", ""count_"": 1}]}, ""mark"": ""bar"", ""encoding"": {""x"": {""field"": ""City"", ""type"": ""nominal""}, ""y"": {""field"": ""count_"", ""type"": ""quantitative""}, ""color"": {""field"": ""classify"", ""type"": ""nominal""}}}"
,4018,"How many complaints does each product category have, and how are those complaints spread across the various statuses?",,,,,,,,1,1,1,1,,,,,Stacked Bar,Medium,customer_complaints,"{""$schema"": ""https://vega.github.io/schema/vega-lite/v6.json"", ""description"": ""Vega-Lite chart for key 4018"", ""data"": {""values"": [{""classify"": ""New"", ""product_category_code"": ""Book"", ""count_"": 2}, {""classify"": ""New"", ""product_category_code"": ""Food"", ""count_"": 3}, {""classify"": ""New"", ""product_category_code"": ""Hardware"", ""count_"": 1}, {""classify"": ""Open"", ""product_category_code"": ""Book"", ""count_"": 2}, {""classify"": ""Open"", ""product_category_code"": ""Food"", ""count_"": 2}, {""classify"": ""Open"", ""product_category_code"": ""Hardware"", ""count_"": 0}, {""classify"": ""Closed"", ""product_category_code"": ""Book"", ""count_"": 0}, {""classify"": ""Closed"", ""product_category_code"": ""Food"", ""count_"": 1}, {""classify"": ""Closed"", ""product_category_code"": ""Hardware"", ""count_"": 1}]}, ""mark"": ""bar"", ""encoding"": {""x"": {""field"": ""product_category_code"", ""type"": ""nominal""}, ""y"": {""field"": ""count_"", ""type"": ""quantitative""}, ""color"": {""field"": ""classify"", ""type"": ""nominal""}}}"
,4020,How do the delivered and cancelled order quantities compare for each product?,,,,,,,,1,1,1,1,,,,,Stacked Bar,Medium,customer_deliveries,"{""$schema"": ""https://vega.github.io/schema/vega-lite/v6.json"", ""description"": ""Vega-Lite chart for key 4020"", ""data"": {""values"": [{""classify"": ""Delivered"", ""product_details"": ""Americano"", ""sum_a_order_quantity_"": 9}, {""classify"": ""Delivered"", ""product_details"": ""Dove Chocolate"", ""sum_a_order_quantity_"": 9}, {""classify"": ""Delivered"", ""product_details"": ""Latte"", ""sum_a_order_quantity_"": 0}, {""classify"": ""Cancelled"", ""product_details"": ""Americano"", ""sum_a_order_quantity_"": 12}, {""classify"": ""Cancelled"", ""product_details"": ""Dove Chocolate"", ""sum_a_order_quantity_"": 43}, {""classify"": ""Cancelled"", ""product_details"": ""Latte"", ""sum_a_order_quantity_"": 22}]}, ""mark"": ""bar"", ""encoding"": {""x"": {""field"": ""product_details"", ""type"": ""nominal""}, ""y"": {""field"": ""sum_a_order_quantity_"", ""type"": ""quantitative""}, ""color"": {""field"": ""classify"", ""type"": ""nominal""}}}"
,4022,"What’s the total payment amount for each method, and how are those payments split across the different customer statuses?",,,,,,,,0,1,0,0,1,,,,Stacked Bar,Medium,driving_school,"{""$schema"": ""https://vega.github.io/schema/vega-lite/v6.json"", ""description"": ""Vega-Lite chart for key 4022"", ""data"": {""values"": [{""classify"": ""Bad Customer"", ""payment_method_code"": ""Credit Card"", ""sum_amount_payment_"": 9414.74}, {""classify"": ""Bad Customer"", ""payment_method_code"": ""Direct Debit"", ""sum_amount_payment_"": 31331.060000000005}, {""classify"": ""Good Customer"", ""payment_method_code"": ""Credit Card"", ""sum_amount_payment_"": 18272.42}, {""classify"": ""Good Customer"", ""payment_method_code"": ""Direct Debit"", ""sum_amount_payment_"": 30000.15}]}, ""mark"": ""bar"", ""encoding"": {""x"": {""field"": ""payment_method_code"", ""type"": ""nominal""}, ""y"": {""field"": ""sum_amount_payment_"", ""type"": ""quantitative""}, ""color"": {""field"": ""classify"", ""type"": ""nominal""}}}"
,4025,"What are the total sales for companies with a market value over 160, broken down by industry and headquarters?",,,,,,,,1,0,0,1,,,,,Stacked Bar,Medium,gas_company,"{""$schema"": ""https://vega.github.io/schema/vega-lite/v6.json"", ""description"": ""Vega-Lite chart for key 4025"", ""data"": {""values"": [{""classify"": ""Banking"", ""Sales_billion"": ""China"", ""Profits_billion"": 82.6}, {""classify"": ""Banking"", ""Sales_billion"": ""UK"", ""Profits_billion"": 102.0}, {""classify"": ""Banking"", ""Sales_billion"": ""Netherlands"", ""Profits_billion"": 0}, {""classify"": ""Banking"", ""Sales_billion"": ""USA"", ""Profits_billion"": 87.6}, {""classify"": ""Banking"", ""Sales_billion"": ""Brazil"", ""Profits_billion"": 0}, {""classify"": ""Conglomerate"", ""Sales_billion"": ""China"", ""Profits_billion"": 0}, {""classify"": ""Conglomerate"", ""Sales_billion"": ""UK"", ""Profits_billion"": 0}, {""classify"": ""Conglomerate"", ""Sales_billion"": ""Netherlands"", ""Profits_billion"": 0}, {""classify"": ""Conglomerate"", ""Sales_billion"": ""USA"", ""Profits_billion"": 291.0}, {""classify"": ""Conglomerate"", ""Sales_billion"": ""Brazil"", ""Profits_billion"": 0}, {""classify"": ""Oil and gas"", ""Sales_billion"": ""China"", ""Profits_billion"": 310.1}, {""classify"": ""Oil and gas"", ""Sales_billion"": ""UK"", ""Profits_billion"": 0}, {""classify"": ""Oil and gas"", ""Sales_billion"": ""Netherlands"", ""Profits_billion"": 470.2}, {""classify"": ""Oil and gas"", ""Sales_billion"": ""USA"", ""Profits_billion"": 433.5}, {""classify"": ""Oil and gas"", ""Sales_billion"": ""Brazil"", ""Profits_billion"": 145.9}]}, ""mark"": ""point"", ""encoding"": {""x"": {""field"": ""Sales_billion"", ""type"": ""nominal""}, ""y"": {""field"": ""Profits_billion"", ""type"": ""quantitative""}, ""color"": {""field"": ""classify"", ""type"": ""nominal""}}}"
,4028,"What’s the distribution of ships built in each year, broken down by class?",,,,,,,,1,1,1,1,,,,,Stacked Bar,Easy,ship_1,"{""$schema"": ""https://vega.github.io/schema/vega-lite/v6.json"", ""description"": ""Vega-Lite chart for key 4028"", ""data"": {""values"": [{""classify"": ""GL"", ""Built_Year"": 1997, ""count_"": 0}, {""classify"": ""GL"", ""Built_Year"": 1998, ""count_"": 1}, {""classify"": ""KR"", ""Built_Year"": 1997, ""count_"": 5}, {""classify"": ""KR"", ""Built_Year"": 1998, ""count_"": 3}]}, ""mark"": ""bar"", ""encoding"": {""x"": {""field"": ""Built_Year"", ""type"": ""quantitative""}, ""y"": {""field"": ""count_"", ""type"": ""quantitative""}, ""color"": {""field"": ""classify"", ""type"": ""nominal""}}}"
,522@y_name@DESC,"Could you show a chart of how many courses each instructor (by first name) taught, grouped by course code?",,,,,,,,1,1,1,1,,,,,Stacked Bar,Extra Hard,college_1,"{""$schema"": ""https://vega.github.io/schema/vega-lite/v6.json"", ""description"": ""Vega-Lite chart for key 522@y_name@DESC"", ""data"": {""values"": [{""classify"": ""ACCT-211"", ""EMP_FNAME"": ""Peter"", ""COUNT_EMP_FNAME_"": 0}, {""classify"": ""ACCT-211"", ""EMP_FNAME"": ""Gerald"", ""COUNT_EMP_FNAME_"": 0}, {""classify"": ""ACCT-211"", ""EMP_FNAME"": ""Ismael"", ""COUNT_EMP_FNAME_"": 0}, {""classify"": ""ACCT-211"", ""EMP_FNAME"": ""Carlos"", ""COUNT_EMP_FNAME_"": 0}, {""classify"": ""ACCT-211"", ""EMP_FNAME"": ""Arnelle"", ""COUNT_EMP_FNAME_"": 2}, {""classify"": ""ACCT-211"", ""EMP_FNAME"": ""Robert"", ""COUNT_EMP_FNAME_"": 1}, {""classify"": ""ACCT-212"", ""EMP_FNAME"": ""Peter"", ""COUNT_EMP_FNAME_"": 0}, {""classify"": ""ACCT-212"", ""EMP_FNAME"": ""Gerald"", ""COUNT_EMP_FNAME_"": 0}, {""classify"": ""ACCT-212"", ""EMP_FNAME"": ""Ismael"", ""COUNT_EMP_FNAME_"": 2}, {""classify"": ""ACCT-212"", ""EMP_FNAME"": ""Carlos"", ""COUNT_EMP_FNAME_"": 0}, {""classify"": ""ACCT-212"", ""EMP_FNAME"": ""Arnelle"", ""COUNT_EMP_FNAME_"": 0}, {""classify"": ""ACCT-212"", ""EMP_FNAME"": ""Robert"", ""COUNT_EMP_FNAME_"": 0}, {""classify"": ""CIS-220"", ""EMP_FNAME"": ""Peter"", ""COUNT_EMP_FNAME_"": 0}, {""classify"": ""CIS-220"", ""EMP_FNAME"": ""Gerald"", ""COUNT_EMP_FNAME_"": 1}, {""classify"": ""CIS-220"", ""EMP_FNAME"": ""Ismael"", ""COUNT_EMP_FNAME_"": 0}, {""classify"": ""CIS-220"", ""EMP_FNAME"": ""Carlos"", ""COUNT_EMP_FNAME_"": 2}, {""classify"": ""CIS-220"", ""EMP_FNAME"": ""Arnelle"", ""COUNT_EMP_FNAME_"": 0}, {""classify"": ""CIS-220"", ""EMP_FNAME"": ""Robert"", ""COUNT_EMP_FNAME_"": 0}, {""classify"": ""CIS-420"", ""EMP_FNAME"": ""Peter"", ""COUNT_EMP_FNAME_"": 1}, {""classify"": ""CIS-420"", ""EMP_FNAME"": ""Gerald"", ""COUNT_EMP_FNAME_"": 0}, {""classify"": ""CIS-420"", ""EMP_FNAME"": ""Ismael"", ""COUNT_EMP_FNAME_"": 0}, {""classify"": ""CIS-420"", ""EMP_FNAME"": ""Carlos"", ""COUNT_EMP_FNAME_"": 0}, {""classify"": ""CIS-420"", ""EMP_FNAME"": ""Arnelle"", ""COUNT_EMP_FNAME_"": 0}, {""classify"": ""CIS-420"", ""EMP_FNAME"": ""Robert"", ""COUNT_EMP_FNAME_"": 0}, {""classify"": ""QM-261"", ""EMP_FNAME"": ""Peter"", ""COUNT_EMP_FNAME_"": 0}, {""classify"": ""QM-261"", ""EMP_FNAME"": ""Gerald"", ""COUNT_EMP_FNAME_"": 2}, {""classify"": ""QM-261"", ""EMP_FNAME"": ""Ismael"", ""COUNT_EMP_FNAME_"": 0}, {""classify"": ""QM-261"", ""EMP_FNAME"": ""Carlos"", ""COUNT_EMP_FNAME_"": 0}, {""classify"": ""QM-261"", ""EMP_FNAME"": ""Arnelle"", ""COUNT_EMP_FNAME_"": 0}, {""classify"": ""QM-261"", ""EMP_FNAME"": ""Robert"", ""COUNT_EMP_FNAME_"": 0}, {""classify"": ""QM-362"", ""EMP_FNAME"": ""Peter"", ""COUNT_EMP_FNAME_"": 2}, {""classify"": ""QM-362"", ""EMP_FNAME"": ""Gerald"", ""COUNT_EMP_FNAME_"": 0}, {""classify"": ""QM-362"", ""EMP_FNAME"": ""Ismael"", ""COUNT_EMP_FNAME_"": 0}, {""classify"": ""QM-362"", ""EMP_FNAME"": ""Carlos"", ""COUNT_EMP_FNAME_"": 0}, {""classify"": ""QM-362"", ""EMP_FNAME"": ""Arnelle"", ""COUNT_EMP_FNAME_"": 0}, {""classify"": ""QM-362"", ""EMP_FNAME"": ""Robert"", ""COUNT_EMP_FNAME_"": 0}]}, ""mark"": ""bar"", ""encoding"": {""x"": {""field"": ""EMP_FNAME"", ""type"": ""nominal""}, ""y"": {""field"": ""COUNT_EMP_FNAME_"", ""type"": ""quantitative""}, ""color"": {""field"": ""classify"", ""type"": ""nominal""}}}"
,558@x_name@ASC,"How many courses does each instructor teach, broken down by course description and ordered alphabetically by the instructors’ first names?",,,,,,,,1,1,1,1,,,,,Stacked Bar,Extra Hard,college_1,"{""$schema"": ""https://vega.github.io/schema/vega-lite/v6.json"", ""description"": ""Vega-Lite chart for key 558@x_name@ASC"", ""data"": {""values"": [{""classify"": ""Accounting I"", ""EMP_FNAME"": ""Arnelle"", ""COUNT_EMP_FNAME_"": 2}, {""classify"": ""Accounting I"", ""EMP_FNAME"": ""Carlos"", ""COUNT_EMP_FNAME_"": 0}, {""classify"": ""Accounting I"", ""EMP_FNAME"": ""Gerald"", ""COUNT_EMP_FNAME_"": 0}, {""classify"": ""Accounting I"", ""EMP_FNAME"": ""Ismael"", ""COUNT_EMP_FNAME_"": 0}, {""classify"": ""Accounting I"", ""EMP_FNAME"": ""Peter"", ""COUNT_EMP_FNAME_"": 0}, {""classify"": ""Accounting I"", ""EMP_FNAME"": ""Robert"", ""COUNT_EMP_FNAME_"": 1}, {""classify"": ""Accounting II"", ""EMP_FNAME"": ""Arnelle"", ""COUNT_EMP_FNAME_"": 0}, {""classify"": ""Accounting II"", ""EMP_FNAME"": ""Carlos"", ""COUNT_EMP_FNAME_"": 0}, {""classify"": ""Accounting II"", ""EMP_FNAME"": ""Gerald"", ""COUNT_EMP_FNAME_"": 0}, {""classify"": ""Accounting II"", ""EMP_FNAME"": ""Ismael"", ""COUNT_EMP_FNAME_"": 2}, {""classify"": ""Accounting II"", ""EMP_FNAME"": ""Peter"", ""COUNT_EMP_FNAME_"": 0}, {""classify"": ""Accounting II"", ""EMP_FNAME"": ""Robert"", ""COUNT_EMP_FNAME_"": 0}, {""classify"": ""Database Design and Implementation"", ""EMP_FNAME"": ""Arnelle"", ""COUNT_EMP_FNAME_"": 0}, {""classify"": ""Database Design and Implementation"", ""EMP_FNAME"": ""Carlos"", ""COUNT_EMP_FNAME_"": 0}, {""classify"": ""Database Design and Implementation"", ""EMP_FNAME"": ""Gerald"", ""COUNT_EMP_FNAME_"": 0}, {""classify"": ""Database Design and Implementation"", ""EMP_FNAME"": ""Ismael"", ""COUNT_EMP_FNAME_"": 0}, {""classify"": ""Database Design and Implementation"", ""EMP_FNAME"": ""Peter"", ""COUNT_EMP_FNAME_"": 1}, {""classify"": ""Database Design and Implementation"", ""EMP_FNAME"": ""Robert"", ""COUNT_EMP_FNAME_"": 0}, {""classify"": ""Intro. to Microcomputing"", ""EMP_FNAME"": ""Arnelle"", ""COUNT_EMP_FNAME_"": 0}, {""classify"": ""Intro. to Microcomputing"", ""EMP_FNAME"": ""Carlos"", ""COUNT_EMP_FNAME_"": 2}, {""classify"": ""Intro. to Microcomputing"", ""EMP_FNAME"": ""Gerald"", ""COUNT_EMP_FNAME_"": 1}, {""classify"": ""Intro. to Microcomputing"", ""EMP_FNAME"": ""Ismael"", ""COUNT_EMP_FNAME_"": 0}, {""classify"": ""Intro. to Microcomputing"", ""EMP_FNAME"": ""Peter"", ""COUNT_EMP_FNAME_"": 0}, {""classify"": ""Intro. to Microcomputing"", ""EMP_FNAME"": ""Robert"", ""COUNT_EMP_FNAME_"": 0}, {""classify"": ""Intro. to Statistics"", ""EMP_FNAME"": ""Arnelle"", ""COUNT_EMP_FNAME_"": 0}, {""classify"": ""Intro. to Statistics"", ""EMP_FNAME"": ""Carlos"", ""COUNT_EMP_FNAME_"": 0}, {""classify"": ""Intro. to Statistics"", ""EMP_FNAME"": ""Gerald"", ""COUNT_EMP_FNAME_"": 2}, {""classify"": ""Intro. to Statistics"", ""EMP_FNAME"": ""Ismael"", ""COUNT_EMP_FNAME_"": 0}, {""classify"": ""Intro. to Statistics"", ""EMP_FNAME"": ""Peter"", ""COUNT_EMP_FNAME_"": 0}, {""classify"": ""Intro. to Statistics"", ""EMP_FNAME"": ""Robert"", ""COUNT_EMP_FNAME_"": 0}, {""classify"": ""Statistical Applications"", ""EMP_FNAME"": ""Arnelle"", ""COUNT_EMP_FNAME_"": 0}, {""classify"": ""Statistical Applications"", ""EMP_FNAME"": ""Carlos"", ""COUNT_EMP_FNAME_"": 0}, {""classify"": ""Statistical Applications"", ""EMP_FNAME"": ""Gerald"", ""COUNT_EMP_FNAME_"": 0}, {""classify"": ""Statistical Applications"", ""EMP_FNAME"": ""Ismael"", ""COUNT_EMP_FNAME_"": 0}, {""classify"": ""Statistical Applications"", ""EMP_FNAME"": ""Peter"", ""COUNT_EMP_FNAME_"": 2}, {""classify"": ""Statistical Applications"", ""EMP_FNAME"": ""Robert"", ""COUNT_EMP_FNAME_"": 0}]}, ""mark"": ""bar"", ""encoding"": {""x"": {""field"": ""EMP_FNAME"", ""type"": ""nominal""}, ""y"": {""field"": ""COUNT_EMP_FNAME_"", ""type"": ""quantitative""}, ""color"": {""field"": ""classify"", ""type"": ""nominal""}}}"
,582,"What’s the count of courses each instructor taught, broken down by course description?",,,,,,,,1,1,1,1,,,,,Stacked Bar,Hard,college_1,"{""$schema"": ""https://vega.github.io/schema/vega-lite/v6.json"", ""description"": ""Vega-Lite chart for key 582"", ""data"": {""values"": [{""classify"": ""Accounting I"", ""EMP_FNAME"": ""Arnelle"", ""COUNT_EMP_FNAME_"": 2}, {""classify"": ""Accounting I"", ""EMP_FNAME"": ""Carlos"", ""COUNT_EMP_FNAME_"": 0}, {""classify"": ""Accounting I"", ""EMP_FNAME"": ""Gerald"", ""COUNT_EMP_FNAME_"": 0}, {""classify"": ""Accounting I"", ""EMP_FNAME"": ""Ismael"", ""COUNT_EMP_FNAME_"": 0}, {""classify"": ""Accounting I"", ""EMP_FNAME"": ""Peter"", ""COUNT_EMP_FNAME_"": 0}, {""classify"": ""Accounting I"", ""EMP_FNAME"": ""Robert"", ""COUNT_EMP_FNAME_"": 1}, {""classify"": ""Accounting II"", ""EMP_FNAME"": ""Arnelle"", ""COUNT_EMP_FNAME_"": 0}, {""classify"": ""Accounting II"", ""EMP_FNAME"": ""Carlos"", ""COUNT_EMP_FNAME_"": 0}, {""classify"": ""Accounting II"", ""EMP_FNAME"": ""Gerald"", ""COUNT_EMP_FNAME_"": 0}, {""classify"": ""Accounting II"", ""EMP_FNAME"": ""Ismael"", ""COUNT_EMP_FNAME_"": 2}, {""classify"": ""Accounting II"", ""EMP_FNAME"": ""Peter"", ""COUNT_EMP_FNAME_"": 0}, {""classify"": ""Accounting II"", ""EMP_FNAME"": ""Robert"", ""COUNT_EMP_FNAME_"": 0}, {""classify"": ""Database Design and Implementation"", ""EMP_FNAME"": ""Arnelle"", ""COUNT_EMP_FNAME_"": 0}, {""classify"": ""Database Design and Implementation"", ""EMP_FNAME"": ""Carlos"", ""COUNT_EMP_FNAME_"": 0}, {""classify"": ""Database Design and Implementation"", ""EMP_FNAME"": ""Gerald"", ""COUNT_EMP_FNAME_"": 0}, {""classify"": ""Database Design and Implementation"", ""EMP_FNAME"": ""Ismael"", ""COUNT_EMP_FNAME_"": 0}, {""classify"": ""Database Design and Implementation"", ""EMP_FNAME"": ""Peter"", ""COUNT_EMP_FNAME_"": 1}, {""classify"": ""Database Design and Implementation"", ""EMP_FNAME"": ""Robert"", ""COUNT_EMP_FNAME_"": 0}, {""classify"": ""Intro. to Microcomputing"", ""EMP_FNAME"": ""Arnelle"", ""COUNT_EMP_FNAME_"": 0}, {""classify"": ""Intro. to Microcomputing"", ""EMP_FNAME"": ""Carlos"", ""COUNT_EMP_FNAME_"": 2}, {""classify"": ""Intro. to Microcomputing"", ""EMP_FNAME"": ""Gerald"", ""COUNT_EMP_FNAME_"": 1}, {""classify"": ""Intro. to Microcomputing"", ""EMP_FNAME"": ""Ismael"", ""COUNT_EMP_FNAME_"": 0}, {""classify"": ""Intro. to Microcomputing"", ""EMP_FNAME"": ""Peter"", ""COUNT_EMP_FNAME_"": 0}, {""classify"": ""Intro. to Microcomputing"", ""EMP_FNAME"": ""Robert"", ""COUNT_EMP_FNAME_"": 0}, {""classify"": ""Intro. to Statistics"", ""EMP_FNAME"": ""Arnelle"", ""COUNT_EMP_FNAME_"": 0}, {""classify"": ""Intro. to Statistics"", ""EMP_FNAME"": ""Carlos"", ""COUNT_EMP_FNAME_"": 0}, {""classify"": ""Intro. to Statistics"", ""EMP_FNAME"": ""Gerald"", ""COUNT_EMP_FNAME_"": 2}, {""classify"": ""Intro. to Statistics"", ""EMP_FNAME"": ""Ismael"", ""COUNT_EMP_FNAME_"": 0}, {""classify"": ""Intro. to Statistics"", ""EMP_FNAME"": ""Peter"", ""COUNT_EMP_FNAME_"": 0}, {""classify"": ""Intro. to Statistics"", ""EMP_FNAME"": ""Robert"", ""COUNT_EMP_FNAME_"": 0}, {""classify"": ""Statistical Applications"", ""EMP_FNAME"": ""Arnelle"", ""COUNT_EMP_FNAME_"": 0}, {""classify"": ""Statistical Applications"", ""EMP_FNAME"": ""Carlos"", ""COUNT_EMP_FNAME_"": 0}, {""classify"": ""Statistical Applications"", ""EMP_FNAME"": ""Gerald"", ""COUNT_EMP_FNAME_"": 0}, {""classify"": ""Statistical Applications"", ""EMP_FNAME"": ""Ismael"", ""COUNT_EMP_FNAME_"": 0}, {""classify"": ""Statistical Applications"", ""EMP_FNAME"": ""Peter"", ""COUNT_EMP_FNAME_"": 2}, {""classify"": ""Statistical Applications"", ""EMP_FNAME"": ""Robert"", ""COUNT_EMP_FNAME_"": 0}]}, ""mark"": ""bar"", ""encoding"": {""x"": {""field"": ""EMP_FNAME"", ""type"": ""nominal""}, ""y"": {""field"": ""COUNT_EMP_FNAME_"", ""type"": ""quantitative""}, ""color"": {""field"": ""classify"", ""type"": ""nominal""}}}"
,921@y_name@DESC,What’s the count of customers for each contact channel and payment method?,,,,,,,,1,1,1,1,,,,,Stacked Bar,Hard,customers_and_addresses,"{""$schema"": ""https://vega.github.io/schema/vega-lite/v6.json"", ""description"": ""Vega-Lite chart for key 921@y_name@DESC"", ""data"": {""values"": [{""classify"": ""Cell"", ""active_from_date"": ""Cash"", ""COUNT_active_from_date_"": 1}, {""classify"": ""Cell"", ""active_from_date"": ""Cheque"", ""COUNT_active_from_date_"": 2}, {""classify"": ""Cell"", ""active_from_date"": ""Credit Card"", ""COUNT_active_from_date_"": 1}, {""classify"": ""Fax"", ""active_from_date"": ""Cash"", ""COUNT_active_from_date_"": 1}, {""classify"": ""Fax"", ""active_from_date"": ""Cheque"", ""COUNT_active_from_date_"": 0}, {""classify"": ""Fax"", ""active_from_date"": ""Credit Card"", ""COUNT_active_from_date_"": 1}, {""classify"": ""Handheld"", ""active_from_date"": ""Cash"", ""COUNT_active_from_date_"": 2}, {""classify"": ""Handheld"", ""active_from_date"": ""Cheque"", ""COUNT_active_from_date_"": 4}, {""classify"": ""Handheld"", ""active_from_date"": ""Credit Card"", ""COUNT_active_from_date_"": 2}, {""classify"": ""Mobile"", ""active_from_date"": ""Cash"", ""COUNT_active_from_date_"": 0}, {""classify"": ""Mobile"", ""active_from_date"": ""Cheque"", ""COUNT_active_from_date_"": 1}, {""classify"": ""Mobile"", ""active_from_date"": ""Credit Card"", ""COUNT_active_from_date_"": 0}, {""classify"": ""Email"", ""active_from_date"": ""Cash"", ""COUNT_active_from_date_"": 0}, {""classify"": ""Email"", ""active_from_date"": ""Cheque"", ""COUNT_active_from_date_"": 2}, {""classify"": ""Email"", ""active_from_date"": ""Credit Card"", ""COUNT_active_from_date_"": 0}]}, ""mark"": ""bar"", ""encoding"": {""x"": {""field"": ""active_from_date"", ""type"": ""nominal""}, ""y"": {""field"": ""COUNT_active_from_date_"", ""type"": ""quantitative""}, ""color"": {""field"": ""classify"", ""type"": ""nominal""}}}"
,,,,,,,,,,1055,1054,1048,1016,,,,,,,,
